# 3ds Max Wavefront OBJ Exporter v0.97b - (c)2007 guruware
# File Created: 09.04.2015 13:25:09

mtllib 1.mtl

#
# object Group16848
#

v  -17.8015 43.5226 -8.4655
v  -19.7069 45.5472 -9.9046
v  -16.4787 44.9477 -9.6767
v  2.2465 44.9477 -9.6767
v  5.4748 45.5472 -9.9046
v  3.5693 43.5226 -8.4655
v  -16.4787 32.9147 -9.6767
v  -19.7069 32.3152 -9.9046
v  -17.8015 34.3398 -8.4655
v  3.5693 34.3398 -8.4655
v  5.4748 32.3152 -9.9046
v  2.2465 32.9147 -9.6767
v  -16.4787 44.9477 14.7429
v  -19.7069 45.5472 14.9707
v  -17.8015 43.5226 13.5317
v  3.5693 43.5226 13.5317
v  5.4748 45.5472 14.9707
v  2.2465 44.9477 14.7429
v  -17.8015 34.3398 13.5317
v  -19.7069 32.3152 14.9707
v  -16.4787 32.9147 14.7429
v  2.2465 32.9147 14.7429
v  5.4748 32.3152 14.9707
v  3.5693 34.3398 13.5317
v  -24.6231 55.2104 -7.1779
v  -25.5455 51.1355 -11.2543
v  -25.6255 51.2460 -11.2225
v  -25.7125 56.7148 -6.7456
v  -25.7377 51.1807 -11.2456
v  -27.2401 55.8255 -7.0595
v  11.3933 51.2460 -11.2225
v  11.3133 51.1355 -11.2543
v  10.3909 55.2104 -7.1779
v  11.4803 56.7148 -6.7456
v  13.0079 55.8255 -7.0595
v  11.5055 51.1807 -11.2456
v  -25.6255 26.6164 -11.2225
v  -25.5455 26.7269 -11.2543
v  -24.6231 22.6520 -7.1779
v  -25.7125 21.1476 -6.7456
v  -27.2401 22.0369 -7.0595
v  -25.7377 26.6817 -11.2456
v  10.3909 22.6520 -7.1779
v  11.3133 26.7269 -11.2543
v  11.3933 26.6164 -11.2225
v  11.4803 21.1476 -6.7456
v  11.5055 26.6817 -11.2456
v  13.0079 22.0369 -7.0595
v  -25.6255 51.2460 16.2887
v  -25.5455 51.1355 16.3205
v  -24.6231 55.2104 12.2441
v  -25.7125 56.7148 11.8117
v  -27.2401 55.8255 12.1257
v  -25.7377 51.1807 16.3118
v  10.3909 55.2104 12.2441
v  11.3133 51.1355 16.3205
v  11.3933 51.2460 16.2887
v  11.4803 56.7148 11.8118
v  11.5055 51.1807 16.3118
v  13.0079 55.8255 12.1257
v  -24.6231 22.6520 12.2441
v  -25.5455 26.7269 16.3205
v  -25.6255 26.6164 16.2887
v  -25.7125 21.1476 11.8118
v  -25.7377 26.6817 16.3118
v  -27.2401 22.0369 12.1257
v  11.3933 26.6164 16.2887
v  11.3133 26.7269 16.3205
v  10.3909 22.6520 12.2441
v  11.4803 21.1476 11.8117
v  13.0079 22.0369 12.1257
v  11.5055 26.6817 16.3118
v  -35.3154 53.1464 -6.8808
v  -35.1909 53.1688 -6.8937
v  -35.5770 46.2427 -9.9765
v  -37.2719 45.9371 -9.8006
v  21.3448 46.2427 -9.9765
v  20.9587 53.1688 -6.8937
v  21.0832 53.1464 -6.8808
v  23.0397 45.9371 -9.8006
v  -35.5770 31.6197 -9.9765
v  -35.1909 24.6936 -6.8937
v  -35.3154 24.7160 -6.8808
v  -37.2719 31.9253 -9.8006
v  21.0832 24.7160 -6.8808
v  20.9587 24.6936 -6.8937
v  21.3448 31.6197 -9.9765
v  23.0397 31.9253 -9.8006
v  -35.5770 46.2427 15.0427
v  -35.1909 53.1688 11.9599
v  -35.3154 53.1464 11.9470
v  -37.2719 45.9371 14.8668
v  21.0832 53.1464 11.9470
v  20.9587 53.1688 11.9599
v  21.3448 46.2427 15.0427
v  23.0397 45.9371 14.8668
v  -35.3154 24.7160 11.9470
v  -35.1909 24.6936 11.9599
v  -35.5770 31.6197 15.0427
v  -37.2719 31.9253 14.8668
v  21.3448 31.6197 15.0427
v  20.9587 24.6936 11.9599
v  21.0832 24.7160 11.9470
v  23.0397 31.9253 14.8668
v  -7.1161 45.5934 -9.7608
v  -7.1161 43.4544 -8.3100
v  -10.3706 43.5722 -8.5166
v  -10.4944 45.4266 -9.7265
v  -7.1161 46.6474 -9.8737
v  -10.5469 46.4845 -9.8498
v  -10.5432 53.5054 -6.9453
v  -7.1161 53.4955 -6.9679
v  -3.8616 43.5722 -8.5166
v  -3.7377 45.4266 -9.7265
v  -3.6889 53.5054 -6.9453
v  -3.6852 46.4845 -9.8498
v  -10.3706 34.2902 -8.5166
v  -7.1161 34.4080 -8.3100
v  -7.1161 32.2690 -9.7608
v  -10.4944 32.4358 -9.7265
v  -7.1161 31.2150 -9.8737
v  -7.1161 24.3669 -6.9679
v  -10.5432 24.3570 -6.9453
v  -10.5469 31.3779 -9.8498
v  -3.8616 34.2902 -8.5166
v  -3.7377 32.4358 -9.7265
v  -3.6852 31.3779 -9.8498
v  -3.6889 24.3570 -6.9453
v  -10.3706 43.5722 13.5828
v  -7.1161 43.4544 13.3762
v  -7.1161 45.5934 14.8270
v  -10.4944 45.4266 14.7927
v  -7.1161 46.6474 14.9398
v  -7.1161 53.4955 12.0341
v  -10.5432 53.5054 12.0115
v  -10.5469 46.4845 14.9160
v  -3.8616 43.5722 13.5828
v  -3.7377 45.4266 14.7927
v  -3.6852 46.4845 14.9160
v  -3.6889 53.5054 12.0115
v  -7.1161 32.2690 14.8270
v  -7.1161 34.4080 13.3762
v  -10.3706 34.2902 13.5828
v  -10.4944 32.4358 14.7927
v  -7.1161 31.2150 14.9398
v  -10.5469 31.3779 14.9160
v  -10.5432 24.3570 12.0115
v  -7.1161 24.3669 12.0341
v  -3.8616 34.2902 13.5828
v  -3.7377 32.4358 14.7927
v  -3.6889 24.3570 12.0115
v  -3.6852 31.3779 14.9160
v  -13.9883 44.9276 -9.6622
v  -14.0219 43.5722 -8.5225
v  -14.0419 46.0094 -9.8108
v  -14.2693 53.5521 -6.8844
v  -0.2438 44.9276 -9.6622
v  -0.2103 43.5722 -8.5225
v  0.0371 53.5521 -6.8844
v  -0.1903 46.0094 -9.8108
v  -13.9883 32.9348 -9.6622
v  -14.0219 34.2902 -8.5225
v  -14.2693 24.3103 -6.8844
v  -14.0419 31.8530 -9.8108
v  -0.2438 32.9348 -9.6622
v  -0.2103 34.2902 -8.5225
v  -0.1903 31.8530 -9.8108
v  0.0371 24.3103 -6.8844
v  -13.9883 44.9276 14.7284
v  -14.0219 43.5722 13.5887
v  -14.2693 53.5521 11.9506
v  -14.0419 46.0094 14.8770
v  -0.2438 44.9276 14.7284
v  -0.2103 43.5722 13.5887
v  -0.1903 46.0094 14.8770
v  0.0371 53.5521 11.9506
v  -13.9883 32.9348 14.7284
v  -14.0219 34.2902 13.5887
v  -14.0419 31.8530 14.8770
v  -14.2693 24.3103 11.9506
v  -0.2438 32.9348 14.7284
v  -0.2103 34.2902 13.5887
v  0.0371 24.3103 11.9506
v  -0.1903 31.8530 14.8770
v  -10.1914 40.3078 -7.2711
v  -7.1161 40.2470 -7.2547
v  -14.1149 40.3508 -7.2714
v  -4.0407 40.3078 -7.2711
v  -0.1173 40.3508 -7.2714
v  -10.1914 37.5546 -7.2711
v  -7.1161 37.6154 -7.2547
v  -14.1149 37.5116 -7.2714
v  -4.0407 37.5546 -7.2711
v  -0.1173 37.5116 -7.2714
v  -10.1914 40.3078 12.3373
v  -7.1161 40.2470 12.3209
v  -14.1149 40.3508 12.3376
v  -4.0407 40.3078 12.3373
v  -0.1173 40.3508 12.3376
v  -10.1914 37.5546 12.3373
v  -7.1161 37.6154 12.3209
v  -14.1149 37.5116 12.3376
v  -4.0407 37.5546 12.3373
v  -0.1173 37.5116 12.3376
v  -17.6997 40.3395 -7.2731
v  3.4676 40.3395 -7.2731
v  -17.6997 37.5229 -7.2731
v  3.4676 37.5229 -7.2731
v  -17.6997 40.3395 12.3393
v  3.4676 40.3395 12.3393
v  -17.6997 37.5229 12.3393
v  3.4676 37.5229 12.3393
v  -16.4628 46.0230 -9.8307
v  -17.0285 53.5846 -6.8701
v  2.7964 53.5846 -6.8701
v  2.2307 46.0230 -9.8307
v  -17.0285 24.2778 -6.8701
v  -16.4628 31.8394 -9.8307
v  2.2307 31.8394 -9.8307
v  2.7964 24.2778 -6.8701
v  -17.0285 53.5846 11.9363
v  -16.4628 46.0230 14.8969
v  2.2307 46.0230 14.8969
v  2.7964 53.5846 11.9363
v  -16.4628 31.8394 14.8969
v  -17.0285 24.2778 11.9363
v  2.7964 24.2778 11.9363
v  2.2307 31.8394 14.8969
v  -21.7359 43.5482 -8.4612
v  -21.6256 46.6730 -10.3554
v  -21.6413 40.3982 -7.2750
v  -24.5786 43.5150 -8.4753
v  -24.6514 48.9510 -11.0554
v  -24.6196 40.4365 -7.2829
v  7.5038 43.5482 -8.4612
v  7.3934 46.6730 -10.3554
v  7.4091 40.3982 -7.2750
v  10.4193 48.9510 -11.0554
v  10.3465 43.5150 -8.4753
v  10.3875 40.4365 -7.2829
v  -21.7359 34.3142 -8.4612
v  -21.6256 31.1894 -10.3554
v  -21.6413 37.4642 -7.2750
v  -24.6514 28.9114 -11.0554
v  -24.5786 34.3474 -8.4753
v  -24.6196 37.4259 -7.2829
v  7.5038 34.3142 -8.4612
v  7.3934 31.1894 -10.3554
v  7.4091 37.4642 -7.2750
v  10.3465 34.3474 -8.4753
v  10.4193 28.9114 -11.0554
v  10.3875 37.4259 -7.2829
v  -21.7359 43.5482 13.5274
v  -21.6256 46.6730 15.4216
v  -21.6413 40.3982 12.3412
v  -24.6514 48.9510 16.1216
v  -24.5786 43.5150 13.5415
v  -24.6196 40.4365 12.3491
v  7.5038 43.5482 13.5274
v  7.3934 46.6730 15.4216
v  7.4091 40.3982 12.3412
v  10.3465 43.5150 13.5415
v  10.4193 48.9510 16.1216
v  10.3875 40.4365 12.3491
v  -21.7359 34.3142 13.5274
v  -21.6256 31.1894 15.4216
v  -21.6413 37.4642 12.3412
v  -24.5786 34.3474 13.5415
v  -24.6514 28.9114 16.1216
v  -24.6196 37.4259 12.3491
v  7.5038 34.3142 13.5274
v  7.3934 31.1894 15.4216
v  7.4091 37.4642 12.3412
v  10.4193 28.9114 16.1216
v  10.3465 34.3474 13.5415
v  10.3875 37.4259 12.3491
v  -21.3072 47.5837 -10.3657
v  -21.6917 53.7247 -6.9644
v  -19.7963 53.6948 -6.8647
v  -19.5046 46.5757 -10.0088
v  -24.1685 49.6902 -10.9765
v  -23.2554 53.9650 -7.1109
v  7.0750 47.5837 -10.3657
v  5.2724 46.5757 -10.0088
v  5.5641 53.6948 -6.8647
v  7.4596 53.7247 -6.9644
v  9.9363 49.6902 -10.9765
v  9.0232 53.9650 -7.1109
v  -21.3072 30.2787 -10.3657
v  -19.5046 31.2867 -10.0088
v  -19.7963 24.1676 -6.8647
v  -21.6917 24.1377 -6.9644
v  -24.1685 28.1722 -10.9765
v  -23.2554 23.8974 -7.1109
v  7.0750 30.2787 -10.3657
v  7.4596 24.1377 -6.9644
v  5.5641 24.1676 -6.8647
v  5.2724 31.2867 -10.0088
v  9.9363 28.1722 -10.9765
v  9.0232 23.8974 -7.1109
v  -21.3072 47.5837 15.4318
v  -19.5046 46.5757 15.0750
v  -19.7963 53.6948 11.9309
v  -21.6917 53.7247 12.0306
v  -24.1685 49.6902 16.0427
v  -23.2554 53.9650 12.1771
v  7.0750 47.5837 15.4318
v  7.4596 53.7247 12.0306
v  5.5641 53.6948 11.9309
v  5.2724 46.5757 15.0750
v  9.9363 49.6902 16.0427
v  9.0232 53.9650 12.1771
v  -21.3072 30.2787 15.4318
v  -21.6917 24.1377 12.0306
v  -19.7963 24.1676 11.9309
v  -19.5046 31.2867 15.0750
v  -24.1685 28.1722 16.0427
v  -23.2554 23.8974 12.1771
v  7.0750 30.2787 15.4318
v  5.2724 31.2867 15.0750
v  5.5641 24.1676 11.9309
v  7.4596 24.1377 12.0306
v  9.9363 28.1722 16.0427
v  9.0232 23.8974 12.1771
v  -26.7982 43.5473 -8.5390
v  -25.7145 50.1157 -11.2129
v  -26.7742 40.4300 -7.2821
v  11.4823 50.1157 -11.2129
v  12.5661 43.5473 -8.5390
v  12.5420 40.4300 -7.2821
v  -25.7145 27.7467 -11.2129
v  -26.7982 34.3151 -8.5390
v  -26.7742 37.4324 -7.2821
v  12.5661 34.3151 -8.5390
v  11.4823 27.7467 -11.2129
v  12.5420 37.4324 -7.2821
v  -25.7145 50.1157 16.2791
v  -26.7982 43.5473 13.6052
v  -26.7742 40.4300 12.3483
v  12.5661 43.5473 13.6052
v  11.4823 50.1157 16.2791
v  12.5420 40.4300 12.3483
v  -26.7982 34.3151 13.6052
v  -25.7145 27.7467 16.2791
v  -26.7742 37.4324 12.3483
v  11.4823 27.7467 16.2791
v  12.5661 34.3151 13.6052
v  12.5420 37.4324 12.3483
v  -28.9490 48.0612 -10.7659
v  -29.7739 43.5676 -8.5589
v  -29.2572 49.0009 -10.7265
v  -29.3026 54.9463 -6.9648
v  14.7168 48.0612 -10.7659
v  15.5417 43.5676 -8.5589
v  15.0705 54.9463 -6.9648
v  15.0250 49.0009 -10.7265
v  -28.9490 29.8012 -10.7659
v  -29.7739 34.2948 -8.5589
v  -29.3026 22.9161 -6.9648
v  -29.2572 28.8615 -10.7265
v  14.7168 29.8012 -10.7659
v  15.5417 34.2948 -8.5589
v  15.0250 28.8615 -10.7265
v  15.0705 22.9161 -6.9648
v  -28.9490 48.0612 15.8321
v  -29.7739 43.5676 13.6251
v  -29.3026 54.9463 12.0310
v  -29.2572 49.0009 15.7927
v  14.7168 48.0612 15.8321
v  15.5417 43.5676 13.6251
v  15.0250 49.0009 15.7927
v  15.0705 54.9463 12.0310
v  -28.9490 29.8012 15.8321
v  -29.7739 34.2948 13.6251
v  -29.2572 28.8615 15.7927
v  -29.3026 22.9161 12.0310
v  14.7168 29.8012 15.8321
v  15.5417 34.2948 13.6251
v  15.0705 22.9161 12.0310
v  15.0250 28.8615 15.7927
v  -29.5941 40.4852 -7.2854
v  15.3620 40.4852 -7.2854
v  -29.5941 37.3772 -7.2854
v  15.3620 37.3772 -7.2854
v  -29.5941 40.4852 12.3516
v  15.3620 40.4852 12.3516
v  -29.5941 37.3772 12.3516
v  15.3620 37.3772 12.3516
v  -32.3916 46.3338 -10.2209
v  -32.5458 43.5424 -8.4945
v  -32.6629 47.3166 -10.2636
v  -32.9656 53.7358 -6.9249
v  18.1595 46.3338 -10.2209
v  18.3137 43.5424 -8.4945
v  18.7334 53.7358 -6.9249
v  18.4308 47.3166 -10.2636
v  -32.3916 31.5286 -10.2209
v  -32.5458 34.3200 -8.4945
v  -32.9656 24.1266 -6.9249
v  -32.6629 30.5458 -10.2636
v  18.1595 31.5286 -10.2209
v  18.3137 34.3200 -8.4945
v  18.4308 30.5458 -10.2636
v  18.7334 24.1266 -6.9249
v  -32.3916 46.3338 15.2871
v  -32.5458 43.5424 13.5607
v  -32.9656 53.7358 11.9911
v  -32.6629 47.3166 15.3298
v  18.1595 46.3338 15.2871
v  18.3137 43.5424 13.5607
v  18.4308 47.3166 15.3298
v  18.7334 53.7358 11.9911
v  -32.3916 31.5286 15.2871
v  -32.5458 34.3200 13.5607
v  -32.6629 30.5458 15.3298
v  -32.9656 24.1266 11.9911
v  18.1595 31.5286 15.2871
v  18.3137 34.3200 13.5607
v  18.7334 24.1266 11.9911
v  18.4308 30.5458 15.3298
v  -32.3825 40.4770 -7.2809
v  18.1503 40.4770 -7.2809
v  -32.3825 37.3854 -7.2809
v  18.1503 37.3854 -7.2809
v  -32.3825 40.4770 12.3471
v  18.1503 40.4770 12.3471
v  -32.3825 37.3854 12.3471
v  18.1503 37.3854 12.3471
v  -35.4387 45.2135 -9.8725
v  -35.3501 43.3103 -8.4663
v  -35.4528 40.2053 -7.7184
v  21.2065 45.2135 -9.8725
v  21.1179 43.3103 -8.4663
v  21.2206 40.2053 -7.7184
v  -35.4387 32.6488 -9.8725
v  -35.3501 34.5521 -8.4663
v  -35.4528 37.6571 -7.7184
v  21.2065 32.6488 -9.8725
v  21.1179 34.5521 -8.4663
v  21.2206 37.6571 -7.7184
v  -35.4387 45.2135 14.9387
v  -35.3501 43.3103 13.5325
v  -35.4528 40.2053 12.7846
v  21.2065 45.2135 14.9387
v  21.1179 43.3103 13.5325
v  21.2206 40.2053 12.7846
v  -35.4387 32.6488 14.9387
v  -35.3501 34.5521 13.5325
v  -35.4528 37.6571 12.7846
v  21.2065 32.6488 14.9387
v  21.1179 34.5521 13.5325
v  21.2206 37.6571 12.7846
v  -37.3657 44.8715 -9.6653
v  -37.4483 43.3515 -8.5436
v  23.1335 44.8715 -9.6653
v  23.2162 43.3515 -8.5436
v  -37.3657 32.9909 -9.6653
v  -37.4483 34.5109 -8.5436
v  23.1335 32.9909 -9.6653
v  23.2162 34.5109 -8.5436
v  -37.3657 44.8715 14.7315
v  -37.4483 43.3515 13.6098
v  23.1335 44.8715 14.7315
v  23.2162 43.3515 13.6098
v  -37.3657 32.9909 14.7315
v  -37.4483 34.5109 13.6098
v  23.1335 32.9909 14.7315
v  23.2162 34.5109 13.6098
v  -37.3883 40.1361 -7.7133
v  23.1561 40.1361 -7.7133
v  -37.3883 37.7263 -7.7133
v  23.1561 37.7263 -7.7133
v  -37.3883 40.1361 12.7795
v  23.1561 40.1361 12.7795
v  -37.3883 37.7263 12.7795
v  23.1561 37.7263 12.7795
v  -38.3489 44.8478 -9.7056
v  -37.9361 44.8581 -9.6882
v  -37.9491 43.3179 -8.5404
v  -38.3575 43.2906 -8.5379
v  -37.7872 45.9246 -9.8223
v  -38.2076 45.9144 -9.8400
v  -36.4670 53.1627 -6.8792
v  -35.9496 53.1553 -6.8799
v  24.1167 44.8478 -9.7056
v  24.1253 43.2906 -8.5379
v  23.7169 43.3179 -8.5404
v  23.7039 44.8581 -9.6882
v  22.2348 53.1627 -6.8792
v  23.9754 45.9144 -9.8400
v  23.5551 45.9246 -9.8223
v  21.7174 53.1553 -6.8799
v  -38.3489 33.0146 -9.7056
v  -38.3575 34.5718 -8.5379
v  -37.9491 34.5445 -8.5404
v  -37.9361 33.0043 -9.6882
v  -36.4670 24.6997 -6.8792
v  -38.2076 31.9480 -9.8400
v  -37.7872 31.9378 -9.8223
v  -35.9496 24.7071 -6.8799
v  24.1167 33.0146 -9.7056
v  23.7039 33.0043 -9.6882
v  23.7169 34.5445 -8.5404
v  24.1253 34.5718 -8.5379
v  23.5551 31.9378 -9.8223
v  23.9754 31.9480 -9.8400
v  22.2348 24.6997 -6.8792
v  21.7174 24.7071 -6.8799
v  -38.3489 44.8478 14.7718
v  -38.3575 43.2906 13.6040
v  -37.9491 43.3179 13.6066
v  -37.9361 44.8581 14.7544
v  -36.4670 53.1627 11.9454
v  -38.2076 45.9144 14.9062
v  -37.7872 45.9246 14.8885
v  -35.9496 53.1553 11.9461
v  24.1167 44.8478 14.7718
v  23.7039 44.8581 14.7544
v  23.7169 43.3179 13.6066
v  24.1253 43.2906 13.6040
v  23.5551 45.9246 14.8885
v  23.9754 45.9144 14.9062
v  22.2348 53.1627 11.9454
v  21.7174 53.1553 11.9461
v  -38.3489 33.0146 14.7718
v  -37.9361 33.0043 14.7544
v  -37.9491 34.5445 13.6066
v  -38.3575 34.5718 13.6040
v  -37.7872 31.9378 14.8885
v  -38.2076 31.9480 14.9062
v  -36.4670 24.6997 11.9454
v  -35.9496 24.7071 11.9461
v  24.1167 33.0146 14.7718
v  24.1253 34.5718 13.6040
v  23.7169 34.5445 13.6066
v  23.7039 33.0043 14.7544
v  22.2348 24.6997 11.9454
v  23.9754 31.9480 14.9062
v  23.5551 31.9378 14.8885
v  21.7174 24.7071 11.9461
v  -37.9192 40.1194 -7.7211
v  -38.3523 40.1058 -7.7276
v  23.6870 40.1194 -7.7211
v  24.1201 40.1058 -7.7276
v  -37.9192 37.7430 -7.7211
v  -38.3523 37.7566 -7.7276
v  23.6870 37.7430 -7.7211
v  24.1201 37.7566 -7.7276
v  -37.9192 40.1194 12.7873
v  -38.3523 40.1058 12.7938
v  23.6870 40.1194 12.7873
v  24.1201 40.1058 12.7938
v  -37.9192 37.7430 12.7873
v  -38.3523 37.7566 12.7938
v  23.6870 37.7430 12.7873
v  24.1201 37.7566 12.7938
v  -10.5430 54.0620 11.1002
v  -7.1161 54.0383 11.1209
v  -7.1161 54.0383 -6.0547
v  -10.5430 54.0620 -6.0340
v  -3.6892 54.0620 11.1002
v  -3.6892 54.0620 -6.0340
v  -7.1161 23.8240 11.1209
v  -10.5430 23.8004 11.1002
v  -10.5430 23.8004 -6.0340
v  -7.1161 23.8240 -6.0547
v  -3.6892 23.8004 11.1002
v  -3.6892 23.8004 -6.0340
v  -14.2874 54.1501 11.0421
v  -14.2874 54.1501 -5.9759
v  0.0552 54.1501 11.0421
v  0.0552 54.1501 -5.9759
v  -14.2874 23.7123 11.0421
v  -14.2874 23.7123 -5.9759
v  0.0552 23.7123 11.0421
v  0.0552 23.7123 -5.9759
v  -17.0734 54.1841 11.0263
v  -17.0734 54.1841 -5.9601
v  2.8412 54.1841 -5.9601
v  2.8412 54.1841 11.0263
v  -17.0734 23.6783 -5.9601
v  -17.0734 23.6783 11.0263
v  2.8412 23.6783 11.0263
v  2.8412 23.6783 -5.9601
v  -19.8194 54.2591 11.0078
v  -19.8194 54.2591 -5.9416
v  5.5872 54.2591 11.0078
v  5.5872 54.2591 -5.9416
v  -19.8194 23.6033 11.0078
v  -19.8194 23.6033 -5.9416
v  5.5872 23.6033 11.0078
v  5.5872 23.6033 -5.9416
v  -21.7222 54.2116 -6.0152
v  -21.7222 54.2116 11.0814
v  7.4901 54.2116 11.0814
v  7.4901 54.2116 -6.0152
v  -21.7222 23.6508 11.0814
v  -21.7222 23.6508 -6.0152
v  7.4901 23.6508 -6.0152
v  7.4901 23.6508 11.0814
v  -23.1830 54.3039 -6.1167
v  -23.1830 54.3039 11.1829
v  8.9508 54.3039 11.1829
v  8.9508 54.3039 -6.1167
v  -23.1830 23.5585 11.1829
v  -23.1830 23.5585 -6.1167
v  8.9508 23.5585 -6.1167
v  8.9508 23.5585 11.1829
v  -24.5499 55.5335 11.2295
v  -24.5499 55.5335 -6.1633
v  10.3178 55.5335 11.2295
v  10.3178 55.5335 -6.1633
v  -24.5499 22.3289 11.2295
v  -24.5499 22.3289 -6.1633
v  10.3178 22.3289 11.2295
v  10.3178 22.3289 -6.1633
v  -25.7194 57.1483 10.7996
v  -25.7194 57.1483 -5.7334
v  -27.3592 56.1938 -6.0456
v  -27.3592 56.1938 11.1118
v  11.4872 57.1483 -5.7334
v  11.4872 57.1483 10.7996
v  13.1270 56.1938 11.1118
v  13.1270 56.1938 -6.0456
v  -25.7194 20.7141 -5.7334
v  -25.7194 20.7141 10.7996
v  -27.3592 21.6686 11.1118
v  -27.3592 21.6686 -6.0456
v  11.4872 20.7141 10.7996
v  11.4872 20.7141 -5.7334
v  13.1270 21.6686 -6.0456
v  13.1270 21.6686 11.1118
v  -29.3062 55.4176 11.0553
v  -29.3062 55.4176 -5.9891
v  15.0741 55.4176 11.0553
v  15.0741 55.4176 -5.9891
v  -29.3062 22.4448 11.0553
v  -29.3062 22.4448 -5.9891
v  15.0741 22.4448 11.0553
v  15.0741 22.4448 -5.9891
v  -32.9896 54.2447 11.0493
v  -32.9896 54.2447 -5.9831
v  18.7574 54.2447 -5.9831
v  18.7574 54.2447 11.0493
v  -32.9896 23.6177 -5.9831
v  -32.9896 23.6177 11.0493
v  18.7574 23.6177 11.0493
v  18.7574 23.6177 -5.9831
v  -35.1603 53.7179 11.0392
v  -35.1603 53.7179 -5.9730
v  20.9281 53.7179 -5.9730
v  20.9281 53.7179 11.0392
v  -35.1603 24.1445 -5.9730
v  -35.1603 24.1445 11.0392
v  20.9281 24.1445 11.0392
v  20.9281 24.1445 -5.9730
v  -35.8039 53.7285 11.0368
v  -35.8039 53.7285 -5.9706
v  -36.3290 53.7373 -5.9686
v  -36.3290 53.7373 11.0348
v  22.0968 53.7373 11.0348
v  22.0968 53.7373 -5.9686
v  21.5718 53.7285 -5.9706
v  21.5718 53.7285 11.0368
v  -36.3290 24.1251 11.0348
v  -36.3290 24.1251 -5.9686
v  -35.8039 24.1338 -5.9706
v  -35.8039 24.1338 11.0368
v  21.5718 24.1338 11.0368
v  21.5718 24.1338 -5.9706
v  22.0968 24.1251 -5.9686
v  22.0968 24.1251 11.0348
v  -38.7229 45.9018 -8.9488
v  -38.7229 45.9018 14.0150
v  -37.1012 53.1716 11.2514
v  -37.1012 53.1716 -6.1852
v  24.4907 45.9018 14.0150
v  24.4907 45.9018 -8.9488
v  22.8690 53.1716 -6.1852
v  22.8690 53.1716 11.2514
v  -38.7229 31.9606 14.0150
v  -38.7229 31.9606 -8.9488
v  -37.1012 24.6908 -6.1852
v  -37.1012 24.6908 11.2514
v  24.4907 31.9606 -8.9488
v  24.4907 31.9606 14.0150
v  22.8690 24.6908 11.2514
v  22.8690 24.6908 -6.1852
v  -38.8582 43.2570 12.7858
v  -38.8535 44.7105 14.2341
v  -38.8535 44.7105 -9.1679
v  -38.8582 43.2570 -7.7196
v  24.6260 43.2570 -7.7196
v  24.6213 44.7105 -9.1679
v  24.6213 44.7105 14.2341
v  24.6260 43.2570 12.7858
v  -38.8582 34.6054 -7.7196
v  -38.8535 33.1519 -9.1679
v  -38.8535 33.1519 14.2341
v  -38.8582 34.6054 12.7858
v  24.6260 34.6054 12.7858
v  24.6213 33.1519 14.2341
v  24.6213 33.1519 -9.1679
v  24.6260 34.6054 -7.7196
v  -38.8832 40.0891 12.0454
v  -38.8832 40.0891 -6.9792
v  24.6510 40.0891 -6.9792
v  24.6510 40.0891 12.0454
v  -38.8832 37.7733 -6.9792
v  -38.8832 37.7733 12.0454
v  24.6510 37.7733 12.0454
v  24.6510 37.7733 -6.9792
v  -10.5430 54.0620 11.7813
v  -7.1161 54.0383 11.8037
v  -7.1161 54.0383 -6.7375
v  -10.5430 54.0620 -6.7151
v  -3.6892 54.0620 11.7813
v  -3.6892 54.0620 -6.7151
v  -7.1161 23.8240 11.8037
v  -10.5430 23.8004 11.7813
v  -10.5430 23.8004 -6.7151
v  -7.1161 23.8240 -6.7375
v  -3.6892 23.8004 11.7813
v  -3.6892 23.8004 -6.7151
v  -14.2874 54.1501 11.7186
v  -14.2874 54.1501 -6.6524
v  0.0552 54.1501 11.7186
v  0.0552 54.1501 -6.6524
v  -14.2874 23.7123 11.7186
v  -14.2874 23.7123 -6.6524
v  0.0552 23.7123 11.7186
v  0.0552 23.7123 -6.6524
v  -17.0734 54.1841 11.7016
v  -17.0734 54.1841 -6.6354
v  2.8412 54.1841 -6.6354
v  2.8412 54.1841 11.7016
v  -17.0734 23.6783 -6.6354
v  -17.0734 23.6783 11.7016
v  2.8412 23.6783 11.7016
v  2.8412 23.6783 -6.6354
v  -19.8194 54.2591 11.6816
v  -19.8194 54.2591 -6.6154
v  5.5872 54.2591 11.6816
v  5.5872 54.2591 -6.6154
v  -19.8194 23.6033 11.6816
v  -19.8194 23.6033 -6.6154
v  5.5872 23.6033 11.6816
v  5.5872 23.6033 -6.6154
v  -21.7222 54.2116 -6.6948
v  -21.7222 54.2116 11.7610
v  7.4901 54.2116 11.7610
v  7.4901 54.2116 -6.6948
v  -21.7222 23.6508 11.7610
v  -21.7222 23.6508 -6.6948
v  7.4901 23.6508 -6.6948
v  7.4901 23.6508 11.7610
v  -23.1830 54.3039 -6.8044
v  -23.1830 54.3039 11.8706
v  8.9508 54.3039 11.8706
v  8.9508 54.3039 -6.8044
v  -23.1830 23.5585 11.8706
v  -23.1830 23.5585 -6.8044
v  8.9508 23.5585 -6.8044
v  8.9508 23.5585 11.8706
v  -24.5499 55.5335 11.9209
v  -24.5499 55.5335 -6.8547
v  10.3178 55.5335 11.9209
v  10.3178 55.5335 -6.8547
v  -24.5499 22.3289 11.9209
v  -24.5499 22.3289 -6.8547
v  10.3178 22.3289 11.9209
v  10.3178 22.3289 -6.8547
v  -25.7194 57.1483 11.4568
v  -25.7194 57.1483 -6.3907
v  -27.3592 56.1938 -6.7277
v  -27.3592 56.1938 11.7939
v  11.4872 57.1483 -6.3907
v  11.4872 57.1483 11.4568
v  13.1270 56.1938 11.7939
v  13.1270 56.1938 -6.7277
v  -25.7194 20.7141 -6.3907
v  -25.7194 20.7141 11.4568
v  -27.3592 21.6686 11.7939
v  -27.3592 21.6686 -6.7277
v  11.4872 20.7141 11.4568
v  11.4872 20.7141 -6.3907
v  13.1270 21.6686 -6.7277
v  13.1270 21.6686 11.7939
v  -29.3062 55.4176 11.7328
v  -29.3062 55.4176 -6.6666
v  15.0741 55.4176 11.7328
v  15.0741 55.4176 -6.6666
v  -29.3062 22.4448 11.7328
v  -29.3062 22.4448 -6.6666
v  15.0741 22.4448 11.7328
v  15.0741 22.4448 -6.6666
v  -32.9896 54.2447 11.7264
v  -32.9896 54.2447 -6.6602
v  18.7574 54.2447 -6.6602
v  18.7574 54.2447 11.7264
v  -32.9896 23.6177 -6.6602
v  -32.9896 23.6177 11.7264
v  18.7574 23.6177 11.7264
v  18.7574 23.6177 -6.6602
v  -35.1603 53.7179 11.7155
v  -35.1603 53.7179 -6.6493
v  20.9281 53.7179 -6.6493
v  20.9281 53.7179 11.7155
v  -35.1603 24.1445 -6.6493
v  -35.1603 24.1445 11.7155
v  20.9281 24.1445 11.7155
v  20.9281 24.1445 -6.6493
v  -35.8039 53.7285 11.7128
v  -36.3290 53.7373 11.7107
v  -36.3290 53.7373 -6.6445
v  -35.8039 53.7285 -6.6466
v  22.0968 53.7373 11.7107
v  21.5718 53.7285 11.7128
v  21.5718 53.7285 -6.6466
v  22.0968 53.7373 -6.6445
v  -36.3290 24.1251 11.7107
v  -35.8039 24.1338 11.7128
v  -35.8039 24.1338 -6.6466
v  -36.3290 24.1251 -6.6445
v  21.5718 24.1338 11.7128
v  22.0968 24.1251 11.7107
v  22.0968 24.1251 -6.6445
v  21.5718 24.1338 -6.6466
v  -37.1012 53.1716 -6.8784
v  -38.7229 45.9018 -9.8617
v  -37.1012 53.1716 11.9445
v  -38.7229 45.9018 14.9279
v  22.8690 53.1716 11.9445
v  24.4907 45.9018 14.9279
v  22.8690 53.1716 -6.8784
v  24.4907 45.9018 -9.8617
v  -37.1012 24.6908 11.9445
v  -38.7229 31.9606 14.9279
v  -37.1012 24.6908 -6.8784
v  -38.7229 31.9606 -9.8617
v  22.8690 24.6908 -6.8784
v  24.4907 31.9606 -9.8617
v  22.8690 24.6908 11.9445
v  24.4907 31.9606 14.9279
v  -38.8582 43.2570 13.6009
v  -38.8545 44.7105 14.9588
v  -38.8545 44.7105 -9.8926
v  -38.8582 43.2570 -8.5347
v  24.6260 43.2570 -8.5347
v  24.6223 44.7105 -9.8926
v  24.6223 44.7105 14.9588
v  24.6260 43.2570 13.6009
v  -38.8582 34.6054 -8.5347
v  -38.8545 33.1519 -9.8926
v  -38.8545 33.1519 14.9588
v  -38.8582 34.6054 13.6009
v  24.6260 34.6054 13.6009
v  24.6223 33.1519 14.9588
v  24.6223 33.1519 -9.8926
v  24.6260 34.6054 -8.5347
v  -38.8832 40.0891 12.8016
v  -38.8832 40.0891 -7.7355
v  24.6510 40.0891 -7.7355
v  24.6510 40.0891 12.8016
v  -38.8832 37.7733 -7.7355
v  -38.8832 37.7733 12.8016
v  24.6510 37.7733 12.8016
v  24.6510 37.7733 -7.7355
v  -25.6186 50.8125 -11.5774
v  11.3864 50.8125 -11.5774
v  -25.6186 27.0499 -11.5774
v  11.3864 27.0499 -11.5774
v  -25.6186 50.8125 16.6436
v  11.3864 50.8125 16.6436
v  -25.6186 27.0499 16.6436
v  11.3864 27.0499 16.6436
v  -35.6076 45.6936 -10.2209
v  -37.4270 45.3656 -10.0321
v  23.1948 45.3656 -10.0321
v  21.3754 45.6936 -10.2209
v  -37.4270 32.4968 -10.0321
v  -35.6076 32.1688 -10.2209
v  21.3754 32.1688 -10.2209
v  23.1948 32.4968 -10.0321
v  -37.4270 45.3656 15.0983
v  -35.6076 45.6936 15.2871
v  21.3754 45.6936 15.2871
v  23.1948 45.3656 15.0983
v  -35.6076 32.1688 15.2871
v  -37.4270 32.4968 15.0983
v  23.1948 32.4968 15.0983
v  21.3754 32.1688 15.2871
v  -7.1161 46.1046 -10.1040
v  -10.5472 45.9279 -10.0800
v  -3.6849 45.9279 -10.0800
v  -10.5472 31.9345 -10.0800
v  -7.1161 31.7578 -10.1040
v  -3.6849 31.9345 -10.0800
v  -10.5472 45.9279 15.1462
v  -7.1161 46.1046 15.1702
v  -3.6849 45.9279 15.1462
v  -7.1161 31.7578 15.1702
v  -10.5472 31.9345 15.1462
v  -3.6849 31.9345 15.1462
v  -14.0238 45.4115 -10.0428
v  -0.2083 45.4115 -10.0428
v  -14.0238 32.4509 -10.0428
v  -0.2083 32.4509 -10.0428
v  -14.0238 45.4115 15.1090
v  -0.2083 45.4115 15.1090
v  -14.0238 32.4509 15.1090
v  -0.2083 32.4509 15.1090
v  -16.4180 45.4236 -10.0654
v  2.1858 45.4236 -10.0654
v  -16.4180 32.4388 -10.0654
v  2.1858 32.4388 -10.0654
v  -16.4180 45.4236 15.1316
v  2.1858 45.4236 15.1316
v  -16.4180 32.4388 15.1316
v  2.1858 32.4388 15.1316
v  -19.4815 46.0114 -10.2580
v  -21.2767 47.0968 -10.6353
v  -24.2409 49.3513 -11.2830
v  7.0445 47.0968 -10.6353
v  5.2493 46.0114 -10.2580
v  10.0087 49.3513 -11.2830
v  -21.2767 30.7656 -10.6353
v  -19.4815 31.8510 -10.2580
v  -24.2409 28.5111 -11.2830
v  5.2493 31.8510 -10.2580
v  7.0445 30.7656 -10.6353
v  10.0087 28.5111 -11.2830
v  -21.2767 47.0968 15.7015
v  -19.4815 46.0114 15.3242
v  -24.2409 49.3513 16.3492
v  5.2493 46.0114 15.3242
v  7.0445 47.0968 15.7015
v  10.0087 49.3513 16.3492
v  -19.4815 31.8510 15.3242
v  -21.2767 30.7656 15.7015
v  -24.2409 28.5111 16.3492
v  7.0445 30.7656 15.7015
v  5.2493 31.8510 15.3242
v  10.0087 28.5111 16.3492
v  -29.2536 48.5296 -11.0247
v  15.0214 48.5296 -11.0247
v  -29.2536 29.3328 -11.0247
v  15.0214 29.3328 -11.0247
v  -29.2536 48.5296 16.0909
v  15.0214 48.5296 16.0909
v  -29.2536 29.3328 16.0909
v  15.0214 29.3328 16.0909
v  -32.6389 46.8077 -10.5283
v  18.4068 46.8077 -10.5283
v  -32.6389 31.0547 -10.5283
v  18.4068 31.0547 -10.5283
v  -32.6389 46.8077 15.5945
v  18.4068 46.8077 15.5945
v  -32.6389 31.0547 15.5945
v  18.4068 31.0547 15.5945
v  -37.9329 45.3514 -10.0556
v  -38.3456 45.3398 -10.0747
v  23.7007 45.3514 -10.0556
v  24.1134 45.3398 -10.0747
v  -37.9329 32.5110 -10.0556
v  -38.3456 32.5226 -10.0747
v  23.7007 32.5110 -10.0556
v  24.1134 32.5226 -10.0747
v  -37.9329 45.3514 15.1218
v  -38.3456 45.3398 15.1409
v  23.7007 45.3514 15.1218
v  24.1134 45.3398 15.1409
v  -37.9329 32.5110 15.1218
v  -38.3456 32.5226 15.1409
v  23.7007 32.5110 15.1218
v  24.1134 32.5226 15.1409
v  -38.8515 45.3255 -9.1679
v  -38.8515 45.3255 14.2341
v  -36.9727 53.7479 11.0323
v  -36.9727 53.7479 -5.9661
v  24.6193 45.3255 14.2341
v  24.6193 45.3255 -9.1679
v  22.7405 53.7479 -5.9661
v  22.7405 53.7479 11.0323
v  -38.8515 32.5369 14.2341
v  -38.8515 32.5369 -9.1679
v  -36.9727 24.1145 -5.9661
v  -36.9727 24.1145 11.0323
v  24.6193 32.5369 -9.1679
v  24.6193 32.5369 14.2341
v  22.7405 24.1145 11.0323
v  22.7405 24.1145 -5.9661
v  -38.8515 45.3255 -10.0982
v  -36.9727 53.7479 -6.6419
v  -36.9727 53.7479 11.7080
v  -38.8515 45.3255 15.1644
v  24.6193 45.3255 15.1644
v  22.7405 53.7479 11.7080
v  22.7405 53.7479 -6.6419
v  24.6193 45.3255 -10.0982
v  -38.8515 32.5369 15.1644
v  -36.9727 24.1145 11.7080
v  -36.9727 24.1145 -6.6419
v  -38.8515 32.5369 -10.0982
v  24.6193 32.5369 -10.0982
v  22.7405 24.1145 -6.6419
v  22.7405 24.1145 11.7080
v  24.6193 32.5369 15.1644
v  -12.1150 -24.7757 3.7237
v  -12.4892 -24.8867 2.0987
v  -9.0788 -24.1767 2.0873
v  -8.9710 -24.1767 2.6983
v  -10.8354 -24.4202 5.3069
v  -8.6281 -23.9640 3.2355
v  -9.3972 -23.8993 6.0073
v  -8.1529 -23.6823 3.6343
v  -7.9475 -23.3972 6.1861
v  -7.5699 -23.3133 3.8849
v  -6.1256 -22.7316 5.8813
v  -6.6213 -22.6846 3.7293
v  -5.2830 -23.1015 5.5240
v  -6.3665 -22.8936 3.6343
v  -5.8913 -23.3191 3.2355
v  -4.2306 -23.6137 4.6412
v  -5.5811 -23.5794 2.6983
v  -3.5438 -23.9447 3.4515
v  -5.4734 -23.6601 2.0873
v  -3.3054 -24.0326 2.0987
v  -3.5438 -23.9752 0.7459
v  -5.5811 -23.5822 1.4763
v  -5.8823 -23.3228 0.9276
v  -4.3737 -23.5659 -0.6052
v  -6.5879 -22.6581 0.4542
v  -6.0342 -22.7128 -1.4305
v  -6.9495 -22.9111 0.3281
v  -6.5738 -22.8886 -1.6171
v  -7.5699 -23.3125 0.3281
v  -7.9475 -23.3995 -1.7966
v  -8.1529 -23.7048 0.5403
v  -9.4159 -23.9063 -1.5966
v  -8.6281 -23.9954 0.9391
v  -10.8016 -24.3946 -0.9050
v  -8.9710 -24.1767 1.4763
v  -12.0297 -24.7964 0.3988
v  -5.9269 -22.7976 6.6014
v  -4.8786 -23.3473 6.3476
v  -3.3559 -24.1343 5.4041
v  -2.1469 -24.6734 3.6444
v  -1.9788 -24.7414 1.9845
v  -2.3737 -24.5921 0.3449
v  -3.7947 -23.9089 -1.3122
v  -5.8103 -22.8521 -2.1343
v  -12.5485 -24.2945 2.1025
v  -12.0836 -24.1049 3.7477
v  -10.9215 -23.8028 5.2429
v  -9.5523 -23.3811 5.9604
v  -8.1228 -22.8634 6.2397
v  -6.7779 -22.3349 6.0710
v  -6.7214 -22.3931 -1.7205
v  -8.0950 -22.9039 -1.8414
v  -9.5633 -23.4108 -1.6390
v  -10.9490 -23.8990 -0.9388
v  -12.0890 -24.2043 0.3814
v  -6.7779 -22.3349 6.6526
v  -6.7214 -22.3931 -2.2008
v  -12.2239 -23.9432 2.1074
v  -11.8343 -23.8464 3.5536
v  -10.7867 -23.5125 4.8679
v  -9.6332 -23.1158 5.5308
v  -8.4185 -22.6952 5.8399
v  -6.9466 -22.2124 5.7684
v  -6.8899 -22.2467 -1.4286
v  -8.4185 -22.6970 -1.4455
v  -9.6488 -23.1218 -1.1815
v  -10.8098 -23.5309 -0.5660
v  -11.8389 -23.8676 0.5945
v  -10.7820 -20.0181 2.1094
v  -10.5303 -20.1965 3.4841
v  -9.5875 -20.7524 4.7333
v  -8.7999 -21.2227 5.3633
v  -7.7890 -21.7645 5.6572
v  -7.8226 -21.7469 -1.2675
v  -8.8132 -21.2173 -1.0167
v  -9.6128 -20.7439 -0.4317
v  -10.4640 -20.2591 0.6714
v  -11.3580 -19.7316 2.2299
v  -10.9922 -19.9699 3.9105
v  -10.0911 -20.5223 5.3996
v  -8.9290 -21.1533 6.2078
v  -7.8040 -21.7829 6.5672
v  -7.9587 -21.7013 -2.0172
v  -9.0521 -21.0888 -1.5545
v  -9.9533 -20.5875 -0.8840
v  -10.8686 -20.0449 0.3334
v  -4.8201 -23.2674 6.4628
v  -5.8987 -22.7018 6.7238
v  -3.2532 -24.0772 5.4919
v  -2.0091 -24.6319 3.6810
v  -1.8359 -24.7019 1.9730
v  -2.2424 -24.5482 0.2857
v  -3.7047 -23.8452 -1.4194
v  -5.7789 -22.7578 -2.2654
v  -6.7745 -22.2256 6.7765
v  -6.7162 -22.2853 -2.3338
v  -11.1303 -19.7918 3.9549
v  -11.4872 -19.5467 2.2255
v  -10.1839 -20.3605 5.4871
v  -8.9881 -21.0097 6.3190
v  -7.8304 -21.6575 6.6888
v  -7.9895 -21.5735 -2.1449
v  -9.1147 -20.9432 -1.6687
v  -10.0510 -20.4275 -1.0008
v  -11.0210 -19.8691 0.2492
v  -4.7486 -22.7405 6.4237
v  -5.8272 -22.1749 6.7287
v  -3.1817 -23.5505 5.4528
v  -1.9376 -24.1051 3.6419
v  -1.7644 -24.1750 1.9339
v  -2.1709 -24.0215 0.2468
v  -3.6332 -23.3184 -1.4585
v  -5.7073 -22.2309 -2.3044
v  -6.7030 -21.6987 6.8094
v  -6.6447 -21.7586 -2.3729
v  -11.1256 -19.1757 3.9159
v  -11.4972 -19.0544 2.1864
v  -10.1124 -19.7699 5.4481
v  -8.9166 -20.4830 6.2800
v  -7.7589 -21.1306 6.6497
v  -7.9180 -21.0467 -2.1839
v  -9.0432 -20.4165 -1.7077
v  -9.9826 -19.9007 -1.0746
v  -10.9864 -19.2682 0.1970
v  -4.9054 -22.4254 6.1161
v  -5.9027 -21.9025 6.3982
v  -3.4568 -23.1743 5.2184
v  -2.3064 -23.6872 3.5441
v  -2.1464 -23.7518 1.9649
v  -2.5222 -23.6097 0.4048
v  -3.8742 -22.9598 -1.1718
v  -5.7920 -21.9542 -1.9540
v  -6.7125 -21.4623 6.4727
v  -6.6586 -21.5176 -2.0172
v  -11.0913 -19.1189 2.1864
v  -10.7163 -19.2233 3.8923
v  -9.8648 -19.6788 5.2141
v  -8.7592 -20.3381 5.9831
v  -7.6888 -20.9371 6.3250
v  -7.8359 -20.8593 -1.8426
v  -8.8762 -20.2766 -1.4023
v  -9.7448 -19.7998 -0.8169
v  -10.6330 -19.3612 0.3589
v  -5.5453 -18.5578 5.5720
v  -6.3686 -18.6061 5.8131
v  -4.2894 -18.5508 4.8039
v  -3.3551 -18.5245 3.3717
v  -3.1665 -18.5418 2.0208
v  -3.3926 -18.5396 0.6862
v  -4.5693 -18.6044 -0.6626
v  -6.2383 -18.6820 -1.3317
v  -7.0576 -18.6329 5.8770
v  -7.2074 -18.6897 -1.4493
v  -8.7909 -18.5937 5.5769
v  -9.6988 -18.5802 4.9587
v  -7.8892 -18.6206 5.7506
v  -8.0172 -18.6973 -1.2363
v  -8.9650 -18.6664 -0.8933
v  -9.6551 -18.6399 -0.4949
v  -10.6650 -18.5692 0.4562
v  -10.7163 -18.5560 3.9033
v  -11.0913 -18.5502 2.1864
v  -14.0508 1.6487 4.3806
v  -14.5711 1.4944 2.1212
v  -9.8293 2.4815 2.1054
v  -9.6795 2.4815 2.9548
v  -12.2717 2.1431 6.5819
v  -9.2027 2.7773 3.7018
v  -10.2720 2.8673 7.5557
v  -8.5419 3.1690 4.2563
v  -8.2563 3.5654 7.8043
v  -7.7313 3.6821 4.6047
v  -5.7232 4.4908 7.3805
v  -6.4123 4.5562 4.3884
v  -4.5516 3.9765 6.8838
v  -6.0581 4.2656 4.2563
v  -5.3974 3.6740 3.7018
v  -3.0884 3.2644 5.6563
v  -4.9661 3.3120 2.9548
v  -2.1334 2.8041 4.0021
v  -4.8164 3.1999 2.1054
v  -1.8019 2.6819 2.1212
v  -2.1334 2.7617 0.2403
v  -4.9661 3.3082 1.2558
v  -5.3849 3.6689 0.4929
v  -3.2873 3.3308 -1.6382
v  -6.3660 4.5930 -0.1653
v  -5.5961 4.5170 -2.7857
v  -6.8687 4.2413 -0.3406
v  -6.3463 4.2726 -3.0452
v  -7.7313 3.6831 -0.3406
v  -8.2563 3.5622 -3.2947
v  -8.5419 3.1377 -0.0456
v  -10.2980 2.8575 -3.0167
v  -9.2027 2.7336 0.5088
v  -12.2246 2.1786 -2.0551
v  -9.6795 2.4815 1.2558
v  -13.9322 1.6200 -0.2423
v  -5.4468 4.3991 8.3817
v  -3.9894 3.6348 8.0289
v  -1.8722 2.5405 6.7171
v  -0.1912 1.7909 4.2703
v  0.0426 1.6964 1.9624
v  -0.5065 1.9040 -0.3173
v  -2.4823 2.8539 -2.6214
v  -5.2848 4.3233 -3.7644
v  -14.6535 2.3178 2.1265
v  -14.0072 2.5814 4.4140
v  -12.3913 3.0014 6.4929
v  -10.4877 3.5877 7.4905
v  -8.5001 4.3075 7.8788
v  -6.6301 5.0424 7.6442
v  -6.5515 4.9615 -3.1889
v  -8.4614 4.2513 -3.3571
v  -10.5030 3.5464 -3.0757
v  -12.4296 2.8677 -2.1021
v  -14.0146 2.4432 -0.2666
v  -6.6301 5.0424 8.4530
v  -6.5515 4.9615 -3.8568
v  -14.2022 2.8062 2.1333
v  -13.6606 2.9408 4.1441
v  -12.2040 3.4051 5.9715
v  -10.6001 3.9567 6.8931
v  -8.9112 4.5415 7.3230
v  -6.8647 5.2127 7.2236
v  -6.7859 5.1650 -2.7832
v  -8.9112 4.5389 -2.8066
v  -10.6218 3.9484 -2.4396
v  -12.2361 3.3795 -1.5837
v  -13.6670 2.9114 0.0298
v  -12.1974 8.2637 2.1361
v  -11.8474 8.0157 4.0474
v  -10.5366 7.2427 5.7844
v  -9.4415 6.5889 6.6602
v  -8.0360 5.8354 7.0690
v  -8.0826 5.8599 -2.5592
v  -9.4600 6.5963 -2.2105
v  -10.5717 7.2546 -1.3970
v  -11.7552 7.9286 0.1366
v  -12.9983 8.6620 2.3036
v  -12.4897 8.3307 4.6403
v  -11.2368 7.5626 6.7107
v  -9.6210 6.6853 7.8346
v  -8.0569 5.8099 8.3342
v  -8.2719 5.9234 -3.6015
v  -9.7921 6.7749 -2.9582
v  -11.0452 7.4719 -2.0259
v  -12.3179 8.2264 -0.3332
v  -3.9080 3.7459 8.1890
v  -5.4076 4.5323 8.5520
v  -1.7293 2.6199 6.8391
v  0.0004 1.8486 4.3212
v  0.2412 1.7513 1.9464
v  -0.3240 1.9651 -0.3996
v  -2.3571 2.9425 -2.7704
v  -5.2412 4.4544 -3.9466
v  -6.6254 5.1944 8.6252
v  -6.5443 5.1114 -4.0418
v  -12.6817 8.5783 4.7021
v  -13.1780 8.9192 2.2975
v  -11.3658 7.7876 6.8325
v  -9.7031 6.8850 7.9891
v  -8.0935 5.9842 8.5032
v  -8.3147 6.1011 -3.7791
v  -9.8792 6.9774 -3.1170
v  -11.1810 7.6944 -2.1884
v  -12.5297 8.4708 -0.4503
v  -3.8086 4.4785 8.1347
v  -5.3082 5.2649 8.5588
v  -1.6299 3.3523 6.7848
v  0.0998 2.5812 4.2669
v  0.3406 2.4839 1.8921
v  -0.2246 2.6974 -0.4537
v  -2.2577 3.6750 -2.8247
v  -5.1415 5.1870 -4.0009
v  -6.5260 5.9270 8.6710
v  -6.4449 5.8437 -4.0961
v  -12.6751 9.4350 4.6478
v  -13.1918 9.6036 2.2432
v  -11.2664 8.6088 6.7782
v  -9.6037 7.6173 7.9348
v  -7.9941 6.7168 8.4490
v  -8.2153 6.8335 -3.8334
v  -9.7798 7.7097 -3.1713
v  -11.0859 8.4270 -2.2910
v  -12.4816 9.3064 -0.5229
v  -4.0266 4.9166 7.7070
v  -5.4132 5.6436 8.0992
v  -2.0125 3.8754 6.4589
v  -0.4130 3.1622 4.1309
v  -0.1905 3.0723 1.9351
v  -0.7130 3.2699 -0.2340
v  -2.5928 4.1736 -2.4262
v  -5.2593 5.5717 -3.5136
v  -6.5392 6.2557 8.2029
v  -6.4642 6.1788 -3.6015
v  -12.6274 9.5140 2.2432
v  -12.1060 9.3688 4.6150
v  -10.9222 8.7354 6.4529
v  -9.3849 7.8187 7.5220
v  -7.8966 6.9859 7.9974
v  -8.1011 7.0941 -3.3588
v  -9.5475 7.9043 -2.7466
v  -10.7553 8.5673 -1.9327
v  -11.9902 9.1770 -0.2979
v  -4.9163 10.2940 6.9504
v  -6.0610 10.2269 7.2857
v  -3.1702 10.3038 5.8826
v  -1.8711 10.3404 3.8912
v  -1.6088 10.3164 2.0128
v  -1.9233 10.3193 0.1573
v  -3.5593 10.2293 -1.7181
v  -5.8798 10.1214 -2.6484
v  -7.0190 10.1897 7.3745
v  -7.2272 10.1107 -2.8119
v  -9.4289 10.2442 6.9572
v  -10.6914 10.2629 6.0978
v  -8.1752 10.2067 7.1989
v  -8.3532 10.1001 -2.5158
v  -9.6710 10.1431 -2.0389
v  -10.6305 10.1799 -1.4850
v  -12.0347 10.2783 -0.1625
v  -12.1060 10.2966 4.6303
v  -12.6274 10.3047 2.2432
v  23.3424 41.5047 -3.7554
v  26.8585 38.4477 -3.7575
v  23.3424 39.3928 -6.6622
v  23.3424 35.9757 -5.5519
v  23.3424 35.9757 -1.9589
v  23.3424 39.3928 -0.8486
v  23.1536 25.9414 -3.7554
v  26.6697 28.9985 -3.7534
v  23.1536 28.0533 -0.8486
v  23.1536 31.4705 -1.9589
v  23.1536 31.4705 -5.5519
v  23.1536 28.0533 -6.6622
v  -4.1619 -16.2661 2.2037
v  -4.3402 -16.2661 1.1925
v  -3.9813 -15.9280 1.0618
v  -3.7799 -15.9280 2.2037
v  -4.8536 -16.2661 0.3032
v  -4.5610 -15.9280 0.0577
v  -5.6402 -16.2661 -0.3568
v  -5.4492 -15.9280 -0.6876
v  -6.6051 -16.2661 -0.7080
v  -6.5388 -15.9280 -1.0842
v  -7.6319 -16.2661 -0.7080
v  -7.6983 -15.9280 -1.0842
v  -8.5968 -16.2661 -0.3568
v  -8.7878 -15.9280 -0.6876
v  -9.3834 -16.2661 0.3032
v  -9.6760 -15.9280 0.0577
v  -9.8969 -16.2661 1.1925
v  -10.2558 -15.9280 1.0618
v  -10.0752 -16.2661 2.2037
v  -10.4571 -15.9280 2.2037
v  -9.8969 -16.2661 3.2149
v  -10.2558 -15.9280 3.3456
v  -9.3834 -16.2661 4.1042
v  -9.6760 -15.9280 4.3497
v  -8.5968 -16.2661 4.7642
v  -8.7878 -15.9280 5.0950
v  -7.6319 -16.2661 5.1154
v  -7.6983 -15.9280 5.4916
v  -6.6051 -16.2661 5.1154
v  -6.5388 -15.9280 5.4916
v  -5.6402 -16.2661 4.7642
v  -5.4492 -15.9280 5.0950
v  -4.8536 -16.2661 4.1042
v  -4.5610 -15.9280 4.3497
v  -4.3402 -16.2661 3.2149
v  -3.9813 -15.9280 3.3456
v  -3.9269 -11.5784 1.0420
v  -3.7221 -11.5784 2.2037
v  -4.5167 -11.5784 0.0205
v  -5.4203 -11.5784 -0.7377
v  -6.5287 -11.5784 -1.1412
v  -7.7083 -11.5784 -1.1412
v  -8.8168 -11.5784 -0.7377
v  -9.7204 -11.5784 0.0205
v  -10.3102 -11.5784 1.0420
v  -10.5150 -11.5784 2.2037
v  -10.3102 -11.5784 3.3653
v  -9.7204 -11.5784 4.3869
v  -8.8168 -11.5784 5.1451
v  -7.7083 -11.5784 5.5486
v  -6.5287 -11.5784 5.5486
v  -5.4203 -11.5784 5.1451
v  -4.5167 -11.5784 4.3869
v  -3.9269 -11.5784 3.3653
v  -4.5556 -11.1640 1.2709
v  -4.3911 -11.1640 2.2037
v  -5.0292 -11.1640 0.4505
v  -5.7548 -11.1640 -0.1583
v  -6.6449 -11.1640 -0.4823
v  -7.5921 -11.1640 -0.4823
v  -8.4822 -11.1640 -0.1583
v  -9.2079 -11.1640 0.4505
v  -9.6815 -11.1640 1.2709
v  -9.8459 -11.1640 2.2037
v  -9.6815 -11.1640 3.1365
v  -9.2079 -11.1640 3.9568
v  -8.4822 -11.1640 4.5657
v  -7.5921 -11.1640 4.8897
v  -6.6449 -11.1640 4.8897
v  -5.7548 -11.1640 4.5657
v  -5.0292 -11.1640 3.9568
v  -4.5556 -11.1640 3.1365
v  -3.1104 -17.2354 2.2037
v  -3.3521 -17.2354 0.8328
v  -4.0481 -17.2354 -0.3727
v  -5.1145 -17.2354 -1.2674
v  -6.4225 -17.2354 -1.7435
v  -7.8145 -17.2354 -1.7435
v  -9.1226 -17.2354 -1.2674
v  -10.1889 -17.2354 -0.3727
v  -10.8849 -17.2354 0.8328
v  -11.1266 -17.2354 2.2037
v  -10.8849 -17.2354 3.5745
v  -10.1889 -17.2354 4.7800
v  -9.1226 -17.2354 5.6748
v  -7.8145 -17.2354 6.1509
v  -6.4225 -17.2354 6.1509
v  -5.1145 -17.2354 5.6748
v  -4.0481 -17.2354 4.7800
v  -3.3521 -17.2354 3.5745
v  -3.2311 -17.5726 0.7888
v  -2.9817 -17.5726 2.2037
v  -2.5971 -18.5797 2.2037
v  -2.8698 -18.5797 0.6573
v  -3.9495 -17.5726 -0.4554
v  -3.6549 -18.5797 -0.7026
v  -5.0501 -17.5726 -1.3789
v  -4.8578 -18.5797 -1.7120
v  -6.4002 -17.5726 -1.8703
v  -6.3334 -18.5797 -2.2491
v  -7.8369 -17.5726 -1.8703
v  -7.9037 -18.5797 -2.2491
v  -9.1870 -17.5726 -1.3789
v  -9.3792 -18.5797 -1.7120
v  -10.2875 -17.5726 -0.4554
v  -10.5821 -18.5797 -0.7026
v  -11.0059 -17.5726 0.7888
v  -11.3673 -18.5797 0.6573
v  -11.2554 -17.5726 2.2037
v  -11.6400 -18.5797 2.2037
v  -11.0059 -17.5726 3.6186
v  -11.3673 -18.5797 3.7501
v  -10.2875 -17.5726 4.8628
v  -10.5821 -18.5797 5.1100
v  -9.1870 -17.5726 5.7863
v  -9.3792 -18.5797 6.1194
v  -7.8369 -17.5726 6.2777
v  -7.9037 -18.5797 6.6564
v  -6.4002 -17.5726 6.2777
v  -6.3334 -18.5797 6.6564
v  -5.0501 -17.5726 5.7863
v  -4.8578 -18.5797 6.1194
v  -3.9495 -17.5726 4.8628
v  -3.6549 -18.5797 5.1100
v  -3.2311 -17.5726 3.6186
v  -2.8698 -18.5797 3.7501
v  -3.7911 -18.2168 2.2037
v  -3.9918 -18.2168 1.0656
v  -3.0784 -18.9170 0.7332
v  -2.8191 -18.9170 2.2037
v  -4.5696 -18.2168 0.0649
v  -3.8250 -18.9170 -0.5599
v  -5.4548 -18.2168 -0.6779
v  -4.9688 -18.9170 -1.5197
v  -6.5407 -18.2168 -1.0732
v  -6.3719 -18.9170 -2.0304
v  -7.6963 -18.2168 -1.0732
v  -7.8651 -18.9170 -2.0304
v  -8.7822 -18.2168 -0.6779
v  -9.2682 -18.9170 -1.5197
v  -9.6675 -18.2168 0.0649
v  -10.4120 -18.9170 -0.5599
v  -10.2453 -18.2168 1.0656
v  -11.1586 -18.9170 0.7332
v  -10.4459 -18.2168 2.2037
v  -11.4179 -18.9170 2.2037
v  -10.2453 -18.2168 3.3417
v  -11.1586 -18.9170 3.6742
v  -9.6675 -18.2168 4.3425
v  -10.4120 -18.9170 4.9673
v  -8.7822 -18.2168 5.0853
v  -9.2682 -18.9170 5.9271
v  -7.6963 -18.2168 5.4805
v  -7.8651 -18.9170 6.4378
v  -6.5407 -18.2168 5.4805
v  -6.3719 -18.9170 6.4378
v  -5.4548 -18.2168 5.0853
v  -4.9688 -18.9170 5.9271
v  -4.5696 -18.2168 4.3425
v  -3.8250 -18.9170 4.9673
v  -3.9918 -18.2168 3.3417
v  -3.0784 -18.9170 3.6742
v  -4.0335 -25.3258 2.2037
v  -4.2196 -25.3258 1.1486
v  -4.2298 -18.3546 1.1523
v  -4.0444 -18.3546 2.2037
v  -4.7553 -25.3258 0.2207
v  -4.7636 -18.3546 0.2277
v  -5.5760 -25.3258 -0.4680
v  -5.5815 -18.3546 -0.4586
v  -6.5828 -25.3258 -0.8344
v  -6.5847 -18.3546 -0.8237
v  -7.6542 -25.3258 -0.8344
v  -7.6523 -18.3546 -0.8237
v  -8.6610 -25.3258 -0.4680
v  -8.6556 -18.3546 -0.4586
v  -9.4818 -25.3258 0.2207
v  -9.4734 -18.3546 0.2277
v  -10.0175 -25.3258 1.1486
v  -10.0072 -18.3546 1.1523
v  -10.2035 -25.3258 2.2037
v  -10.1926 -18.3546 2.2037
v  -10.0175 -25.3258 3.2588
v  -10.0072 -18.3546 3.2551
v  -9.4818 -25.3258 4.1867
v  -9.4734 -18.3546 4.1797
v  -8.6610 -25.3258 4.8754
v  -8.6556 -18.3546 4.8659
v  -7.6542 -25.3258 5.2418
v  -7.6523 -18.3546 5.2311
v  -6.5828 -25.3258 5.2418
v  -6.5847 -18.3546 5.2311
v  -5.5760 -25.3258 4.8754
v  -5.5815 -18.3546 4.8659
v  -4.7553 -25.3258 4.1867
v  -4.7636 -18.3546 4.1797
v  -4.2196 -25.3258 3.2588
v  -4.2298 -18.3546 3.2551
v  -3.2176 -40.6215 2.2037
v  -3.4528 -40.6215 0.8695
v  -3.4623 -38.9444 0.8729
v  -3.2277 -38.9444 2.2037
v  -4.1302 -40.6215 -0.3038
v  -4.1380 -38.9444 -0.2973
v  -5.1680 -40.6215 -1.1746
v  -5.1731 -38.9444 -1.1659
v  -6.4411 -40.6215 -1.6380
v  -6.4429 -38.9444 -1.6280
v  -7.7959 -40.6215 -1.6380
v  -7.7942 -38.9444 -1.6280
v  -9.0690 -40.6215 -1.1746
v  -9.0639 -38.9444 -1.1659
v  -10.1068 -40.6215 -0.3038
v  -10.0991 -38.9444 -0.2973
v  -10.7842 -40.6215 0.8695
v  -10.7747 -38.9444 0.8729
v  -11.0195 -40.6215 2.2037
v  -11.0094 -38.9444 2.2037
v  -10.7842 -40.6215 3.5379
v  -10.7747 -38.9444 3.5344
v  -10.1068 -40.6215 4.7112
v  -10.0991 -38.9444 4.7047
v  -9.0690 -40.6215 5.5820
v  -9.0639 -38.9444 5.5732
v  -7.7959 -40.6215 6.0454
v  -7.7942 -38.9444 6.0354
v  -6.4411 -40.6215 6.0454
v  -6.4429 -38.9444 6.0354
v  -5.1681 -40.6215 5.5820
v  -5.1731 -38.9444 5.5733
v  -4.1302 -40.6215 4.7112
v  -4.1380 -38.9444 4.7047
v  -3.4528 -40.6215 3.5379
v  -3.4623 -38.9444 3.5344
v  -3.5251 -55.8863 2.2037
v  -3.7418 -55.8863 0.9746
v  -3.7509 -54.2809 0.9780
v  -3.5347 -54.2809 2.2037
v  -3.1382 -53.7747 2.2037
v  -3.3783 -53.7747 0.8423
v  -3.3878 -52.0977 0.8458
v  -3.1483 -52.0977 2.2037
v  -3.5510 -51.5845 2.2037
v  -3.7662 -51.5845 0.9835
v  -3.7757 -49.9074 0.9870
v  -3.5611 -49.9074 2.2037
v  -3.1647 -49.3903 2.2037
v  -3.4031 -49.3903 0.8514
v  -3.4126 -47.7133 0.8548
v  -3.1748 -47.7133 2.2037
v  -3.5775 -47.2001 2.2037
v  -3.7910 -47.2001 0.9926
v  -3.8005 -45.5230 0.9960
v  -3.5876 -45.5230 2.2037
v  -3.1911 -45.0059 2.2037
v  -3.4280 -45.0059 0.8604
v  -3.4375 -43.3288 0.8639
v  -3.2012 -43.3288 2.2037
v  -3.6039 -42.8156 2.2037
v  -3.8159 -42.8156 1.0016
v  -3.8254 -41.1386 1.0051
v  -3.6140 -41.1386 2.2037
v  -3.5369 -25.7912 0.9001
v  -3.3070 -25.7912 2.2037
v  -3.2969 -27.4682 2.2037
v  -3.5274 -27.4682 0.8966
v  -3.8999 -27.9853 1.0322
v  -3.6934 -27.9853 2.2037
v  -3.6833 -29.6624 2.2037
v  -3.8904 -29.6624 1.0288
v  -3.5120 -30.1756 0.8910
v  -3.2806 -30.1756 2.2037
v  -3.2705 -31.8526 2.2037
v  -3.5025 -31.8526 0.8876
v  -3.8751 -32.3698 1.0232
v  -3.6669 -32.3698 2.2037
v  -3.6568 -34.0468 2.2037
v  -3.8656 -34.0468 1.0197
v  -3.4872 -34.5600 0.8820
v  -3.2541 -34.5600 2.2037
v  -3.2440 -36.2370 2.2037
v  -3.4777 -36.2370 0.8785
v  -3.8502 -36.7542 1.0141
v  -3.6405 -36.7542 2.2037
v  -3.6304 -38.4312 2.2037
v  -3.8407 -38.4312 1.0107
v  -4.3658 -55.8863 -0.1062
v  -4.3732 -54.2809 -0.0999
v  -4.0694 -53.7747 -0.3548
v  -4.0772 -52.0977 -0.3483
v  -4.3856 -51.5845 -0.0895
v  -4.3934 -49.9074 -0.0830
v  -4.0897 -49.3903 -0.3378
v  -4.0974 -47.7133 -0.3313
v  -4.4059 -47.2001 -0.0725
v  -4.4137 -45.5230 -0.0660
v  -4.1100 -45.0059 -0.3208
v  -4.1177 -43.3288 -0.3143
v  -4.4262 -42.8156 -0.0555
v  -4.4339 -41.1386 -0.0490
v  -4.1988 -25.7912 -0.2463
v  -4.1910 -27.4682 -0.2528
v  -4.4947 -27.9853 0.0020
v  -4.4870 -29.6624 -0.0045
v  -4.1785 -30.1756 -0.2633
v  -4.1707 -31.8526 -0.2698
v  -4.4744 -32.3698 -0.0150
v  -4.4667 -34.0468 -0.0215
v  -4.1582 -34.5600 -0.2803
v  -4.1505 -36.2370 -0.2868
v  -4.4542 -36.7542 -0.0320
v  -4.4464 -38.4312 -0.0385
v  -5.3218 -55.8863 -0.9084
v  -5.3266 -54.2809 -0.9000
v  -5.1284 -53.7747 -1.2434
v  -5.1334 -52.0977 -1.2346
v  -5.3348 -51.5845 -0.8859
v  -5.3398 -49.9074 -0.8771
v  -5.1416 -49.3903 -1.2205
v  -5.1467 -47.7133 -1.2117
v  -5.3480 -47.2001 -0.8630
v  -5.3530 -45.5230 -0.8542
v  -5.1548 -45.0059 -1.1975
v  -5.1599 -43.3288 -1.1888
v  -5.3612 -42.8156 -0.8401
v  -5.3663 -41.1386 -0.8313
v  -5.2128 -25.7912 -1.0972
v  -5.2077 -27.4682 -1.1059
v  -5.4059 -27.9853 -0.7626
v  -5.4009 -29.6624 -0.7713
v  -5.1996 -30.1756 -1.1201
v  -5.1945 -31.8526 -1.1288
v  -5.3927 -32.3698 -0.7855
v  -5.3877 -34.0468 -0.7943
v  -5.1863 -34.5600 -1.1430
v  -5.1813 -36.2370 -1.1517
v  -5.3795 -36.7542 -0.8084
v  -5.3744 -38.4312 -0.8172
v  -6.4945 -55.8863 -1.3352
v  -6.4962 -54.2809 -1.3257
v  -6.4274 -53.7747 -1.7161
v  -6.4291 -52.0977 -1.7062
v  -6.4990 -51.5845 -1.3096
v  -6.5008 -49.9074 -1.2997
v  -6.4319 -49.3903 -1.6901
v  -6.4337 -47.7133 -1.6801
v  -6.5036 -47.2001 -1.2836
v  -6.5054 -45.5230 -1.2736
v  -6.4365 -45.0059 -1.6641
v  -6.4383 -43.3288 -1.6541
v  -6.5082 -42.8156 -1.2575
v  -6.5100 -41.1386 -1.2476
v  -6.4567 -25.7912 -1.5499
v  -6.4549 -27.4682 -1.5599
v  -6.5238 -27.9853 -1.1694
v  -6.5220 -29.6624 -1.1794
v  -6.4521 -30.1756 -1.5759
v  -6.4503 -31.8526 -1.5859
v  -6.5192 -32.3698 -1.1955
v  -6.5174 -34.0468 -1.2054
v  -6.4475 -34.5600 -1.6020
v  -6.4457 -36.2370 -1.6120
v  -6.5146 -36.7542 -1.2215
v  -6.5128 -38.4312 -1.2315
v  -7.7425 -55.8863 -1.3352
v  -7.7408 -54.2809 -1.3257
v  -7.8097 -53.7747 -1.7161
v  -7.8079 -52.0977 -1.7062
v  -7.7380 -51.5845 -1.3096
v  -7.7363 -49.9074 -1.2997
v  -7.8051 -49.3903 -1.6901
v  -7.8033 -47.7133 -1.6801
v  -7.7334 -47.2001 -1.2836
v  -7.7317 -45.5230 -1.2736
v  -7.8005 -45.0059 -1.6641
v  -7.7988 -43.3288 -1.6541
v  -7.7288 -42.8156 -1.2575
v  -7.7271 -41.1386 -1.2476
v  -7.7804 -25.7912 -1.5499
v  -7.7821 -27.4682 -1.5599
v  -7.7133 -27.9853 -1.1694
v  -7.7151 -29.6624 -1.1794
v  -7.7850 -30.1756 -1.5759
v  -7.7867 -31.8526 -1.5859
v  -7.7179 -32.3698 -1.1955
v  -7.7196 -34.0468 -1.2054
v  -7.7896 -34.5600 -1.6020
v  -7.7913 -36.2370 -1.6120
v  -7.7225 -36.7542 -1.2215
v  -7.7242 -38.4312 -1.2315
v  -8.9153 -55.8863 -0.9084
v  -8.9104 -54.2809 -0.9000
v  -9.1087 -53.7747 -1.2434
v  -9.1036 -52.0977 -1.2346
v  -8.9023 -51.5845 -0.8859
v  -8.8972 -49.9074 -0.8771
v  -9.0955 -49.3903 -1.2205
v  -9.0904 -47.7133 -1.2117
v  -8.8891 -47.2001 -0.8630
v  -8.8840 -45.5230 -0.8542
v  -9.0822 -45.0059 -1.1975
v  -9.0772 -43.3288 -1.1888
v  -8.8758 -42.8156 -0.8401
v  -8.8708 -41.1386 -0.8313
v  -9.0243 -25.7912 -1.0972
v  -9.0293 -27.4682 -1.1059
v  -8.8311 -27.9853 -0.7626
v  -8.8362 -29.6624 -0.7713
v  -9.0375 -30.1756 -1.1201
v  -9.0426 -31.8526 -1.1288
v  -8.8443 -32.3698 -0.7855
v  -8.8494 -34.0468 -0.7943
v  -9.0507 -34.5600 -1.1430
v  -9.0558 -36.2370 -1.1517
v  -8.8576 -36.7542 -0.8084
v  -8.8626 -38.4312 -0.8172
v  -9.8713 -55.8863 -0.1062
v  -9.8639 -54.2809 -0.0999
v  -10.1676 -53.7747 -0.3548
v  -10.1599 -52.0977 -0.3483
v  -9.8514 -51.5845 -0.0895
v  -9.8437 -49.9074 -0.0830
v  -10.1474 -49.3903 -0.3378
v  -10.1396 -47.7133 -0.3313
v  -9.8311 -47.2001 -0.0725
v  -9.8234 -45.5230 -0.0660
v  -10.1271 -45.0059 -0.3208
v  -10.1193 -43.3288 -0.3143
v  -9.8109 -42.8156 -0.0555
v  -9.8031 -41.1386 -0.0490
v  -10.0383 -25.7912 -0.2463
v  -10.0460 -27.4682 -0.2528
v  -9.7423 -27.9853 0.0020
v  -9.7501 -29.6624 -0.0045
v  -10.0586 -30.1756 -0.2633
v  -10.0663 -31.8526 -0.2698
v  -9.7626 -32.3698 -0.0150
v  -9.7704 -34.0468 -0.0215
v  -10.0788 -34.5600 -0.2803
v  -10.0866 -36.2370 -0.2868
v  -9.7829 -36.7542 -0.0320
v  -9.7906 -38.4312 -0.0385
v  -10.4953 -55.8863 0.9746
v  -10.4862 -54.2809 0.9780
v  -10.8588 -53.7747 0.8423
v  -10.8493 -52.0977 0.8458
v  -10.4709 -51.5845 0.9835
v  -10.4614 -49.9074 0.9870
v  -10.8339 -49.3903 0.8514
v  -10.8244 -47.7133 0.8548
v  -10.4460 -47.2001 0.9926
v  -10.4365 -45.5230 0.9960
v  -10.8091 -45.0059 0.8604
v  -10.7996 -43.3288 0.8639
v  -10.4212 -42.8156 1.0016
v  -10.4117 -41.1386 1.0051
v  -10.7002 -25.7912 0.9001
v  -10.7097 -27.4682 0.8966
v  -10.3371 -27.9853 1.0322
v  -10.3466 -29.6624 1.0288
v  -10.7250 -30.1756 0.8910
v  -10.7345 -31.8526 0.8876
v  -10.3620 -32.3698 1.0232
v  -10.3715 -34.0468 1.0197
v  -10.7499 -34.5600 0.8820
v  -10.7594 -36.2370 0.8785
v  -10.3868 -36.7542 1.0141
v  -10.3963 -38.4312 1.0107
v  -10.7120 -55.8863 2.2037
v  -10.7023 -54.2809 2.2037
v  -11.0988 -53.7747 2.2037
v  -11.0887 -52.0977 2.2037
v  -10.6860 -51.5845 2.2037
v  -10.6759 -49.9074 2.2037
v  -11.0724 -49.3903 2.2037
v  -11.0623 -47.7133 2.2037
v  -10.6596 -47.2001 2.2037
v  -10.6495 -45.5230 2.2037
v  -11.0459 -45.0059 2.2037
v  -11.0358 -43.3288 2.2037
v  -10.6331 -42.8156 2.2037
v  -10.6230 -41.1386 2.2037
v  -10.9300 -25.7912 2.2037
v  -10.9401 -27.4682 2.2037
v  -10.5437 -27.9853 2.2037
v  -10.5538 -29.6624 2.2037
v  -10.9565 -30.1756 2.2037
v  -10.9666 -31.8526 2.2037
v  -10.5701 -32.3698 2.2037
v  -10.5802 -34.0468 2.2037
v  -10.9829 -34.5600 2.2037
v  -10.9930 -36.2370 2.2037
v  -10.5966 -36.7542 2.2037
v  -10.6067 -38.4312 2.2037
v  -10.4953 -55.8863 3.4327
v  -10.4862 -54.2809 3.4294
v  -10.8588 -53.7747 3.5650
v  -10.8493 -52.0977 3.5616
v  -10.4709 -51.5845 3.4238
v  -10.4614 -49.9074 3.4204
v  -10.8339 -49.3903 3.5560
v  -10.8244 -47.7133 3.5525
v  -10.4460 -47.2001 3.4148
v  -10.4365 -45.5230 3.4113
v  -10.8091 -45.0059 3.5469
v  -10.7996 -43.3288 3.5435
v  -10.4212 -42.8156 3.4058
v  -10.4117 -41.1386 3.4023
v  -10.7002 -25.7912 3.5073
v  -10.7097 -27.4682 3.5108
v  -10.3371 -27.9853 3.3752
v  -10.3466 -29.6624 3.3786
v  -10.7250 -30.1756 3.5163
v  -10.7345 -31.8526 3.5198
v  -10.3620 -32.3698 3.3842
v  -10.3715 -34.0468 3.3877
v  -10.7499 -34.5600 3.5254
v  -10.7594 -36.2370 3.5288
v  -10.3868 -36.7542 3.3933
v  -10.3963 -38.4312 3.3967
v  -9.8713 -55.8863 4.5135
v  -9.8639 -54.2809 4.5073
v  -10.1676 -53.7747 4.7622
v  -10.1599 -52.0977 4.7557
v  -9.8514 -51.5845 4.4968
v  -9.8437 -49.9074 4.4903
v  -10.1474 -49.3903 4.7452
v  -10.1396 -47.7133 4.7387
v  -9.8311 -47.2001 4.4798
v  -9.8234 -45.5230 4.4733
v  -10.1271 -45.0059 4.7282
v  -10.1193 -43.3288 4.7217
v  -9.8109 -42.8156 4.4628
v  -9.8031 -41.1386 4.4563
v  -10.0383 -25.7912 4.6537
v  -10.0460 -27.4682 4.6602
v  -9.7423 -27.9853 4.4053
v  -9.7501 -29.6624 4.4118
v  -10.0586 -30.1756 4.6707
v  -10.0663 -31.8526 4.6772
v  -9.7626 -32.3698 4.4223
v  -9.7704 -34.0468 4.4288
v  -10.0788 -34.5600 4.6877
v  -10.0866 -36.2370 4.6942
v  -9.7829 -36.7542 4.4393
v  -9.7906 -38.4312 4.4458
v  -8.9153 -55.8863 5.3157
v  -8.9104 -54.2809 5.3073
v  -9.1087 -53.7747 5.6507
v  -9.1036 -52.0977 5.6420
v  -8.9023 -51.5845 5.2932
v  -8.8972 -49.9074 5.2845
v  -9.0955 -49.3903 5.6278
v  -9.0904 -47.7133 5.6191
v  -8.8891 -47.2001 5.2703
v  -8.8840 -45.5230 5.2616
v  -9.0822 -45.0059 5.6049
v  -9.0772 -43.3288 5.5962
v  -8.8758 -42.8156 5.2474
v  -8.8708 -41.1386 5.2387
v  -9.0243 -25.7912 5.5045
v  -9.0293 -27.4682 5.5133
v  -8.8311 -27.9853 5.1700
v  -8.8362 -29.6624 5.1787
v  -9.0375 -30.1756 5.5274
v  -9.0426 -31.8526 5.5362
v  -8.8443 -32.3698 5.1929
v  -8.8494 -34.0468 5.2016
v  -9.0507 -34.5600 5.5503
v  -9.0558 -36.2370 5.5591
v  -8.8576 -36.7542 5.2158
v  -8.8626 -38.4312 5.2245
v  -7.7425 -55.8863 5.7426
v  -7.7408 -54.2809 5.7330
v  -7.8097 -53.7747 6.1235
v  -7.8079 -52.0977 6.1136
v  -7.7380 -51.5845 5.7170
v  -7.7363 -49.9074 5.7070
v  -7.8051 -49.3903 6.0975
v  -7.8033 -47.7133 6.0875
v  -7.7334 -47.2001 5.6910
v  -7.7317 -45.5230 5.6810
v  -7.8005 -45.0059 6.0714
v  -7.7988 -43.3288 6.0615
v  -7.7288 -42.8156 5.6649
v  -7.7271 -41.1386 5.6549
v  -7.7804 -25.7912 5.9573
v  -7.7821 -27.4682 5.9672
v  -7.7133 -27.9853 5.5768
v  -7.7151 -29.6624 5.5868
v  -7.7850 -30.1756 5.9833
v  -7.7867 -31.8526 5.9933
v  -7.7179 -32.3698 5.6029
v  -7.7196 -34.0468 5.6128
v  -7.7896 -34.5600 6.0094
v  -7.7913 -36.2370 6.0193
v  -7.7225 -36.7542 5.6289
v  -7.7242 -38.4312 5.6389
v  -6.4945 -55.8863 5.7426
v  -6.4962 -54.2809 5.7330
v  -6.4274 -53.7747 6.1235
v  -6.4291 -52.0977 6.1136
v  -6.4990 -51.5845 5.7170
v  -6.5008 -49.9074 5.7070
v  -6.4319 -49.3903 6.0975
v  -6.4337 -47.7133 6.0875
v  -6.5036 -47.2001 5.6910
v  -6.5054 -45.5230 5.6810
v  -6.4365 -45.0059 6.0714
v  -6.4383 -43.3288 6.0615
v  -6.5082 -42.8156 5.6649
v  -6.5100 -41.1386 5.6549
v  -6.4567 -25.7912 5.9573
v  -6.4549 -27.4682 5.9672
v  -6.5238 -27.9853 5.5768
v  -6.5220 -29.6624 5.5868
v  -6.4521 -30.1756 5.9833
v  -6.4503 -31.8526 5.9933
v  -6.5192 -32.3698 5.6029
v  -6.5174 -34.0468 5.6128
v  -6.4475 -34.5600 6.0094
v  -6.4457 -36.2370 6.0193
v  -6.5146 -36.7542 5.6289
v  -6.5128 -38.4312 5.6389
v  -5.3218 -55.8863 5.3157
v  -5.3266 -54.2809 5.3073
v  -5.1284 -53.7747 5.6507
v  -5.1334 -52.0977 5.6420
v  -5.3348 -51.5845 5.2932
v  -5.3398 -49.9074 5.2845
v  -5.1416 -49.3903 5.6278
v  -5.1467 -47.7133 5.6191
v  -5.3480 -47.2001 5.2703
v  -5.3531 -45.5230 5.2616
v  -5.1548 -45.0059 5.6049
v  -5.1599 -43.3288 5.5962
v  -5.3612 -42.8156 5.2474
v  -5.3663 -41.1386 5.2387
v  -5.2128 -25.7912 5.5045
v  -5.2077 -27.4682 5.5133
v  -5.4059 -27.9853 5.1700
v  -5.4009 -29.6624 5.1787
v  -5.1996 -30.1756 5.5274
v  -5.1945 -31.8526 5.5362
v  -5.3927 -32.3698 5.1929
v  -5.3877 -34.0468 5.2016
v  -5.1863 -34.5600 5.5503
v  -5.1813 -36.2370 5.5591
v  -5.3795 -36.7542 5.2158
v  -5.3744 -38.4312 5.2245
v  -4.3658 -55.8863 4.5135
v  -4.3732 -54.2809 4.5073
v  -4.0694 -53.7747 4.7622
v  -4.0772 -52.0977 4.7557
v  -4.3856 -51.5845 4.4968
v  -4.3934 -49.9074 4.4903
v  -4.0897 -49.3903 4.7452
v  -4.0975 -47.7133 4.7387
v  -4.4059 -47.2001 4.4798
v  -4.4137 -45.5230 4.4733
v  -4.1100 -45.0059 4.7282
v  -4.1177 -43.3288 4.7217
v  -4.4262 -42.8156 4.4628
v  -4.4339 -41.1386 4.4563
v  -4.1988 -25.7912 4.6537
v  -4.1910 -27.4682 4.6602
v  -4.4947 -27.9853 4.4053
v  -4.4870 -29.6624 4.4118
v  -4.1785 -30.1756 4.6707
v  -4.1707 -31.8526 4.6772
v  -4.4744 -32.3698 4.4223
v  -4.4667 -34.0468 4.4288
v  -4.1582 -34.5600 4.6877
v  -4.1505 -36.2370 4.6942
v  -4.4542 -36.7542 4.4393
v  -4.4464 -38.4312 4.4458
v  -3.7418 -55.8863 3.4327
v  -3.7509 -54.2809 3.4294
v  -3.3783 -53.7747 3.5650
v  -3.3878 -52.0977 3.5616
v  -3.7662 -51.5845 3.4239
v  -3.7757 -49.9074 3.4204
v  -3.4031 -49.3903 3.5560
v  -3.4126 -47.7133 3.5525
v  -3.7910 -47.2001 3.4148
v  -3.8005 -45.5230 3.4113
v  -3.4280 -45.0059 3.5469
v  -3.4375 -43.3288 3.5435
v  -3.8159 -42.8156 3.4058
v  -3.8254 -41.1386 3.4023
v  -3.5369 -25.7912 3.5073
v  -3.5274 -27.4682 3.5108
v  -3.8999 -27.9853 3.3752
v  -3.8904 -29.6624 3.3786
v  -3.5120 -30.1756 3.5163
v  -3.5025 -31.8526 3.5198
v  -3.8751 -32.3698 3.3842
v  -3.8656 -34.0468 3.3877
v  -3.4872 -34.5600 3.5254
v  -3.4777 -36.2370 3.5288
v  -3.8502 -36.7542 3.3933
v  -3.8407 -38.4312 3.3967
v  -3.6156 -40.8810 2.2037
v  -3.8268 -40.8810 1.0056
v  -3.4514 -40.8791 0.8689
v  -3.2160 -40.8791 2.2037
v  -4.4351 -40.8810 -0.0480
v  -4.1290 -40.8791 -0.3048
v  -5.3671 -40.8810 -0.8300
v  -5.1673 -40.8791 -1.1760
v  -6.5102 -40.8810 -1.2460
v  -6.4409 -40.8791 -1.6395
v  -7.7268 -40.8810 -1.2460
v  -7.7962 -40.8791 -1.6395
v  -8.8700 -40.8810 -0.8300
v  -9.0698 -40.8791 -1.1760
v  -9.8019 -40.8810 -0.0480
v  -10.1080 -40.8791 -0.3048
v  -10.4102 -40.8810 1.0056
v  -10.7857 -40.8791 0.8689
v  -10.6215 -40.8810 2.2037
v  -11.0210 -40.8791 2.2037
v  -10.4102 -40.8810 3.4018
v  -10.7857 -40.8791 3.5384
v  -9.8019 -40.8810 4.4553
v  -10.1080 -40.8791 4.7122
v  -8.8700 -40.8810 5.2373
v  -9.0698 -40.8791 5.5834
v  -7.7268 -40.8810 5.6534
v  -7.7962 -40.8791 6.0469
v  -6.5102 -40.8810 5.6534
v  -6.4409 -40.8791 6.0469
v  -5.3671 -40.8810 5.2373
v  -5.1673 -40.8791 5.5834
v  -4.4351 -40.8810 4.4553
v  -4.1290 -40.8791 4.7122
v  -3.8268 -40.8810 3.4018
v  -3.4514 -40.8791 3.5384
v  -3.8393 -38.6888 1.0101
v  -3.6288 -38.6888 2.2037
v  -3.2292 -38.6868 2.2037
v  -3.4638 -38.6868 0.8735
v  -3.8393 -38.6888 3.3972
v  -3.4638 -38.6868 3.5339
v  -4.4452 -38.6888 4.4468
v  -4.1392 -38.6868 4.7037
v  -5.3737 -38.6888 5.2259
v  -5.1739 -38.6868 5.5719
v  -6.5125 -38.6888 5.6404
v  -6.4432 -38.6868 6.0339
v  -7.7245 -38.6888 5.6404
v  -7.7939 -38.6868 6.0339
v  -8.8634 -38.6888 5.2259
v  -9.0632 -38.6868 5.5719
v  -9.7918 -38.6888 4.4468
v  -10.0979 -38.6868 4.7037
v  -10.3978 -38.6888 3.3972
v  -10.7733 -38.6868 3.5339
v  -10.6082 -38.6888 2.2037
v  -11.0078 -38.6868 2.2037
v  -10.3978 -38.6888 1.0101
v  -10.7733 -38.6868 0.8735
v  -9.7918 -38.6888 -0.0395
v  -10.0979 -38.6868 -0.2963
v  -8.8634 -38.6888 -0.8185
v  -9.0632 -38.6868 -1.1645
v  -7.7245 -38.6888 -1.2330
v  -7.7939 -38.6868 -1.6265
v  -6.5125 -38.6888 -1.2330
v  -6.4432 -38.6868 -1.6265
v  -5.3737 -38.6888 -0.8185
v  -5.1739 -38.6868 -1.1645
v  -4.4452 -38.6888 -0.0395
v  -4.1392 -38.6868 -0.2963
v  -3.5362 -54.0343 2.2037
v  -3.7523 -54.0343 0.9785
v  -3.3768 -54.0323 0.8418
v  -3.1367 -54.0323 2.2037
v  -4.3743 -54.0343 -0.0990
v  -4.0682 -54.0323 -0.3558
v  -5.3274 -54.0343 -0.8987
v  -5.1276 -54.0323 -1.2447
v  -6.4965 -54.0343 -1.3242
v  -6.4271 -54.0323 -1.7177
v  -7.7406 -54.0343 -1.3242
v  -7.8100 -54.0323 -1.7177
v  -8.9097 -54.0343 -0.8987
v  -9.1095 -54.0323 -1.2447
v  -9.8627 -54.0343 -0.0990
v  -10.1688 -54.0323 -0.3558
v  -10.4848 -54.0343 0.9785
v  -10.8602 -54.0323 0.8418
v  -10.7008 -54.0343 2.2037
v  -11.1004 -54.0323 2.2037
v  -10.4848 -54.0343 3.4289
v  -10.8602 -54.0323 3.5656
v  -9.8627 -54.0343 4.5063
v  -10.1688 -54.0323 4.7632
v  -8.9097 -54.0343 5.3060
v  -9.1095 -54.0323 5.6521
v  -7.7406 -54.0343 5.7316
v  -7.8100 -54.0323 6.1250
v  -6.4965 -54.0343 5.7316
v  -6.4271 -54.0323 6.1250
v  -5.3274 -54.0343 5.3060
v  -5.1276 -54.0323 5.6521
v  -4.3743 -54.0343 4.5063
v  -4.0682 -54.0323 4.7632
v  -3.7523 -54.0343 3.4289
v  -3.3768 -54.0323 3.5656
v  -3.7647 -51.8421 0.9830
v  -3.5495 -51.8421 2.2037
v  -3.1499 -51.8401 2.2037
v  -3.3892 -51.8401 0.8463
v  -3.7647 -51.8421 3.4244
v  -3.3892 -51.8401 3.5610
v  -4.3845 -51.8421 4.4978
v  -4.0784 -51.8401 4.7547
v  -5.3340 -51.8421 5.2946
v  -5.1342 -51.8401 5.6406
v  -6.4988 -51.8421 5.7185
v  -6.4294 -51.8401 6.1120
v  -7.7383 -51.8421 5.7185
v  -7.8077 -51.8401 6.1120
v  -8.9031 -51.8421 5.2946
v  -9.1028 -51.8401 5.6406
v  -9.8526 -51.8421 4.4978
v  -10.1587 -51.8401 4.7547
v  -10.4724 -51.8421 3.4244
v  -10.8478 -51.8401 3.5610
v  -10.6876 -51.8421 2.2037
v  -11.0872 -51.8401 2.2037
v  -10.4724 -51.8421 0.9830
v  -10.8478 -51.8401 0.8463
v  -9.8526 -51.8421 -0.0905
v  -10.1587 -51.8401 -0.3473
v  -8.9031 -51.8421 -0.8872
v  -9.1028 -51.8401 -1.2332
v  -7.7383 -51.8421 -1.3112
v  -7.8077 -51.8401 -1.7047
v  -6.4988 -51.8421 -1.3112
v  -6.4294 -51.8401 -1.7047
v  -5.3340 -51.8421 -0.8872
v  -5.1342 -51.8401 -1.2332
v  -4.3845 -51.8421 -0.0905
v  -4.0784 -51.8401 -0.3473
v  -3.5627 -49.6499 2.2037
v  -3.7771 -49.6499 0.9875
v  -3.4017 -49.6479 0.8509
v  -3.1631 -49.6479 2.2037
v  -4.3946 -49.6499 -0.0820
v  -4.0885 -49.6479 -0.3388
v  -5.3406 -49.6499 -0.8758
v  -5.1408 -49.6479 -1.2218
v  -6.5011 -49.6499 -1.2981
v  -6.4317 -49.6479 -1.6916
v  -7.7360 -49.6499 -1.2981
v  -7.8054 -49.6479 -1.6916
v  -8.8964 -49.6499 -0.8758
v  -9.0962 -49.6479 -1.2218
v  -9.8425 -49.6499 -0.0820
v  -10.1485 -49.6479 -0.3388
v  -10.4599 -49.6499 0.9875
v  -10.8354 -49.6479 0.8509
v  -10.6744 -49.6499 2.2037
v  -11.0739 -49.6479 2.2037
v  -10.4599 -49.6499 3.4199
v  -10.8354 -49.6479 3.5565
v  -9.8425 -49.6499 4.4893
v  -10.1485 -49.6479 4.7462
v  -8.8965 -49.6499 5.2831
v  -9.0962 -49.6479 5.6292
v  -7.7360 -49.6499 5.7055
v  -7.8054 -49.6479 6.0990
v  -6.5011 -49.6499 5.7055
v  -6.4317 -49.6479 6.0990
v  -5.3406 -49.6499 5.2831
v  -5.1408 -49.6479 5.6292
v  -4.3946 -49.6499 4.4893
v  -4.0885 -49.6479 4.7462
v  -3.7771 -49.6499 3.4199
v  -3.4017 -49.6479 3.5565
v  -3.7895 -47.4576 0.9920
v  -3.5759 -47.4576 2.2037
v  -3.1763 -47.4557 2.2037
v  -3.4141 -47.4557 0.8554
v  -3.7895 -47.4576 3.4153
v  -3.4141 -47.4557 3.5520
v  -4.4047 -47.4576 4.4808
v  -4.0986 -47.4557 4.7377
v  -5.3472 -47.4576 5.2717
v  -5.1474 -47.4557 5.6177
v  -6.5034 -47.4576 5.6925
v  -6.4340 -47.4557 6.0860
v  -7.7337 -47.4576 5.6925
v  -7.8031 -47.4557 6.0860
v  -8.8898 -47.4576 5.2717
v  -9.0896 -47.4557 5.6177
v  -9.8323 -47.4576 4.4808
v  -10.1384 -47.4557 4.7377
v  -10.4475 -47.4576 3.4153
v  -10.8230 -47.4557 3.5520
v  -10.6611 -47.4576 2.2037
v  -11.0607 -47.4557 2.2037
v  -10.4475 -47.4576 0.9920
v  -10.8230 -47.4557 0.8554
v  -9.8323 -47.4576 -0.0735
v  -10.1384 -47.4557 -0.3303
v  -8.8898 -47.4576 -0.8643
v  -9.0896 -47.4557 -1.2103
v  -7.7337 -47.4576 -1.2851
v  -7.8031 -47.4557 -1.6786
v  -6.5034 -47.4576 -1.2851
v  -6.4340 -47.4557 -1.6786
v  -5.3472 -47.4576 -0.8643
v  -5.1474 -47.4557 -1.2103
v  -4.4047 -47.4576 -0.0735
v  -4.0986 -47.4557 -0.3303
v  -3.5891 -45.2654 2.2037
v  -3.8020 -45.2654 0.9966
v  -3.4265 -45.2635 0.8599
v  -3.1896 -45.2635 2.2037
v  -4.4148 -45.2654 -0.0650
v  -4.1088 -45.2635 -0.3218
v  -5.3538 -45.2654 -0.8529
v  -5.1540 -45.2635 -1.1989
v  -6.5057 -45.2654 -1.2721
v  -6.4363 -45.2635 -1.6656
v  -7.7314 -45.2654 -1.2721
v  -7.8008 -45.2635 -1.6656
v  -8.8832 -45.2654 -0.8529
v  -9.0830 -45.2635 -1.1989
v  -9.8222 -45.2654 -0.0650
v  -10.1283 -45.2635 -0.3218
v  -10.4351 -45.2654 0.9966
v  -10.8105 -45.2635 0.8599
v  -10.6479 -45.2654 2.2037
v  -11.0475 -45.2635 2.2037
v  -10.4351 -45.2654 3.4108
v  -10.8105 -45.2635 3.5475
v  -9.8222 -45.2654 4.4723
v  -10.1283 -45.2635 4.7292
v  -8.8832 -45.2654 5.2602
v  -9.0830 -45.2635 5.6063
v  -7.7314 -45.2654 5.6795
v  -7.8008 -45.2635 6.0730
v  -6.5057 -45.2654 5.6795
v  -6.4363 -45.2635 6.0730
v  -5.3538 -45.2654 5.2602
v  -5.1540 -45.2635 5.6063
v  -4.4149 -45.2654 4.4723
v  -4.1088 -45.2635 4.7292
v  -3.8020 -45.2654 3.4108
v  -3.4265 -45.2635 3.5475
v  -3.8144 -43.0732 1.0011
v  -3.6024 -43.0732 2.2037
v  -3.2028 -43.0713 2.2037
v  -3.4389 -43.0713 0.8644
v  -3.8144 -43.0732 3.4063
v  -3.4389 -43.0713 3.5429
v  -4.4250 -43.0732 4.4638
v  -4.1189 -43.0713 4.7207
v  -5.3604 -43.0732 5.2488
v  -5.1607 -43.0713 5.5948
v  -6.5079 -43.0732 5.6664
v  -6.4386 -43.0713 6.0599
v  -7.7291 -43.0732 5.6664
v  -7.7985 -43.0713 6.0599
v  -8.8766 -43.0732 5.2488
v  -9.0764 -43.0713 5.5948
v  -9.8121 -43.0732 4.4638
v  -10.1181 -43.0713 4.7207
v  -10.4226 -43.0732 3.4063
v  -10.7981 -43.0713 3.5429
v  -10.6347 -43.0732 2.2037
v  -11.0343 -43.0713 2.2037
v  -10.4226 -43.0732 1.0011
v  -10.7981 -43.0713 0.8644
v  -9.8121 -43.0732 -0.0565
v  -10.1181 -43.0713 -0.3133
v  -8.8766 -43.0732 -0.8414
v  -9.0764 -43.0713 -1.1874
v  -7.7291 -43.0732 -1.2591
v  -7.7985 -43.0713 -1.6526
v  -6.5079 -43.0732 -1.2591
v  -6.4386 -43.0713 -1.6526
v  -5.3604 -43.0732 -0.8414
v  -5.1607 -43.0713 -1.1874
v  -4.4250 -43.0732 -0.0565
v  -4.1189 -43.0713 -0.3133
v  -4.2193 -25.5355 1.1485
v  -4.0333 -25.5355 2.2037
v  -3.3086 -25.5336 2.2037
v  -3.5384 -25.5336 0.9006
v  -4.2193 -25.5355 3.2589
v  -3.5384 -25.5336 3.5068
v  -4.7551 -25.5355 4.1869
v  -4.1999 -25.5336 4.6527
v  -5.5759 -25.5355 4.8756
v  -5.2136 -25.5336 5.5032
v  -6.5828 -25.5355 5.2421
v  -6.4569 -25.5336 5.9557
v  -7.6543 -25.5355 5.2421
v  -7.7801 -25.5336 5.9557
v  -8.6612 -25.5355 4.8756
v  -9.0235 -25.5336 5.5032
v  -9.4820 -25.5355 4.1869
v  -10.0371 -25.5336 4.6527
v  -10.0177 -25.5355 3.2589
v  -10.6987 -25.5336 3.5068
v  -10.2038 -25.5355 2.2037
v  -10.9285 -25.5336 2.2037
v  -10.0177 -25.5355 1.1485
v  -10.6987 -25.5336 0.9006
v  -9.4820 -25.5355 0.2205
v  -10.0371 -25.5336 -0.2453
v  -8.6612 -25.5355 -0.4682
v  -9.0235 -25.5336 -1.0958
v  -7.6543 -25.5355 -0.8347
v  -7.7801 -25.5336 -1.5484
v  -6.5828 -25.5355 -0.8347
v  -6.4569 -25.5336 -1.5484
v  -5.5759 -25.5355 -0.4682
v  -5.2136 -25.5336 -1.0958
v  -4.7551 -25.5355 0.2205
v  -4.1999 -25.5336 -0.2453
v  -3.6949 -27.7278 2.2037
v  -3.9014 -27.7278 1.0327
v  -3.5259 -27.7258 0.8961
v  -3.2954 -27.7258 2.2037
v  -4.4959 -27.7278 0.0030
v  -4.1898 -27.7258 -0.2538
v  -5.4067 -27.7278 -0.7612
v  -5.2069 -27.7258 -1.1073
v  -6.5240 -27.7278 -1.1679
v  -6.4546 -27.7258 -1.5614
v  -7.7130 -27.7278 -1.1679
v  -7.7824 -27.7258 -1.5614
v  -8.8303 -27.7278 -0.7612
v  -9.0301 -27.7258 -1.1073
v  -9.7412 -27.7278 0.0030
v  -10.0472 -27.7258 -0.2538
v  -10.3357 -27.7278 1.0327
v  -10.7111 -27.7258 0.8961
v  -10.5421 -27.7278 2.2037
v  -10.9417 -27.7258 2.2037
v  -10.3357 -27.7278 3.3746
v  -10.7111 -27.7258 3.5113
v  -9.7412 -27.7278 4.4043
v  -10.0472 -27.7258 4.6612
v  -8.8303 -27.7278 5.1686
v  -9.0301 -27.7258 5.5146
v  -7.7130 -27.7278 5.5753
v  -7.7824 -27.7258 5.9688
v  -6.5240 -27.7278 5.5753
v  -6.4546 -27.7258 5.9688
v  -5.4067 -27.7278 5.1686
v  -5.2069 -27.7258 5.5146
v  -4.4959 -27.7278 4.4043
v  -4.1898 -27.7258 4.6612
v  -3.9014 -27.7278 3.3746
v  -3.5259 -27.7258 3.5113
v  -3.8890 -29.9200 1.0282
v  -3.6817 -29.9200 2.2037
v  -3.2821 -29.9180 2.2037
v  -3.5135 -29.9180 0.8916
v  -3.8890 -29.9200 3.3792
v  -3.5135 -29.9180 3.5158
v  -4.4858 -29.9200 4.4128
v  -4.1797 -29.9180 4.6697
v  -5.4001 -29.9200 5.1801
v  -5.2003 -29.9180 5.5261
v  -6.5217 -29.9200 5.5883
v  -6.4523 -29.9180 5.9818
v  -7.7153 -29.9200 5.5883
v  -7.7847 -29.9180 5.9818
v  -8.8369 -29.9200 5.1801
v  -9.0367 -29.9180 5.5261
v  -9.7513 -29.9200 4.4128
v  -10.0574 -29.9180 4.6697
v  -10.3481 -29.9200 3.3791
v  -10.7235 -29.9180 3.5158
v  -10.5554 -29.9200 2.2037
v  -10.9549 -29.9180 2.2037
v  -10.3481 -29.9200 1.0282
v  -10.7235 -29.9180 0.8916
v  -9.7513 -29.9200 -0.0055
v  -10.0574 -29.9180 -0.2623
v  -8.8369 -29.9200 -0.7727
v  -9.0367 -29.9180 -1.1187
v  -7.7153 -29.9200 -1.1809
v  -7.7847 -29.9180 -1.5744
v  -6.5217 -29.9200 -1.1809
v  -6.4523 -29.9180 -1.5744
v  -5.4001 -29.9200 -0.7727
v  -5.2003 -29.9180 -1.1187
v  -4.4858 -29.9200 -0.0055
v  -4.1797 -29.9180 -0.2623
v  -3.6685 -32.1122 2.2037
v  -3.8765 -32.1122 1.0237
v  -3.5011 -32.1102 0.8870
v  -3.2689 -32.1102 2.2037
v  -4.4756 -32.1122 -0.0140
v  -4.1696 -32.1102 -0.2708
v  -5.3935 -32.1122 -0.7841
v  -5.1937 -32.1102 -1.1302
v  -6.5194 -32.1122 -1.1940
v  -6.4500 -32.1102 -1.5874
v  -7.7176 -32.1122 -1.1940
v  -7.7870 -32.1102 -1.5874
v  -8.8436 -32.1122 -0.7841
v  -9.0433 -32.1102 -1.1302
v  -9.7614 -32.1122 -0.0140
v  -10.0675 -32.1102 -0.2708
v  -10.3605 -32.1122 1.0237
v  -10.7360 -32.1102 0.8870
v  -10.5686 -32.1122 2.2037
v  -10.9681 -32.1102 2.2037
v  -10.3605 -32.1122 3.3837
v  -10.7360 -32.1102 3.5203
v  -9.7614 -32.1122 4.4213
v  -10.0675 -32.1102 4.6782
v  -8.8436 -32.1122 5.1915
v  -9.0433 -32.1102 5.5375
v  -7.7176 -32.1122 5.6013
v  -7.7870 -32.1102 5.9948
v  -6.5194 -32.1122 5.6013
v  -6.4500 -32.1102 5.9948
v  -5.3935 -32.1122 5.1915
v  -5.1937 -32.1102 5.5375
v  -4.4756 -32.1122 4.4213
v  -4.1696 -32.1102 4.6782
v  -3.8765 -32.1122 3.3837
v  -3.5011 -32.1102 3.5203
v  -3.8641 -34.3044 1.0192
v  -3.6552 -34.3044 2.2037
v  -3.2557 -34.3024 2.2037
v  -3.4886 -34.3024 0.8825
v  -3.8641 -34.3044 3.3882
v  -3.4887 -34.3024 3.5249
v  -4.4655 -34.3044 4.4298
v  -4.1594 -34.3024 4.6867
v  -5.3869 -34.3044 5.2030
v  -5.1871 -34.3024 5.5490
v  -6.5171 -34.3044 5.6143
v  -6.4478 -34.3024 6.0078
v  -7.7199 -34.3044 5.6143
v  -7.7893 -34.3024 6.0078
v  -8.8502 -34.3044 5.2030
v  -9.0499 -34.3024 5.5490
v  -9.7715 -34.3044 4.4298
v  -10.0776 -34.3024 4.6867
v  -10.3729 -34.3044 3.3882
v  -10.7484 -34.3024 3.5249
v  -10.5818 -34.3044 2.2037
v  -10.9814 -34.3024 2.2037
v  -10.3729 -34.3044 1.0192
v  -10.7484 -34.3024 0.8825
v  -9.7715 -34.3044 -0.0225
v  -10.0776 -34.3024 -0.2793
v  -8.8502 -34.3044 -0.7956
v  -9.0499 -34.3024 -1.1416
v  -7.7199 -34.3044 -1.2070
v  -7.7893 -34.3024 -1.6005
v  -6.5171 -34.3044 -1.2070
v  -6.4478 -34.3024 -1.6005
v  -5.3869 -34.3044 -0.7956
v  -5.1871 -34.3024 -1.1416
v  -4.4655 -34.3044 -0.0225
v  -4.1594 -34.3024 -0.2793
v  -3.6420 -36.4966 2.2037
v  -3.8517 -36.4966 1.0147
v  -3.4762 -36.4946 0.8780
v  -3.2425 -36.4946 2.2037
v  -4.4554 -36.4966 -0.0310
v  -4.1493 -36.4946 -0.2878
v  -5.3803 -36.4966 -0.8071
v  -5.1805 -36.4946 -1.1531
v  -6.5148 -36.4966 -1.2200
v  -6.4455 -36.4946 -1.6135
v  -7.7222 -36.4966 -1.2200
v  -7.7916 -36.4946 -1.6135
v  -8.8568 -36.4966 -0.8071
v  -9.0566 -36.4946 -1.1531
v  -9.7817 -36.4966 -0.0310
v  -10.0878 -36.4946 -0.2878
v  -10.3854 -36.4966 1.0147
v  -10.7608 -36.4946 0.8780
v  -10.5950 -36.4966 2.2037
v  -10.9946 -36.4946 2.2037
v  -10.3854 -36.4966 3.3927
v  -10.7608 -36.4946 3.5294
v  -9.7817 -36.4966 4.4383
v  -10.0878 -36.4946 4.6952
v  -8.8568 -36.4966 5.2144
v  -9.0566 -36.4946 5.5605
v  -7.7222 -36.4966 5.6274
v  -7.7916 -36.4946 6.0209
v  -6.5148 -36.4966 5.6274
v  -6.4455 -36.4946 6.0209
v  -5.3803 -36.4966 5.2144
v  -5.1805 -36.4946 5.5605
v  -4.4554 -36.4966 4.4383
v  -4.1493 -36.4946 4.6952
v  -3.8517 -36.4966 3.3927
v  -3.4762 -36.4946 3.5294
v  -3.0104 -62.9937 2.2037
v  -3.2582 -62.9937 0.7986
v  -3.2582 -56.4140 0.7986
v  -3.0104 -56.4140 2.2037
v  -3.9716 -62.9937 -0.4369
v  -3.9716 -56.4140 -0.4369
v  -5.0645 -62.9937 -1.3540
v  -5.0645 -56.4140 -1.3540
v  -6.4052 -62.9937 -1.8420
v  -6.4052 -56.4140 -1.8420
v  -7.8319 -62.9937 -1.8420
v  -7.8319 -56.4140 -1.8420
v  -9.1726 -62.9937 -1.3540
v  -9.1726 -56.4140 -1.3540
v  -10.2655 -62.9937 -0.4369
v  -10.2655 -56.4140 -0.4369
v  -10.9789 -62.9937 0.7986
v  -10.9789 -56.4140 0.7986
v  -11.2266 -62.9937 2.2037
v  -11.2266 -56.4140 2.2037
v  -10.9789 -62.9937 3.6087
v  -10.9789 -56.4140 3.6087
v  -10.2655 -62.9937 4.8443
v  -10.2655 -56.4140 4.8443
v  -9.1726 -62.9937 5.7614
v  -9.1726 -56.4140 5.7614
v  -7.8319 -62.9937 6.2494
v  -7.8319 -56.4140 6.2494
v  -6.4052 -62.9937 6.2494
v  -6.4052 -56.4140 6.2494
v  -5.0645 -62.9937 5.7614
v  -5.0645 -56.4140 5.7614
v  -3.9716 -62.9937 4.8443
v  -3.9716 -56.4140 4.8443
v  -3.2582 -62.9937 3.6087
v  -3.2582 -56.4140 3.6087
v  -3.7404 -56.1329 0.9741
v  -3.5236 -56.1329 2.2037
v  -3.0104 -56.1329 2.2037
v  -3.2582 -56.1329 0.7986
v  -3.7404 -56.1329 3.4332
v  -3.2582 -56.1329 3.6087
v  -4.3646 -56.1329 4.5145
v  -3.9716 -56.1329 4.8443
v  -5.3210 -56.1329 5.3170
v  -5.0645 -56.1329 5.7614
v  -6.4943 -56.1329 5.7440
v  -6.4052 -56.1329 6.2494
v  -7.7428 -56.1329 5.7440
v  -7.8319 -56.1329 6.2494
v  -8.9160 -56.1329 5.3170
v  -9.1726 -56.1329 5.7614
v  -9.8724 -56.1329 4.5145
v  -10.2655 -56.1329 4.8443
v  -10.4967 -56.1329 3.4332
v  -10.9789 -56.1329 3.6087
v  -10.7135 -56.1329 2.2037
v  -11.2266 -56.1329 2.2037
v  -10.4967 -56.1329 0.9741
v  -10.9789 -56.1329 0.7986
v  -9.8724 -56.1329 -0.1071
v  -10.2655 -56.1329 -0.4369
v  -8.9160 -56.1329 -0.9096
v  -9.1726 -56.1329 -1.3540
v  -7.7428 -56.1329 -1.3367
v  -7.8319 -56.1329 -1.8420
v  -6.4943 -56.1329 -1.3367
v  -6.4052 -56.1329 -1.8420
v  -5.3210 -56.1329 -0.9096
v  -5.0645 -56.1329 -1.3540
v  -4.3646 -56.1329 -0.1071
v  -3.9716 -56.1329 -0.4369
v  -2.5497 -63.2882 2.2037
v  -2.8252 -63.2882 0.6411
v  -3.6186 -63.2882 -0.7331
v  -4.8341 -63.2882 -1.7530
v  -6.3252 -63.2882 -2.2957
v  -7.9119 -63.2882 -2.2957
v  -9.4029 -63.2882 -1.7530
v  -10.6185 -63.2882 -0.7331
v  -11.4118 -63.2882 0.6411
v  -11.6874 -63.2882 2.2037
v  -11.4118 -63.2882 3.7663
v  -10.6185 -63.2882 5.1405
v  -9.4029 -63.2882 6.1604
v  -7.9119 -63.2882 6.7031
v  -6.3252 -63.2882 6.7031
v  -4.8341 -63.2882 6.1604
v  -3.6186 -63.2882 5.1405
v  -2.8252 -63.2882 3.7663
v  -2.5497 -63.7210 2.2037
v  -2.8252 -63.7210 0.6411
v  -3.6186 -63.7210 -0.7331
v  -4.8341 -63.7210 -1.7530
v  -6.3252 -63.7210 -2.2957
v  -7.9119 -63.7210 -2.2957
v  -9.4029 -63.7210 -1.7530
v  -10.6185 -63.7210 -0.7331
v  -11.4118 -63.7210 0.6411
v  -11.6874 -63.7210 2.2037
v  -11.4118 -63.7210 3.7663
v  -10.6185 -63.7210 5.1405
v  -9.4029 -63.7210 6.1604
v  -7.9119 -63.7210 6.7031
v  -6.3252 -63.7210 6.7031
v  -4.8341 -63.7210 6.1604
v  -3.6186 -63.7210 5.1405
v  -2.8252 -63.7210 3.7663
v  -3.2591 -64.2492 2.2037
v  -3.4919 -64.2492 0.8837
v  -4.1621 -64.2492 -0.2771
v  -5.1888 -64.2492 -1.1386
v  -6.4484 -64.2492 -1.5971
v  -7.7887 -64.2492 -1.5971
v  -9.0482 -64.2492 -1.1386
v  -10.0750 -64.2492 -0.2771
v  -10.7452 -64.2492 0.8837
v  -10.9779 -64.2492 2.2037
v  -10.7452 -64.2492 3.5237
v  -10.0750 -64.2492 4.6844
v  -9.0482 -64.2492 5.5460
v  -7.7887 -64.2492 6.0044
v  -6.4484 -64.2492 6.0044
v  -5.1888 -64.2492 5.5460
v  -4.1621 -64.2492 4.6844
v  -3.4919 -64.2492 3.5237
v  -3.6246 -64.8083 2.2037
v  -3.8353 -64.8083 1.0087
v  -4.4420 -64.8083 -0.0422
v  -5.3715 -64.8083 -0.8222
v  -6.5118 -64.8083 -1.2372
v  -7.7252 -64.8083 -1.2372
v  -8.8655 -64.8083 -0.8222
v  -9.7951 -64.8083 -0.0422
v  -10.4018 -64.8083 1.0087
v  -10.6125 -64.8083 2.2037
v  -10.4018 -64.8083 3.3987
v  -9.7951 -64.8083 4.4496
v  -8.8655 -64.8083 5.2295
v  -7.7252 -64.8083 5.6446
v  -6.5118 -64.8083 5.6446
v  -5.3715 -64.8083 5.2296
v  -4.4420 -64.8083 4.4496
v  -3.8353 -64.8083 3.3987
v  -3.6246 -65.9266 2.2037
v  -3.8353 -65.9266 1.0087
v  -3.9245 -65.3675 1.0412
v  -3.7195 -65.3675 2.2037
v  -4.4420 -65.9266 -0.0422
v  -4.5148 -65.3675 0.0189
v  -5.3715 -65.9266 -0.8222
v  -5.4190 -65.3675 -0.7399
v  -6.5118 -65.9266 -1.2372
v  -6.5283 -65.3675 -1.1437
v  -7.7252 -65.9266 -1.2372
v  -7.7088 -65.3675 -1.1437
v  -8.8655 -65.9266 -0.8222
v  -8.8180 -65.3675 -0.7399
v  -9.7951 -65.9266 -0.0422
v  -9.7223 -65.3675 0.0189
v  -10.4018 -65.9266 1.0087
v  -10.3125 -65.3675 1.0412
v  -10.6125 -65.9266 2.2037
v  -10.5175 -65.3675 2.2037
v  -10.4018 -65.9266 3.3987
v  -10.3125 -65.3675 3.3662
v  -9.7951 -65.9266 4.4496
v  -9.7223 -65.3675 4.3885
v  -8.8655 -65.9266 5.2295
v  -8.8180 -65.3675 5.1473
v  -7.7252 -65.9266 5.6446
v  -7.7088 -65.3675 5.5510
v  -6.5118 -65.9266 5.6446
v  -6.5283 -65.3675 5.5510
v  -5.3715 -65.9266 5.2296
v  -5.4190 -65.3675 5.1473
v  -4.4420 -65.9266 4.4496
v  -4.5148 -65.3675 4.3885
v  -3.8353 -65.9266 3.3987
v  -3.9245 -65.3675 3.3662
v  -3.2591 -66.4857 2.2037
v  -3.4919 -66.4857 0.8837
v  -4.1621 -66.4857 -0.2771
v  -5.1888 -66.4857 -1.1386
v  -6.4484 -66.4857 -1.5971
v  -7.7887 -66.4857 -1.5971
v  -9.0482 -66.4857 -1.1386
v  -10.0750 -66.4857 -0.2771
v  -10.7452 -66.4857 0.8837
v  -10.9779 -66.4857 2.2037
v  -10.7452 -66.4857 3.5237
v  -10.0750 -66.4857 4.6844
v  -9.0482 -66.4857 5.5460
v  -7.7887 -66.4857 6.0044
v  -6.4484 -66.4857 6.0044
v  -5.1888 -66.4857 5.5460
v  -4.1621 -66.4857 4.6844
v  -3.4919 -66.4857 3.5237
v  -2.6991 -66.6071 2.2037
v  -2.9656 -66.6071 0.6921
v  -3.7330 -66.6071 -0.6371
v  -4.9088 -66.6071 -1.6237
v  -6.3511 -66.6071 -2.1486
v  -7.8860 -66.6071 -2.1486
v  -9.3283 -66.6071 -1.6237
v  -10.5040 -66.6071 -0.6371
v  -11.2715 -66.6071 0.6921
v  -11.5380 -66.6071 2.2037
v  -11.2715 -66.6071 3.7152
v  -10.5040 -66.6071 5.0445
v  -9.3283 -66.6071 6.0311
v  -7.8860 -66.6071 6.5560
v  -6.3511 -66.6071 6.5560
v  -4.9088 -66.6071 6.0311
v  -3.7330 -66.6071 5.0445
v  -2.9656 -66.6071 3.7152
v  -2.6991 -68.5857 2.2037
v  -2.9656 -68.5857 0.6921
v  -3.7330 -68.5857 -0.6371
v  -4.9088 -68.5857 -1.6237
v  -6.3511 -68.5857 -2.1486
v  -7.8860 -68.5857 -2.1486
v  -9.3283 -68.5857 -1.6237
v  -10.5040 -68.5857 -0.6371
v  -11.2715 -68.5857 0.6921
v  -11.5380 -68.5857 2.2037
v  -11.2715 -68.5857 3.7152
v  -10.5040 -68.5857 5.0445
v  -9.3283 -68.5857 6.0311
v  -7.8860 -68.5857 6.5560
v  -6.3511 -68.5857 6.5560
v  -4.9088 -68.5857 6.0311
v  -3.7330 -68.5857 5.0445
v  -2.9656 -68.5857 3.7152
v  -2.3166 -68.7542 2.2037
v  -2.2490 -69.0266 2.2037
v  -2.5427 -69.0266 0.5613
v  -2.6061 -68.7542 0.5613
v  -3.3883 -69.0266 -0.8830
v  -3.4400 -68.7542 -0.8830
v  -4.6838 -69.0266 -1.9549
v  -4.7175 -68.7542 -1.9549
v  -6.2729 -69.0266 -2.5253
v  -6.2847 -68.7542 -2.5253
v  -7.9641 -69.0266 -2.5253
v  -7.9524 -68.7542 -2.5253
v  -9.5533 -69.0266 -1.9549
v  -9.5195 -68.7542 -1.9549
v  -10.8488 -69.0266 -0.8830
v  -10.7970 -68.7542 -0.8830
v  -11.6944 -69.0266 0.5613
v  -11.6309 -68.7542 0.5613
v  -11.9880 -69.0266 2.2037
v  -11.9205 -68.7542 2.2037
v  -11.6944 -69.0266 3.8461
v  -11.6309 -68.7542 3.8461
v  -10.8488 -69.0266 5.2903
v  -10.7971 -68.7542 5.2903
v  -9.5533 -69.0266 6.3623
v  -9.5195 -68.7542 6.3623
v  -7.9641 -69.0266 6.9327
v  -7.9524 -68.7542 6.9327
v  -6.2729 -69.0266 6.9327
v  -6.2847 -68.7542 6.9327
v  -4.6838 -69.0266 6.3623
v  -4.7175 -68.7542 6.3623
v  -3.3883 -69.0266 5.2903
v  -3.4400 -68.7542 5.2903
v  -2.5427 -69.0266 3.8461
v  -2.6061 -68.7542 3.8461
v  -2.6991 -69.4675 2.2037
v  -2.9656 -69.4675 0.6921
v  -2.6061 -69.2991 0.5613
v  -2.3166 -69.2991 2.2037
v  -3.7330 -69.4675 -0.6371
v  -3.4400 -69.2991 -0.8830
v  -4.9088 -69.4675 -1.6237
v  -4.7175 -69.2991 -1.9549
v  -6.3511 -69.4675 -2.1486
v  -6.2847 -69.2991 -2.5253
v  -7.8860 -69.4675 -2.1486
v  -7.9524 -69.2991 -2.5253
v  -9.3283 -69.4675 -1.6237
v  -9.5195 -69.2991 -1.9549
v  -10.5040 -69.4675 -0.6371
v  -10.7970 -69.2991 -0.8830
v  -11.2715 -69.4675 0.6921
v  -11.6309 -69.2991 0.5613
v  -11.5380 -69.4675 2.2037
v  -11.9205 -69.2991 2.2037
v  -11.2715 -69.4675 3.7152
v  -11.6309 -69.2991 3.8461
v  -10.5040 -69.4675 5.0445
v  -10.7971 -69.2991 5.2903
v  -9.3283 -69.4675 6.0311
v  -9.5195 -69.2991 6.3623
v  -7.8860 -69.4675 6.5560
v  -7.9524 -69.2991 6.9327
v  -6.3511 -69.4675 6.5560
v  -6.2847 -69.2991 6.9327
v  -4.9088 -69.4675 6.0311
v  -4.7175 -69.2991 6.3623
v  -3.7330 -69.4675 5.0445
v  -3.4400 -69.2991 5.2903
v  -2.9656 -69.4675 3.7152
v  -2.6061 -69.2991 3.8461
v  -2.6991 -70.6759 2.2037
v  -2.9656 -70.6759 0.6921
v  -3.7330 -70.6759 -0.6371
v  -4.9088 -70.6759 -1.6237
v  -6.3511 -70.6759 -2.1486
v  -7.8860 -70.6759 -2.1486
v  -9.3283 -70.6759 -1.6237
v  -10.5040 -70.6759 -0.6371
v  -11.2715 -70.6759 0.6921
v  -11.5380 -70.6759 2.2037
v  -11.2715 -70.6759 3.7152
v  -10.5040 -70.6759 5.0445
v  -9.3283 -70.6759 6.0311
v  -7.8860 -70.6759 6.5560
v  -6.3511 -70.6759 6.5560
v  -4.9088 -70.6759 6.0311
v  -3.7330 -70.6759 5.0445
v  -2.9656 -70.6759 3.7152
v  -2.3997 -72.6589 2.2037
v  -2.6843 -72.6589 0.5898
v  -2.6843 -70.9871 0.5898
v  -2.3997 -70.9871 2.2037
v  -3.5037 -72.6589 -0.8295
v  -3.5037 -70.9871 -0.8295
v  -4.7591 -72.6589 -1.8829
v  -4.7591 -70.9871 -1.8829
v  -6.2991 -72.6589 -2.4434
v  -6.2991 -70.9871 -2.4434
v  -7.9379 -72.6589 -2.4434
v  -7.9379 -70.9871 -2.4434
v  -9.4779 -72.6589 -1.8829
v  -9.4779 -70.9871 -1.8829
v  -10.7333 -72.6589 -0.8295
v  -10.7333 -70.9871 -0.8295
v  -11.5527 -72.6589 0.5898
v  -11.5527 -70.9871 0.5898
v  -11.8373 -72.6589 2.2037
v  -11.8373 -70.9871 2.2037
v  -11.5527 -72.6589 3.8176
v  -11.5527 -70.9871 3.8176
v  -10.7333 -72.6589 5.2369
v  -10.7333 -70.9871 5.2369
v  -9.4779 -72.6589 6.2903
v  -9.4779 -70.9871 6.2903
v  -7.9379 -72.6589 6.8508
v  -7.9379 -70.9871 6.8508
v  -6.2991 -72.6589 6.8508
v  -6.2991 -70.9871 6.8508
v  -4.7591 -72.6589 6.2903
v  -4.7591 -70.9871 6.2903
v  -3.5037 -72.6589 5.2369
v  -3.5037 -70.9871 5.2369
v  -2.6843 -72.6589 3.8176
v  -2.6843 -70.9871 3.8176
v  -2.6991 -72.9700 2.2037
v  -2.9656 -72.9700 0.6921
v  -3.7330 -72.9700 -0.6371
v  -4.9088 -72.9700 -1.6237
v  -6.3511 -72.9700 -2.1486
v  -7.8860 -72.9700 -2.1486
v  -9.3283 -72.9700 -1.6237
v  -10.5040 -72.9700 -0.6371
v  -11.2715 -72.9700 0.6921
v  -11.5380 -72.9700 2.2037
v  -11.2715 -72.9700 3.7152
v  -10.5040 -72.9700 5.0445
v  -9.3283 -72.9700 6.0311
v  -7.8860 -72.9700 6.5560
v  -6.3511 -72.9700 6.5560
v  -4.9088 -72.9700 6.0311
v  -3.7330 -72.9700 5.0445
v  -2.9656 -72.9700 3.7152
v  -3.0531 -72.9700 2.2037
v  -3.2982 -72.9700 0.8132
v  -4.0042 -72.9700 -0.4096
v  -5.0858 -72.9700 -1.3171
v  -6.4126 -72.9700 -1.8000
v  -7.8245 -72.9700 -1.8000
v  -9.1513 -72.9700 -1.3171
v  -10.2329 -72.9700 -0.4096
v  -10.9388 -72.9700 0.8132
v  -11.1840 -72.9700 2.2037
v  -10.9388 -72.9700 3.5942
v  -10.2329 -72.9700 4.8169
v  -9.1513 -72.9700 5.7245
v  -7.8245 -72.9700 6.2074
v  -6.4126 -72.9700 6.2074
v  -5.0858 -72.9700 5.7245
v  -4.0042 -72.9700 4.8169
v  -3.2982 -72.9700 3.5942
v  -3.5073 -73.7602 2.2037
v  -3.7250 -73.7602 0.9686
v  -4.3521 -73.7602 -0.1176
v  -5.3129 -73.7602 -0.9238
v  -6.4914 -73.7602 -1.3527
v  -7.7456 -73.7602 -1.3527
v  -8.9242 -73.7602 -0.9238
v  -9.8849 -73.7602 -0.1176
v  -10.5120 -73.7602 0.9686
v  -10.7298 -73.7602 2.2037
v  -10.5120 -73.7602 3.4388
v  -9.8849 -73.7602 4.5250
v  -8.9242 -73.7602 5.3311
v  -7.7456 -73.7602 5.7601
v  -6.4914 -73.7602 5.7601
v  -5.3129 -73.7602 5.3311
v  -4.3521 -73.7602 4.5250
v  -3.7250 -73.7602 3.4388
v  -4.4330 -74.7127 2.2037
v  -4.5950 -74.7127 1.2852
v  -5.0613 -74.7127 0.4775
v  -5.7758 -74.7127 -0.1220
v  -6.6522 -74.7127 -0.4410
v  -7.5849 -74.7127 -0.4410
v  -8.4613 -74.7127 -0.1220
v  -9.1757 -74.7127 0.4775
v  -9.6421 -74.7127 1.2852
v  -9.8040 -74.7127 2.2037
v  -9.6421 -74.7127 3.1222
v  -9.1757 -74.7127 3.9299
v  -8.4613 -74.7127 4.5294
v  -7.5849 -74.7127 4.8484
v  -6.6522 -74.7127 4.8484
v  -5.7758 -74.7127 4.5294
v  -5.0613 -74.7127 3.9299
v  -4.5950 -74.7127 3.1222
v  -5.2967 -75.2452 2.2037
v  -5.4066 -75.2452 1.5806
v  -5.7229 -75.2452 1.0326
v  -6.2076 -75.2452 0.6260
v  -6.8022 -75.2452 0.4096
v  -7.4349 -75.2452 0.4096
v  -8.0294 -75.2452 0.6260
v  -8.5141 -75.2452 1.0326
v  -8.8305 -75.2452 1.5806
v  -8.9403 -75.2452 2.2037
v  -8.8305 -75.2452 2.8268
v  -8.5141 -75.2452 3.3747
v  -8.0294 -75.2452 3.7814
v  -7.4349 -75.2452 3.9978
v  -6.8022 -75.2452 3.9978
v  -6.2076 -75.2452 3.7814
v  -5.7229 -75.2452 3.3747
v  -5.4066 -75.2452 2.8268
v  -6.0763 -75.6326 2.2037
v  -6.1392 -75.6326 1.8472
v  -6.3201 -75.6326 1.5338
v  -6.5974 -75.6326 1.3011
v  -6.9375 -75.6326 1.1773
v  -7.2995 -75.6326 1.1773
v  -7.6396 -75.6326 1.3011
v  -7.9169 -75.6326 1.5338
v  -8.0979 -75.6326 1.8472
v  -8.1607 -75.6326 2.2037
v  -8.0979 -75.6326 2.5601
v  -7.9169 -75.6326 2.8736
v  -7.6396 -75.6326 3.1063
v  -7.2995 -75.6326 3.2301
v  -6.9375 -75.6326 3.2301
v  -6.5974 -75.6326 3.1063
v  -6.3201 -75.6326 2.8736
v  -6.1392 -75.6326 2.5601
v  -7.1185 -75.7551 2.2037
v  -4.0447 -18.1448 2.2037
v  -4.2301 -18.1448 1.1524
v  -2.8055 -18.7587 0.6339
v  -2.5287 -18.7587 2.2037
v  -4.7638 -18.1448 0.2279
v  -3.6026 -18.7587 -0.7466
v  -5.5816 -18.1448 -0.4583
v  -4.8236 -18.7587 -1.7712
v  -6.5848 -18.1448 -0.8234
v  -6.3215 -18.7587 -2.3164
v  -7.6523 -18.1448 -0.8234
v  -7.9155 -18.7587 -2.3164
v  -8.6554 -18.1448 -0.4583
v  -9.4134 -18.7587 -1.7712
v  -9.4732 -18.1448 0.2279
v  -10.6345 -18.7587 -0.7466
v  -10.0070 -18.1448 1.1524
v  -11.4315 -18.7587 0.6339
v  -10.1923 -18.1448 2.2037
v  -11.7083 -18.7587 2.2037
v  -10.0070 -18.1448 3.2550
v  -11.4315 -18.7587 3.7735
v  -9.4732 -18.1448 4.1795
v  -10.6345 -18.7587 5.1539
v  -8.6554 -18.1448 4.8657
v  -9.4134 -18.7587 6.1786
v  -7.6523 -18.1448 5.2308
v  -7.9155 -18.7587 6.7237
v  -6.5848 -18.1448 5.2308
v  -6.3215 -18.7587 6.7237
v  -5.5816 -18.1448 4.8657
v  -4.8236 -18.7587 6.1786
v  -4.7638 -18.1448 4.1795
v  -3.6026 -18.7587 5.1539
v  -4.2301 -18.1448 3.2550
v  -2.8055 -18.7587 3.7735
v  -3.9605 -10.0127 1.0542
v  -3.7578 -10.0127 2.2037
v  -4.5441 -10.0127 0.0435
v  -5.4382 -10.0127 -0.7068
v  -6.5349 -10.0127 -1.1060
v  -7.7021 -10.0127 -1.1060
v  -8.7989 -10.0127 -0.7068
v  -9.6930 -10.0127 0.0435
v  -10.2766 -10.0127 1.0542
v  -10.4793 -10.0127 2.2037
v  -10.2766 -10.0127 3.3531
v  -9.6930 -10.0127 4.3639
v  -8.7989 -10.0127 5.1142
v  -7.7021 -10.0127 5.5134
v  -6.5349 -10.0127 5.5134
v  -5.4382 -10.0127 5.1142
v  -4.5441 -10.0127 4.3639
v  -3.9605 -10.0127 3.3531
v  -3.5022 -8.3353 0.8874
v  -3.2701 -8.3353 2.2037
v  -4.1704 -8.3353 -0.2701
v  -5.1943 -8.3353 -1.1292
v  -6.4502 -8.3353 -1.5863
v  -7.7868 -8.3353 -1.5863
v  -9.0428 -8.3353 -1.1292
v  -10.0666 -8.3353 -0.2701
v  -10.7349 -8.3353 0.8874
v  -10.9670 -8.3353 2.2037
v  -10.7349 -8.3353 3.5199
v  -10.0666 -8.3353 4.6774
v  -9.0428 -8.3353 5.5365
v  -7.7868 -8.3353 5.9937
v  -6.4503 -8.3353 5.9937
v  -5.1943 -8.3353 5.5365
v  -4.1704 -8.3353 4.6774
v  -3.5022 -8.3353 3.5199
v  -3.5022 -7.8379 0.8874
v  -3.2701 -7.8379 2.2037
v  -4.1704 -7.8379 -0.2701
v  -5.1943 -7.8379 -1.1292
v  -6.4502 -7.8379 -1.5863
v  -7.7868 -7.8379 -1.5863
v  -9.0428 -7.8379 -1.1292
v  -10.0666 -7.8379 -0.2701
v  -10.7349 -7.8379 0.8874
v  -10.9670 -7.8379 2.2037
v  -10.7349 -7.8379 3.5199
v  -10.0666 -7.8379 4.6774
v  -9.0428 -7.8379 5.5365
v  -7.7868 -7.8379 5.9937
v  -6.4503 -7.8379 5.9937
v  -5.1943 -7.8379 5.5365
v  -4.1704 -7.8379 4.6774
v  -3.5022 -7.8379 3.5199
v  -4.3773 -6.7203 1.2060
v  -4.2014 -6.7203 2.2037
v  -4.8839 -6.7203 0.3286
v  -5.6600 -6.7203 -0.3226
v  -6.6120 -6.7203 -0.6691
v  -7.6251 -6.7203 -0.6691
v  -8.5771 -6.7203 -0.3226
v  -9.3532 -6.7203 0.3286
v  -9.8597 -6.7203 1.2060
v  -10.0356 -6.7203 2.2037
v  -9.8597 -6.7203 3.2014
v  -9.3532 -6.7203 4.0788
v  -8.5771 -6.7203 4.7300
v  -7.6251 -6.7203 5.0765
v  -6.6120 -6.7203 5.0765
v  -5.6600 -6.7203 4.7300
v  -4.8839 -6.7203 4.0788
v  -4.3774 -6.7203 3.2014
v  -3.5287 -5.9443 0.8971
v  -3.2983 -5.9443 2.2037
v  -4.1921 -5.9443 -0.2519
v  -5.2084 -5.9443 -1.1047
v  -6.4551 -5.9443 -1.5585
v  -7.7819 -5.9443 -1.5585
v  -9.0286 -5.9443 -1.1047
v  -10.0450 -5.9443 -0.2519
v  -10.7084 -5.9443 0.8971
v  -10.9388 -5.9443 2.2037
v  -10.7084 -5.9443 3.5103
v  -10.0450 -5.9443 4.6593
v  -9.0286 -5.9443 5.5121
v  -7.7819 -5.9443 5.9659
v  -6.4552 -5.9443 5.9659
v  -5.2084 -5.9443 5.5121
v  -4.1921 -5.9443 4.6593
v  -3.5287 -5.9443 3.5103
v  -2.8934 -4.2677 0.6659
v  -2.6222 -4.2677 2.2037
v  -3.6741 -4.2677 -0.6865
v  -4.8704 -4.2677 -1.6902
v  -6.3377 -4.2677 -2.2243
v  -7.8993 -4.2677 -2.2243
v  -9.3667 -4.2677 -1.6902
v  -10.5629 -4.2677 -0.6865
v  -11.3437 -4.2677 0.6659
v  -11.6148 -4.2677 2.2037
v  -11.3437 -4.2677 3.7415
v  -10.5629 -4.2677 5.0939
v  -9.3667 -4.2677 6.0976
v  -7.8993 -4.2677 6.6317
v  -6.3377 -4.2677 6.6317
v  -4.8704 -4.2677 6.0976
v  -3.6741 -4.2677 5.0939
v  -2.8934 -4.2677 3.7415
v  -2.5255 -2.4426 0.5319
v  -2.2307 -2.4426 2.2037
v  -2.2307 -4.1255 2.2037
v  -2.5255 -4.1255 0.5319
v  -3.3742 -2.4426 -0.9382
v  -3.3742 -4.1255 -0.9382
v  -4.6746 -2.4426 -2.0293
v  -4.6746 -4.1255 -2.0293
v  -6.2698 -2.4426 -2.6099
v  -6.2698 -4.1255 -2.6099
v  -7.9673 -2.4426 -2.6099
v  -7.9673 -4.1255 -2.6099
v  -9.5624 -2.4426 -2.0293
v  -9.5624 -4.1255 -2.0293
v  -10.8628 -2.4426 -0.9382
v  -10.8628 -4.1255 -0.9382
v  -11.7116 -2.4426 0.5319
v  -11.7116 -4.1255 0.5319
v  -12.0064 -2.4426 2.2037
v  -12.0064 -4.1255 2.2037
v  -11.7116 -2.4426 3.8754
v  -11.7116 -4.1255 3.8754
v  -10.8628 -2.4426 5.3455
v  -10.8628 -4.1255 5.3455
v  -9.5624 -2.4426 6.4367
v  -9.5624 -4.1255 6.4367
v  -7.9673 -2.4426 7.0173
v  -7.9673 -4.1255 7.0173
v  -6.2698 -2.4426 7.0173
v  -6.2698 -4.1255 7.0173
v  -4.6746 -2.4426 6.4367
v  -4.6746 -4.1255 6.4367
v  -3.3742 -2.4426 5.3455
v  -3.3742 -4.1255 5.3455
v  -2.5255 -2.4426 3.8754
v  -2.5255 -4.1255 3.8754
v  -3.2017 -1.2912 0.7781
v  -2.9504 -1.2912 2.2037
v  -2.8181 -1.8410 2.2037
v  -3.0774 -1.8410 0.7328
v  -3.9255 -1.2912 -0.4756
v  -3.8242 -1.8410 -0.5606
v  -5.0344 -1.2912 -1.4061
v  -4.9683 -1.8410 -1.5206
v  -6.3947 -1.2912 -1.9012
v  -6.3718 -1.8410 -2.0314
v  -7.8423 -1.2912 -1.9012
v  -7.8653 -1.8410 -2.0314
v  -9.2026 -1.2912 -1.4061
v  -9.2688 -1.8410 -1.5206
v  -10.3115 -1.2912 -0.4756
v  -10.4129 -1.8410 -0.5606
v  -11.0353 -1.2912 0.7781
v  -11.1596 -1.8410 0.7328
v  -11.2867 -1.2912 2.2037
v  -11.4190 -1.8410 2.2037
v  -11.0353 -1.2912 3.6293
v  -11.1596 -1.8410 3.6745
v  -10.3115 -1.2912 4.8829
v  -10.4129 -1.8410 4.9680
v  -9.2026 -1.2912 5.8134
v  -9.2688 -1.8410 5.9280
v  -7.8423 -1.2912 6.3085
v  -7.8653 -1.8410 6.4388
v  -6.3947 -1.2912 6.3085
v  -6.3718 -1.8410 6.4388
v  -5.0344 -1.2912 5.8134
v  -4.9683 -1.8410 5.9280
v  -3.9255 -1.2912 4.8829
v  -3.8242 -1.8410 4.9680
v  -3.2017 -1.2912 3.6293
v  -3.0774 -1.8410 3.6745
v  -3.2318 -0.8318 0.7890
v  -2.9824 -0.8318 2.2037
v  -2.6222 -2.3004 2.2037
v  -2.8934 -2.3004 0.6659
v  -3.9500 -0.8318 -0.4550
v  -3.6741 -2.3004 -0.6865
v  -5.0504 -0.8318 -1.3783
v  -4.8704 -2.3004 -1.6902
v  -6.4003 -0.8318 -1.8696
v  -6.3377 -2.3004 -2.2243
v  -7.8368 -0.8318 -1.8696
v  -7.8993 -2.3004 -2.2243
v  -9.1866 -0.8318 -1.3783
v  -9.3667 -2.3004 -1.6902
v  -10.2870 -0.8318 -0.4550
v  -10.5629 -2.3004 -0.6865
v  -11.0052 -0.8318 0.7890
v  -11.3437 -2.3004 0.6659
v  -11.2547 -0.8318 2.2037
v  -11.6148 -2.3004 2.2037
v  -11.0052 -0.8318 3.6183
v  -11.3437 -2.3004 3.7415
v  -10.2870 -0.8318 4.8624
v  -10.5629 -2.3004 5.0939
v  -9.1866 -0.8318 5.7857
v  -9.3667 -2.3004 6.0976
v  -7.8368 -0.8318 6.2770
v  -7.8993 -2.3004 6.6317
v  -6.4003 -0.8318 6.2770
v  -6.3377 -2.3004 6.6317
v  -5.0504 -0.8318 5.7857
v  -4.8704 -2.3004 6.0976
v  -3.9500 -0.8318 4.8624
v  -3.6741 -2.3004 5.0939
v  -3.2318 -0.8318 3.6183
v  -2.8934 -2.3004 3.7415
v  -2.8558 -0.6129 0.6522
v  -2.5822 -0.6129 2.2037
v  -3.6435 -0.6129 -0.7122
v  -4.8504 -0.6129 -1.7249
v  -6.3308 -0.6129 -2.2637
v  -7.9063 -0.6129 -2.2637
v  -9.3867 -0.6129 -1.7249
v  -10.5936 -0.6129 -0.7122
v  -11.3813 -0.6129 0.6522
v  -11.6549 -0.6129 2.2037
v  -11.3813 -0.6129 3.7552
v  -10.5936 -0.6129 5.1196
v  -9.3867 -0.6129 6.1323
v  -7.9063 -0.6129 6.6711
v  -6.3308 -0.6129 6.6711
v  -4.8504 -0.6129 6.1323
v  -3.6435 -0.6129 5.1196
v  -2.8558 -0.6129 3.7552
v  -2.4797 -0.2529 0.5153
v  -2.2637 1.1776 0.4367
v  -1.9521 1.1776 2.2037
v  -2.1820 -0.2529 2.2037
v  -3.3369 -0.2529 -0.9694
v  -3.1608 1.1776 -1.1172
v  -4.6503 -0.2529 -2.0715
v  -4.5353 1.1776 -2.2706
v  -6.2613 -0.2529 -2.6578
v  -6.2214 1.1776 -2.8842
v  -7.9757 -0.2529 -2.6578
v  -8.0157 1.1776 -2.8842
v  -9.5868 -0.2529 -2.0715
v  -9.7017 1.1776 -2.2706
v  -10.9001 -0.2529 -0.9694
v  -11.0762 1.1776 -1.1172
v  -11.7573 -0.2529 0.5153
v  -11.9734 1.1776 0.4367
v  -12.0550 -0.2529 2.2037
v  -12.2849 1.1776 2.2037
v  -11.7573 -0.2529 3.8921
v  -11.9734 1.1776 3.9707
v  -10.9001 -0.2529 5.3768
v  -11.0762 1.1776 5.5246
v  -9.5868 -0.2529 6.4788
v  -9.7017 1.1776 6.6779
v  -7.9757 -0.2529 7.0652
v  -8.0157 1.1776 7.2916
v  -6.2613 -0.2529 7.0652
v  -6.2214 1.1776 7.2916
v  -4.6503 -0.2529 6.4788
v  -4.5353 1.1776 6.6779
v  -3.3369 -0.2529 5.3768
v  -3.1608 1.1776 5.5246
v  -2.4797 -0.2529 3.8921
v  -2.2637 1.1776 3.9707
v  -1.7964 2.3072 0.2666
v  -1.4548 2.3072 2.2037
v  -2.7799 2.3072 -1.4369
v  -4.2867 2.3072 -2.7012
v  -6.1350 2.3072 -3.3740
v  -8.1020 2.3072 -3.3740
v  -9.9504 2.3072 -2.7012
v  -11.4572 2.3072 -1.4369
v  -12.4406 2.3072 0.2666
v  -12.7822 2.3072 2.2037
v  -12.4406 2.3072 4.1408
v  -11.4572 2.3072 5.8442
v  -9.9504 2.3072 7.1086
v  -8.1020 2.3072 7.7813
v  -6.1350 2.3072 7.7813
v  -4.2867 2.3072 7.1086
v  -2.7799 2.3072 5.8442
v  -1.7964 2.3072 4.1408
v  -1.3223 2.6082 2.2037
v  -1.6719 2.6082 0.2213
v  -1.7308 2.8648 0.2427
v  -1.3850 2.8648 2.2037
v  -2.6784 2.6082 -1.5220
v  -2.7264 2.8648 -1.4817
v  -4.2204 2.6082 -2.8160
v  -4.2518 2.8648 -2.7617
v  -6.1120 2.6082 -3.5045
v  -6.1229 2.8648 -3.4427
v  -8.1250 2.6082 -3.5045
v  -8.1141 2.8648 -3.4427
v  -10.0166 2.6082 -2.8160
v  -9.9853 2.8648 -2.7617
v  -11.5587 2.6082 -1.5220
v  -11.5106 2.8648 -1.4817
v  -12.5652 2.6082 0.2213
v  -12.5063 2.8648 0.2427
v  -12.9147 2.6082 2.2037
v  -12.8520 2.8648 2.2037
v  -12.5652 2.6082 4.1861
v  -12.5063 2.8648 4.1647
v  -11.5587 2.6082 5.9294
v  -11.5106 2.8648 5.8891
v  -10.0166 2.6082 7.2234
v  -9.9853 2.8648 7.1690
v  -8.1250 2.6082 7.9118
v  -8.1141 2.8648 7.8501
v  -6.1120 2.6082 7.9118
v  -6.1229 2.8648 7.8501
v  -4.2204 2.6082 7.2234
v  -4.2518 2.8648 7.1690
v  -2.6784 2.6082 5.9294
v  -2.7264 2.8648 5.8891
v  -1.6719 2.6082 4.1861
v  -1.7308 2.8648 4.1647
v  -4.1621 9.9240 1.1276
v  -3.9724 9.9240 2.2037
v  -4.7084 9.9240 0.1814
v  -5.5454 9.9240 -0.5210
v  -6.5722 9.9240 -0.8947
v  -7.6649 9.9240 -0.8947
v  -8.6916 9.9240 -0.5210
v  -9.5286 9.9240 0.1814
v  -10.0750 9.9240 1.1276
v  -10.2647 9.9240 2.2037
v  -10.0750 9.9240 3.2797
v  -9.5286 9.9240 4.2260
v  -8.6916 9.9240 4.9283
v  -7.6649 9.9240 5.3021
v  -6.5722 9.9240 5.3021
v  -5.5454 9.9240 4.9283
v  -4.7084 9.9240 4.2260
v  -4.1621 9.9240 3.2797
v  -2.4173 9.9240 0.4926
v  -2.1156 9.9240 2.2037
v  -3.2860 9.9240 -1.0122
v  -4.6170 9.9240 -2.1290
v  -6.2498 9.9240 -2.7233
v  -7.9873 9.9240 -2.7233
v  -9.6200 9.9240 -2.1290
v  -10.9510 9.9240 -1.0122
v  -11.8198 9.9240 0.4926
v  -12.1215 9.9240 2.2037
v  -11.8198 9.9240 3.9148
v  -10.9510 9.9240 5.4195
v  -9.6200 9.9240 6.5364
v  -7.9873 9.9240 7.1306
v  -6.2498 9.9240 7.1306
v  -4.6170 9.9240 6.5364
v  -3.2860 9.9240 5.4195
v  -2.4173 9.9240 3.9148
v  -1.9063 10.1298 0.3066
v  -1.5718 10.1298 2.2037
v  -1.7397 10.0662 2.2037
v  -2.0641 10.0662 0.3640
v  -2.8695 10.1298 -1.3617
v  -2.9981 10.0662 -1.2538
v  -4.3451 10.1298 -2.5999
v  -4.4291 10.0662 -2.4545
v  -6.1553 10.1298 -3.2588
v  -6.1845 10.0662 -3.0934
v  -8.0817 10.1298 -3.2588
v  -8.0525 10.0662 -3.0934
v  -9.8919 10.1298 -2.5999
v  -9.8079 10.0662 -2.4545
v  -11.3676 10.1298 -1.3617
v  -11.2389 10.0662 -1.2538
v  -12.3308 10.1298 0.3066
v  -12.1730 10.0662 0.3640
v  -12.6653 10.1298 2.2037
v  -12.4974 10.0662 2.2037
v  -12.3308 10.1298 4.1008
v  -12.1730 10.0662 4.0434
v  -11.3676 10.1298 5.7691
v  -11.2389 10.0662 5.6611
v  -9.8919 10.1298 7.0073
v  -9.8079 10.0662 6.8619
v  -8.0817 10.1298 7.6662
v  -8.0526 10.0662 7.5008
v  -6.1553 10.1298 7.6662
v  -6.1845 10.0662 7.5008
v  -4.3451 10.1298 7.0073
v  -4.4291 10.0662 6.8619
v  -2.8695 10.1298 5.7691
v  -2.9981 10.0662 5.6611
v  -1.9063 10.1298 4.1008
v  -2.0641 10.0662 4.0434
v  -1.7985 10.8456 0.2674
v  -1.4571 10.8456 2.2037
v  -1.3104 10.5235 2.2037
v  -1.6607 10.5235 0.2172
v  -2.7816 10.8456 -1.4354
v  -2.6693 10.5235 -1.5297
v  -4.2878 10.8456 -2.6993
v  -4.2145 10.5235 -2.8263
v  -6.1354 10.8456 -3.3718
v  -6.1100 10.5235 -3.5162
v  -8.1016 10.8456 -3.3718
v  -8.1271 10.5235 -3.5162
v  -9.9493 10.8456 -2.6993
v  -10.0226 10.5235 -2.8263
v  -11.4555 10.8456 -1.4354
v  -11.5678 10.5235 -1.5297
v  -12.4386 10.8456 0.2673
v  -12.5764 10.5235 0.2172
v  -12.7800 10.8456 2.2037
v  -12.9266 10.5235 2.2037
v  -12.4386 10.8456 4.1400
v  -12.5764 10.5235 4.1902
v  -11.4555 10.8456 5.8428
v  -11.5678 10.5235 5.9371
v  -9.9493 10.8456 7.1067
v  -10.0226 10.5235 7.2337
v  -8.1016 10.8456 7.7791
v  -8.1271 10.5235 7.9236
v  -6.1354 10.8456 7.7791
v  -6.1100 10.5235 7.9236
v  -4.2878 10.8456 7.1067
v  -4.2145 10.5235 7.2337
v  -2.7816 10.8456 5.8428
v  -2.6693 10.5235 5.9371
v  -1.7985 10.8456 4.1400
v  -1.6607 10.5235 4.1902
v  -1.5716 11.0972 2.2037
v  -1.9061 11.0972 0.3065
v  -2.8883 11.0972 0.6640
v  -2.6169 11.0972 2.2037
v  -2.8693 11.0972 -1.3618
v  -3.6700 11.0972 -0.6899
v  -4.3450 11.0972 -2.6001
v  -4.8677 11.0972 -1.6949
v  -6.1553 11.0972 -3.2590
v  -6.3368 11.0972 -2.2296
v  -8.0817 11.0972 -3.2590
v  -7.9002 11.0972 -2.2296
v  -9.8920 11.0972 -2.6001
v  -9.3694 11.0972 -1.6949
v  -11.3677 11.0972 -1.3618
v  -10.5670 11.0972 -0.6899
v  -12.3310 11.0972 0.3065
v  -11.3487 11.0972 0.6640
v  -12.6655 11.0972 2.2037
v  -11.6202 11.0972 2.2037
v  -12.3310 11.0971 4.1009
v  -11.3487 11.0971 3.7434
v  -11.3677 11.0971 5.7692
v  -10.5670 11.0971 5.0973
v  -9.8920 11.0971 7.0075
v  -9.3694 11.0971 6.1022
v  -8.0817 11.0971 7.6664
v  -7.9002 11.0971 6.6370
v  -6.1553 11.0971 7.6664
v  -6.3368 11.0971 6.6370
v  -4.3450 11.0971 7.0075
v  -4.8677 11.0971 6.1023
v  -2.8693 11.0971 5.7692
v  -3.6700 11.0971 5.0973
v  -1.9061 11.0971 4.1009
v  -2.8883 11.0971 3.7434
v  -3.8643 12.0079 1.0193
v  -3.6555 12.0079 2.2037
v  -4.4657 12.0079 -0.0223
v  -5.3870 12.0079 -0.7954
v  -6.5172 12.0079 -1.2067
v  -7.7199 12.0079 -1.2067
v  -8.8500 12.0079 -0.7954
v  -9.7714 12.0079 -0.0223
v  -10.3727 12.0079 1.0193
v  -10.5815 12.0079 2.2037
v  -10.3727 12.0079 3.3881
v  -9.7714 12.0079 4.4297
v  -8.8500 12.0079 5.2028
v  -7.7199 12.0079 5.6141
v  -6.5172 12.0079 5.6141
v  -5.3870 12.0079 5.2028
v  -4.4657 12.0079 4.4297
v  -3.8643 12.0079 3.3881
v  -3.6890 12.8395 0.9554
v  -3.4689 12.8395 2.2037
v  -4.3228 12.8395 -0.1422
v  -5.2937 12.8395 -0.9570
v  -6.4848 12.8395 -1.3905
v  -7.7523 12.8395 -1.3905
v  -8.9433 12.8395 -0.9570
v  -9.9143 12.8395 -0.1422
v  -10.5480 12.8395 0.9554
v  -10.7681 12.8395 2.2037
v  -10.5480 12.8395 3.4519
v  -9.9143 12.8395 4.5496
v  -8.9433 12.8395 5.3643
v  -7.7523 12.8395 5.7979
v  -6.4848 12.8395 5.7979
v  -5.2937 12.8395 5.3643
v  -4.3228 12.8395 4.5496
v  -3.6890 12.8395 3.4519
v  -2.7174 13.3699 2.2037
v  -2.9828 13.3699 0.6984
v  -2.5426 13.3699 0.5382
v  -2.2490 13.3699 2.2037
v  -3.7470 13.3699 -0.6253
v  -3.3882 13.3699 -0.9264
v  -4.9179 13.3699 -1.6078
v  -4.6837 13.3699 -2.0135
v  -6.3543 13.3699 -2.1306
v  -6.2729 13.3699 -2.5919
v  -7.8828 13.3699 -2.1306
v  -7.9641 13.3699 -2.5919
v  -9.3191 13.3699 -1.6078
v  -9.5533 13.3699 -2.0135
v  -10.4900 13.3699 -0.6253
v  -10.8488 13.3699 -0.9264
v  -11.2543 13.3699 0.6984
v  -11.6944 13.3699 0.5382
v  -11.5197 13.3699 2.2037
v  -11.9881 13.3699 2.2037
v  -11.2543 13.3699 3.7090
v  -11.6944 13.3699 3.8692
v  -10.4900 13.3699 5.0327
v  -10.8488 13.3699 5.3338
v  -9.3191 13.3699 6.0152
v  -9.5533 13.3699 6.4208
v  -7.8828 13.3699 6.5380
v  -7.9641 13.3699 6.9993
v  -6.3543 13.3699 6.5380
v  -6.2729 13.3699 6.9993
v  -4.9179 13.3699 6.0152
v  -4.6838 13.3699 6.4208
v  -3.7470 13.3699 5.0327
v  -3.3882 13.3699 5.3338
v  -2.9828 13.3699 3.7090
v  -2.5426 13.3699 3.8692
v  -1.9228 18.4285 0.3126
v  -1.5894 18.4285 2.2037
v  -1.5894 15.5881 2.2037
v  -1.9228 15.5881 0.3126
v  -2.8830 18.4285 -1.3504
v  -2.8830 15.5881 -1.3504
v  -4.3540 18.4285 -2.5847
v  -4.3540 15.5881 -2.5847
v  -6.1584 18.4285 -3.2414
v  -6.1584 15.5881 -3.2414
v  -8.0786 18.4285 -3.2414
v  -8.0786 15.5881 -3.2414
v  -9.8831 18.4285 -2.5847
v  -9.8831 15.5881 -2.5847
v  -11.3541 18.4285 -1.3504
v  -11.3541 15.5881 -1.3504
v  -12.3142 18.4285 0.3126
v  -12.3142 15.5881 0.3126
v  -12.6477 18.4285 2.2037
v  -12.6477 15.5881 2.2037
v  -12.3142 18.4285 4.0948
v  -12.3142 15.5881 4.0948
v  -11.3541 18.4285 5.7577
v  -11.3541 15.5880 5.7577
v  -9.8831 18.4285 6.9921
v  -9.8831 15.5880 6.9921
v  -8.0787 18.4285 7.6488
v  -8.0787 15.5880 7.6488
v  -6.1584 18.4285 7.6488
v  -6.1584 15.5880 7.6488
v  -4.3540 18.4285 6.9921
v  -4.3540 15.5880 6.9921
v  -2.8830 18.4285 5.7577
v  -2.8830 15.5880 5.7577
v  -1.9228 18.4285 4.0948
v  -1.9228 15.5881 4.0948
v  -2.5426 20.6466 0.5382
v  -2.2490 20.6466 2.2037
v  -2.1410 13.7332 2.2037
v  -2.4411 13.7332 0.5013
v  -3.3882 20.6466 -0.9264
v  -3.3055 13.7332 -0.9958
v  -4.6837 20.6466 -2.0135
v  -4.6297 13.7332 -2.1070
v  -6.2729 20.6466 -2.5919
v  -6.2542 13.7332 -2.6983
v  -7.9641 20.6466 -2.5919
v  -7.9829 13.7332 -2.6983
v  -9.5533 20.6466 -2.0135
v  -9.6073 13.7332 -2.1070
v  -10.8488 20.6466 -0.9264
v  -10.9316 13.7332 -0.9958
v  -11.6944 20.6466 0.5382
v  -11.7959 13.7332 0.5013
v  -11.9881 20.6466 2.2037
v  -12.0961 13.7332 2.2037
v  -11.6944 20.6466 3.8692
v  -11.7959 13.7332 3.9061
v  -10.8488 20.6466 5.3338
v  -10.9316 13.7332 5.4032
v  -9.5533 20.6466 6.4208
v  -9.6073 13.7332 6.5144
v  -7.9641 20.6466 6.9993
v  -7.9829 13.7332 7.1056
v  -6.2729 20.6466 6.9993
v  -6.2542 13.7332 7.1056
v  -4.6838 20.6466 6.4208
v  -4.6297 13.7332 6.5144
v  -3.3882 20.6466 5.3338
v  -3.3055 13.7332 5.4032
v  -2.5426 20.6466 3.8692
v  -2.4411 13.7332 3.9061
v  -1.1959 10.2720 2.2037
v  -1.5531 10.2720 0.1780
v  -2.5815 10.2720 -1.6033
v  -4.1572 10.2720 -2.9255
v  -6.0901 10.2720 -3.6290
v  -8.1470 10.2720 -3.6290
v  -10.0798 10.2720 -2.9255
v  -11.6555 10.2720 -1.6033
v  -12.6840 10.2720 0.1780
v  -13.0412 10.2720 2.2037
v  -12.6840 10.2720 4.2293
v  -11.6555 10.2720 6.0107
v  -10.0798 10.2720 7.3328
v  -8.1470 10.2720 8.0363
v  -6.0901 10.2720 8.0363
v  -4.1572 10.2720 7.3328
v  -2.5815 10.2720 6.0107
v  -1.5531 10.2720 4.2294
v  -2.5426 56.9046 0.5382
v  -2.2490 56.9046 2.2037
v  -1.5894 55.8484 2.2037
v  -1.9228 55.8484 0.3126
v  -3.3882 56.9046 -0.9264
v  -2.8830 55.8484 -1.3504
v  -4.6837 56.9046 -2.0135
v  -4.3540 55.8484 -2.5847
v  -6.2729 56.9046 -2.5919
v  -6.1584 55.8484 -3.2414
v  -7.9641 56.9046 -2.5919
v  -8.0786 55.8484 -3.2414
v  -9.5533 56.9046 -2.0135
v  -9.8831 55.8484 -2.5847
v  -10.8488 56.9046 -0.9264
v  -11.3541 55.8484 -1.3504
v  -11.6944 56.9046 0.5382
v  -12.3142 55.8484 0.3126
v  -11.9881 56.9046 2.2037
v  -12.6477 55.8484 2.2037
v  -11.6944 56.9046 3.8692
v  -12.3142 55.8484 4.0948
v  -10.8488 56.9046 5.3338
v  -11.3541 55.8484 5.7577
v  -9.5533 56.9046 6.4208
v  -9.8831 55.8484 6.9921
v  -7.9641 56.9046 6.9993
v  -8.0787 55.8484 7.6488
v  -6.2729 56.9046 6.9993
v  -6.1584 55.8484 7.6488
v  -4.6837 56.9046 6.4208
v  -4.3540 55.8484 6.9921
v  -3.3882 56.9046 5.3338
v  -2.8830 55.8484 5.7577
v  -2.5426 56.9046 3.8692
v  -1.9228 55.8484 4.0948
v  -2.9463 56.9046 0.6851
v  -2.6785 56.9046 2.2037
v  -3.7173 56.9046 -0.6503
v  -4.8985 56.9046 -1.6414
v  -6.3475 56.9046 -2.1688
v  -7.8895 56.9046 -2.1688
v  -9.3385 56.9046 -1.6414
v  -10.5197 56.9046 -0.6503
v  -11.2907 56.9046 0.6851
v  -11.5585 56.9046 2.2037
v  -11.2907 56.9046 3.7223
v  -10.5197 56.9046 5.0577
v  -9.3385 56.9046 6.0488
v  -7.8895 56.9046 6.5762
v  -6.3475 56.9046 6.5762
v  -4.8985 56.9046 6.0488
v  -3.7173 56.9046 5.0577
v  -2.9463 56.9046 3.7223
v  -2.9463 58.1947 0.6851
v  -2.6785 58.1947 2.2037
v  -2.6785 57.1133 2.2037
v  -2.9463 57.1133 0.6851
v  -3.7173 58.1947 -0.6503
v  -3.7173 57.1133 -0.6503
v  -4.8985 58.1947 -1.6414
v  -4.8985 57.1133 -1.6414
v  -6.3475 58.1947 -2.1688
v  -6.3475 57.1133 -2.1688
v  -7.8895 58.1947 -2.1688
v  -7.8895 57.1133 -2.1688
v  -9.3385 58.1947 -1.6414
v  -9.3385 57.1133 -1.6414
v  -10.5197 58.1947 -0.6503
v  -10.5197 57.1133 -0.6503
v  -11.2907 58.1947 0.6851
v  -11.2907 57.1133 0.6851
v  -11.5585 58.1947 2.2037
v  -11.5585 57.1133 2.2037
v  -11.2907 58.1947 3.7223
v  -11.2907 57.1133 3.7223
v  -10.5197 58.1947 5.0577
v  -10.5197 57.1133 5.0577
v  -9.3385 58.1947 6.0488
v  -9.3385 57.1133 6.0488
v  -7.8895 58.1947 6.5762
v  -7.8895 57.1133 6.5762
v  -6.3475 58.1947 6.5762
v  -6.3475 57.1133 6.5762
v  -4.8985 58.1947 6.0488
v  -4.8985 57.1133 6.0488
v  -3.7173 58.1947 5.0577
v  -3.7173 57.1133 5.0577
v  -2.9463 58.1947 3.7223
v  -2.9463 57.1133 3.7223
v  -2.6785 58.4033 2.2037
v  -2.9463 58.4033 0.6851
v  -2.5830 58.4034 0.5529
v  -2.2919 58.4034 2.2037
v  -3.7173 58.4033 -0.6503
v  -3.4211 58.4034 -0.8988
v  -4.8985 58.4033 -1.6414
v  -4.7052 58.4034 -1.9763
v  -6.3475 58.4033 -2.1688
v  -6.2804 58.4034 -2.5496
v  -7.8895 58.4033 -2.1688
v  -7.9567 58.4034 -2.5496
v  -9.3385 58.4033 -1.6414
v  -9.5318 58.4034 -1.9763
v  -10.5197 58.4033 -0.6503
v  -10.8159 58.4034 -0.8988
v  -11.2907 58.4033 0.6851
v  -11.6540 58.4034 0.5529
v  -11.5585 58.4033 2.2037
v  -11.9451 58.4034 2.2037
v  -11.2907 58.4033 3.7223
v  -11.6540 58.4034 3.8545
v  -10.5197 58.4033 5.0577
v  -10.8159 58.4033 5.3062
v  -9.3385 58.4033 6.0488
v  -9.5318 58.4033 6.3836
v  -7.8895 58.4033 6.5762
v  -7.9567 58.4033 6.9570
v  -6.3475 58.4033 6.5762
v  -6.2804 58.4033 6.9570
v  -4.8985 58.4033 6.0488
v  -4.7052 58.4033 6.3836
v  -3.7173 58.4033 5.0577
v  -3.4211 58.4033 5.3062
v  -2.9463 58.4033 3.7223
v  -2.5830 58.4034 3.8545
v  -2.0564 59.0845 0.3612
v  -1.7316 59.0845 2.2037
v  -2.9919 59.0845 -1.2590
v  -4.4250 59.0845 -2.4616
v  -6.1831 59.0845 -3.1014
v  -8.0540 59.0845 -3.1014
v  -9.8120 59.0845 -2.4616
v  -11.2452 59.0845 -1.2590
v  -12.1806 59.0845 0.3612
v  -12.5055 59.0845 2.2037
v  -12.1806 59.0845 4.0461
v  -11.2452 59.0845 5.6664
v  -9.8120 59.0845 6.8689
v  -8.0540 59.0845 7.5088
v  -6.1831 59.0845 7.5088
v  -4.4250 59.0845 6.8689
v  -2.9919 59.0845 5.6664
v  -2.0564 59.0845 4.0461
v  -2.0564 59.3902 0.3612
v  -1.7316 59.3902 2.2037
v  -2.9919 59.3902 -1.2590
v  -4.4250 59.3902 -2.4616
v  -6.1831 59.3902 -3.1014
v  -8.0540 59.3902 -3.1014
v  -9.8120 59.3902 -2.4616
v  -11.2452 59.3902 -1.2590
v  -12.1806 59.3902 0.3612
v  -12.5055 59.3902 2.2037
v  -12.1806 59.3902 4.0461
v  -11.2452 59.3902 5.6664
v  -9.8120 59.3902 6.8689
v  -8.0540 59.3902 7.5088
v  -6.1831 59.3902 7.5088
v  -4.4250 59.3902 6.8689
v  -2.9919 59.3902 5.6664
v  -2.0564 59.3902 4.0461
v  -3.0739 60.2020 0.7316
v  -2.8143 60.2020 2.2037
v  -3.8213 60.2020 -0.5630
v  -4.9664 60.2020 -1.5239
v  -6.3711 60.2020 -2.0352
v  -7.8659 60.2020 -2.0352
v  -9.2706 60.2020 -1.5239
v  -10.4158 60.2020 -0.5630
v  -11.1632 60.2020 0.7316
v  -11.4228 60.2020 2.2037
v  -11.1632 60.2020 3.6758
v  -10.4158 60.2020 4.9704
v  -9.2706 60.2020 5.9313
v  -7.8659 60.2020 6.4425
v  -6.3711 60.2020 6.4425
v  -4.9664 60.2020 5.9313
v  -3.8213 60.2020 4.9704
v  -3.0739 60.2020 3.6758
v  -7.1173 60.2020 2.2009
v  23.3424 51.0955 -3.7554
v  26.8585 48.0384 -3.7575
v  23.3424 48.9835 -6.6622
v  23.3424 45.5664 -5.5519
v  23.3424 45.5664 -1.9589
v  23.3424 48.9835 -0.8486
v  0.3099 23.7674 13.5797
v  -15.0088 23.7674 13.5797
v  -15.0088 23.0306 13.2883
v  0.3099 23.0306 13.2883
v  1.0975 23.0206 12.3971
v  1.0975 23.0206 -7.5185
v  1.0975 23.7573 -7.8148
v  1.0975 23.7573 12.6935
v  -15.7964 23.0206 12.3971
v  -15.7964 23.7573 12.6935
v  -15.7964 23.7573 -7.8148
v  -15.7964 23.0206 -7.5185
v  -15.7964 23.7573 13.6245
v  -15.7964 23.0206 13.3281
v  -13.6805 20.5691 -6.4253
v  -12.8930 20.5691 -6.4253
v  -12.8930 20.5691 11.3040
v  -13.6805 20.5691 11.3040
v  1.0975 23.7573 13.6245
v  1.0975 23.0206 13.3281
v  -12.8930 20.5691 12.2350
v  -1.4851 20.5691 12.2350
v  -1.0274 21.1881 12.5135
v  -13.3948 21.1881 12.5135
v  -14.1824 21.1791 12.5176
v  -13.6805 20.5691 12.2350
v  -0.6975 20.5691 12.2350
v  -0.2398 21.1791 12.5176
v  -1.4851 20.5691 11.3040
v  -0.6975 20.5691 11.3040
v  -0.2398 21.1791 11.5866
v  -14.1824 21.1791 11.5866
v  -3.1947 32.5239 16.5389
v  -11.3197 32.5239 16.5389
v  -0.2398 21.1791 -6.7080
v  -12.1072 32.5129 16.6193
v  -2.4071 32.5129 16.6193
v  -2.4071 32.5129 15.6883
v  -12.1072 32.5129 15.6883
v  -3.1947 34.5551 16.5389
v  -11.3197 34.5551 16.5389
v  -12.1072 34.5441 16.6193
v  -12.1072 34.5441 15.6883
v  -2.4071 34.5441 16.6193
v  -2.4071 34.5441 15.6883
v  -12.1072 35.2669 15.6883
v  -12.1072 35.2669 16.6193
v  -11.3197 35.2779 16.5389
v  -11.2204 35.2669 15.6883
v  -3.1947 35.2779 16.5389
v  -3.2939 35.2669 15.6883
v  -2.4071 35.2669 15.6883
v  -2.4071 35.2669 16.6193
v  -14.1824 21.1791 -6.7080
v  -2.4071 32.5129 -10.8097
v  0.3099 23.7674 -8.7010
v  0.3099 23.0306 -8.4097
v  -15.0088 23.0306 -8.4097
v  -15.0088 23.7674 -8.7010
v  -15.7964 23.7573 -8.7458
v  -15.7964 23.0206 -8.4495
v  1.0975 23.7573 -8.7458
v  1.0975 23.0206 -8.4495
v  -12.8930 20.5691 -7.3563
v  -13.3948 21.1881 -7.6348
v  -1.0274 21.1881 -7.6348
v  -1.4851 20.5691 -7.3563
v  -0.6975 20.5691 -6.4253
v  -14.1824 21.1791 -7.6390
v  -13.6805 20.5691 -7.3563
v  -0.2398 21.1791 -7.6390
v  -0.6975 20.5691 -7.3563
v  -1.4851 20.5691 -6.4253
v  -11.3197 32.5239 -11.6602
v  -3.1947 32.5239 -11.6602
v  -12.1072 32.5129 -10.8097
v  -12.1072 32.5129 -11.7407
v  -2.4071 32.5129 -11.7407
v  -11.3197 34.5551 -11.6602
v  -3.1947 34.5551 -11.6602
v  -12.1072 34.5441 -10.8097
v  -12.1072 34.5441 -11.7407
v  -2.4071 34.5441 -11.7407
v  -2.4071 34.5441 -10.8097
v  -3.2939 35.2669 -10.8097
v  -11.2204 35.2669 -10.8097
v  -2.4071 35.2669 -10.8097
v  -12.1072 35.2669 -10.8097
v  -11.3197 35.2779 -11.6602
v  -12.1072 35.2669 -11.7407
v  -3.1947 35.2779 -11.6602
v  -2.4071 35.2669 -11.7407
v  -10.0834 46.2645 -10.9662
v  -4.2043 46.2645 -10.9662
v  -4.2043 34.2002 -11.0426
v  -10.0834 34.2002 -11.0426
v  -4.2043 46.2645 15.8205
v  -10.0834 46.2645 15.8205
v  -10.0834 34.2002 15.8969
v  -4.2043 34.2002 15.8969
v  -4.2043 33.5813 15.0169
v  -10.0834 33.5813 15.0169
v  -10.0834 33.5813 -10.1627
v  -4.2043 33.5813 -10.1627
v  -3.4167 46.0802 15.0169
v  -3.4167 34.1912 15.0169
v  -3.4167 34.1912 -10.1627
v  -3.4167 46.0802 -10.1627
v  -13.1549 55.8769 10.7161
v  -1.1328 55.8769 10.7161
v  -1.1328 55.8769 -5.8618
v  -13.1549 55.8769 -5.8618
v  -10.8709 34.1912 15.0169
v  -10.8709 46.0802 15.0169
v  -10.8709 46.0802 -10.1627
v  -10.8709 34.1912 -10.1627
v  -14.2719 54.3631 -7.5742
v  -0.0157 54.3631 -7.5742
v  -15.1987 54.3776 11.6375
v  -15.1987 54.3776 -6.7832
v  -0.0157 54.3631 12.4285
v  -14.2719 54.3631 12.4285
v  0.9111 54.3776 -6.7832
v  0.9111 54.3776 11.6375
v  -13.5272 55.3723 -6.8206
v  -0.7604 55.3723 -6.8206
v  -14.3612 55.3685 -6.0442
v  -14.3612 55.3685 10.8985
v  -0.7604 55.3723 11.6748
v  -13.5272 55.3723 11.6748
v  0.0736 55.3685 10.8985
v  0.0736 55.3685 -6.0442
v  -10.8709 46.0802 -11.0465
v  -10.8709 34.1912 -11.0465
v  -15.1987 54.3776 -7.4298
v  -14.3612 55.3685 -6.6390
v  -13.9424 55.8639 10.5290
v  -13.9424 55.8639 -5.6748
v  -14.3612 55.3685 11.4932
v  -15.1987 54.3776 12.2841
v  -10.8709 46.0802 15.9008
v  -10.8709 34.1912 15.9008
v  -10.8709 33.5813 -10.1627
v  -10.8709 33.5813 15.0169
v  -3.4167 46.0802 -11.0465
v  -3.4167 34.1912 -11.0465
v  -3.4167 33.5813 15.0169
v  -3.4167 33.5813 -10.1627
v  -3.4167 46.0802 15.9008
v  -3.4167 34.1912 15.9008
v  0.9111 54.3776 12.2841
v  0.0736 55.3685 11.4932
v  -0.3452 55.8639 -5.6748
v  -0.3452 55.8639 10.5290
v  0.0736 55.3685 -6.6390
v  0.9111 54.3776 -7.4298
v  -13.1549 55.8769 -6.4437
v  -1.1328 55.8769 -6.4437
v  -1.1328 55.8769 11.2980
v  -13.1549 55.8769 11.2980
v  -13.9424 55.8639 -6.2436
v  -13.9424 55.8639 11.0978
v  -0.3452 55.8639 11.0978
v  -0.3452 55.8639 -6.2436
v  -4.2043 33.5813 -11.0465
v  -10.0834 33.5813 -11.0465
v  -10.0834 33.5813 15.9008
v  -4.2043 33.5813 15.9008
v  -10.8709 33.5813 -11.0465
v  -10.8709 33.5813 15.9008
v  -3.4167 33.5813 -11.0465
v  -3.4167 33.5813 15.9008
v  23.2764 41.5047 8.8189
v  26.7926 38.4477 8.8169
v  23.2764 39.3928 5.9121
v  23.2764 35.9757 7.0224
v  23.2764 35.9757 10.6154
v  23.2764 39.3928 11.7257
v  23.0877 25.9414 8.8189
v  26.6038 28.9985 8.8210
v  23.0877 28.0533 11.7257
v  23.0877 31.4705 10.6154
v  23.0877 31.4705 7.0224
v  23.0877 28.0533 5.9121
v  23.2764 51.0955 8.8189
v  26.7926 48.0384 8.8169
v  23.2764 48.9835 5.9121
v  23.2764 45.5664 7.0224
v  23.2764 45.5664 10.6154
v  23.2764 48.9835 11.7257
v  -37.6066 41.5047 8.8004
v  -37.6066 39.3928 5.8936
v  -41.1227 38.4477 8.7983
v  -37.6066 35.9757 7.0039
v  -37.6066 35.9757 10.5969
v  -37.6066 39.3928 11.7072
v  -37.4178 25.9414 8.8004
v  -37.4178 28.0533 11.7072
v  -40.9339 28.9985 8.8024
v  -37.4178 31.4705 10.5969
v  -37.4178 31.4705 7.0039
v  -37.4178 28.0533 5.8936
v  -37.6066 51.0955 8.8004
v  -37.6066 48.9835 5.8936
v  -41.1227 48.0384 8.7983
v  -37.6066 45.5664 7.0039
v  -37.6066 45.5664 10.5969
v  -37.6066 48.9835 11.7072
v  -37.5367 41.5047 -3.7554
v  -37.5367 39.3928 -6.6622
v  -41.0528 38.4477 -3.7575
v  -37.5367 35.9757 -5.5519
v  -37.5367 35.9757 -1.9589
v  -37.5367 39.3928 -0.8486
v  -37.3480 25.9414 -3.7554
v  -37.3480 28.0533 -0.8486
v  -40.8641 28.9985 -3.7534
v  -37.3480 31.4705 -1.9589
v  -37.3480 31.4705 -5.5519
v  -37.3480 28.0533 -6.6622
v  -37.5367 51.0955 -3.7554
v  -37.5367 48.9835 -6.6622
v  -41.0528 48.0384 -3.7575
v  -37.5367 45.5664 -5.5519
v  -37.5367 45.5664 -1.9589
v  -37.5367 48.9835 -0.8486
# 4098 vertices

vn -0.0152 -0.4890 -0.8722
vn -0.0747 -0.5632 -0.8230
vn -0.0279 -0.6313 -0.7750
vn 0.0252 -0.6321 -0.7744
vn 0.0744 -0.5678 -0.8198
vn 0.0152 -0.4890 -0.8722
vn -0.0252 0.6321 -0.7744
vn -0.0744 0.5678 -0.8198
vn -0.0152 0.4890 -0.8722
vn 0.0152 0.4890 -0.8722
vn 0.0747 0.5632 -0.8230
vn 0.0279 0.6313 -0.7750
vn -0.0252 -0.6321 0.7744
vn -0.0744 -0.5678 0.8198
vn -0.0152 -0.4890 0.8722
vn 0.0152 -0.4890 0.8722
vn 0.0747 -0.5632 0.8230
vn 0.0279 -0.6313 0.7750
vn -0.0152 0.4890 0.8722
vn -0.0747 0.5632 0.8230
vn -0.0279 0.6313 0.7750
vn 0.0252 0.6321 0.7744
vn 0.0744 0.5678 0.8198
vn 0.0152 0.4890 0.8722
vn 0.5088 0.5472 -0.6646
vn 0.5550 0.5147 -0.6535
vn 0.1584 0.6270 -0.7628
vn -0.3085 0.5701 -0.7614
vn -0.2388 0.6031 -0.7611
vn -0.1584 0.6270 -0.7628
vn -0.5550 0.5147 -0.6535
vn -0.5088 0.5472 -0.6646
vn 0.2388 0.6031 -0.7611
vn 0.3085 0.5701 -0.7614
vn 0.1584 -0.6270 -0.7628
vn 0.5550 -0.5147 -0.6535
vn 0.5088 -0.5472 -0.6646
vn -0.2388 -0.6031 -0.7611
vn -0.3085 -0.5701 -0.7614
vn -0.5088 -0.5472 -0.6646
vn -0.5550 -0.5147 -0.6535
vn -0.1584 -0.6270 -0.7628
vn 0.3085 -0.5701 -0.7614
vn 0.2388 -0.6031 -0.7611
vn 0.1584 0.6270 0.7628
vn 0.5550 0.5147 0.6535
vn 0.5088 0.5472 0.6646
vn -0.2388 0.6031 0.7611
vn -0.3085 0.5701 0.7614
vn -0.5088 0.5472 0.6646
vn -0.5550 0.5147 0.6535
vn -0.1584 0.6270 0.7628
vn 0.3085 0.5701 0.7614
vn 0.2388 0.6031 0.7611
vn 0.5088 -0.5472 0.6646
vn 0.5550 -0.5147 0.6535
vn 0.1584 -0.6270 0.7628
vn -0.3085 -0.5701 0.7614
vn -0.2388 -0.6031 0.7611
vn -0.1584 -0.6270 0.7628
vn -0.5550 -0.5147 0.6535
vn -0.5088 -0.5472 0.6646
vn 0.2388 -0.6031 0.7611
vn 0.3085 -0.5701 0.7614
vn -0.0819 0.3934 -0.9157
vn -0.1524 0.4189 -0.8951
vn -0.2040 0.4085 -0.8897
vn -0.0690 0.3911 -0.9178
vn 0.2040 0.4085 -0.8897
vn 0.1525 0.4189 -0.8951
vn 0.0819 0.3934 -0.9157
vn 0.0690 0.3911 -0.9178
vn -0.2040 -0.4085 -0.8897
vn -0.1524 -0.4189 -0.8951
vn -0.0819 -0.3934 -0.9157
vn -0.0690 -0.3911 -0.9178
vn 0.0819 -0.3934 -0.9157
vn 0.1524 -0.4189 -0.8951
vn 0.2040 -0.4085 -0.8897
vn 0.0690 -0.3911 -0.9178
vn -0.2040 0.4085 0.8897
vn -0.1524 0.4189 0.8951
vn -0.0819 0.3934 0.9157
vn -0.0690 0.3911 0.9178
vn 0.0819 0.3934 0.9157
vn 0.1524 0.4189 0.8951
vn 0.2040 0.4085 0.8897
vn 0.0690 0.3911 0.9178
vn -0.0819 -0.3934 0.9157
vn -0.1524 -0.4189 0.8951
vn -0.2040 -0.4085 0.8897
vn -0.0690 -0.3911 0.9178
vn 0.2040 -0.4085 0.8897
vn 0.1525 -0.4189 0.8951
vn 0.0819 -0.3934 0.9157
vn 0.0690 -0.3911 0.9178
vn 0.0009 -0.5569 -0.8306
vn -0.0000 -0.4475 -0.8943
vn 0.0277 -0.4647 -0.8850
vn 0.0439 -0.5599 -0.8274
vn -0.0000 0.3875 -0.9219
vn -0.0394 0.3779 -0.9250
vn -0.0090 0.3838 -0.9234
vn 0.0004 0.3904 -0.9207
vn -0.0277 -0.4647 -0.8850
vn -0.0424 -0.5583 -0.8285
vn 0.0086 0.3840 -0.9233
vn 0.0394 0.3779 -0.9250
vn 0.0277 0.4647 -0.8850
vn -0.0000 0.4475 -0.8943
vn -0.0009 0.5569 -0.8306
vn 0.0424 0.5583 -0.8285
vn -0.0000 -0.3875 -0.9219
vn -0.0004 -0.3904 -0.9207
vn -0.0086 -0.3840 -0.9233
vn -0.0394 -0.3779 -0.9250
vn -0.0277 0.4647 -0.8850
vn -0.0439 0.5599 -0.8274
vn 0.0394 -0.3779 -0.9250
vn 0.0090 -0.3838 -0.9234
vn 0.0277 -0.4647 0.8850
vn -0.0000 -0.4475 0.8943
vn -0.0009 -0.5569 0.8306
vn 0.0424 -0.5583 0.8285
vn -0.0000 0.3875 0.9219
vn -0.0004 0.3904 0.9207
vn -0.0086 0.3840 0.9233
vn -0.0394 0.3779 0.9250
vn -0.0277 -0.4647 0.8850
vn -0.0439 -0.5599 0.8274
vn 0.0394 0.3779 0.9250
vn 0.0090 0.3838 0.9234
vn 0.0009 0.5569 0.8306
vn -0.0000 0.4475 0.8943
vn 0.0277 0.4647 0.8850
vn 0.0439 0.5599 0.8274
vn -0.0000 -0.3875 0.9219
vn -0.0394 -0.3779 0.9250
vn -0.0090 -0.3838 0.9234
vn 0.0004 -0.3904 0.9207
vn -0.0277 0.4647 0.8850
vn -0.0424 0.5583 0.8285
vn 0.0086 -0.3840 0.9233
vn 0.0394 -0.3779 0.9250
vn 0.0242 -0.6221 -0.7825
vn -0.0020 -0.5108 -0.8597
vn -0.0256 0.3617 -0.9320
vn -0.0075 0.3663 -0.9305
vn -0.0250 -0.6204 -0.7839
vn 0.0020 -0.5108 -0.8597
vn 0.0075 0.3663 -0.9305
vn 0.0256 0.3617 -0.9320
vn 0.0250 0.6204 -0.7839
vn -0.0020 0.5108 -0.8597
vn -0.0075 -0.3663 -0.9305
vn -0.0256 -0.3617 -0.9320
vn -0.0242 0.6221 -0.7825
vn 0.0020 0.5108 -0.8597
vn 0.0256 -0.3617 -0.9320
vn 0.0075 -0.3663 -0.9305
vn 0.0250 -0.6204 0.7839
vn -0.0020 -0.5108 0.8597
vn -0.0075 0.3663 0.9305
vn -0.0256 0.3617 0.9320
vn -0.0242 -0.6221 0.7825
vn 0.0020 -0.5108 0.8597
vn 0.0256 0.3617 0.9320
vn 0.0075 0.3663 0.9305
vn 0.0242 0.6221 0.7825
vn -0.0020 0.5108 0.8597
vn -0.0256 -0.3617 0.9320
vn -0.0075 -0.3663 0.9305
vn -0.0250 0.6204 0.7839
vn 0.0020 0.5108 0.8597
vn 0.0075 -0.3663 0.9305
vn 0.0256 -0.3617 0.9320
vn 0.0063 -0.1754 -0.9845
vn 0.0000 -0.1562 -0.9877
vn -0.0012 -0.1828 -0.9831
vn -0.0063 -0.1754 -0.9845
vn 0.0012 -0.1828 -0.9831
vn 0.0063 0.1754 -0.9845
vn 0.0000 0.1562 -0.9877
vn -0.0012 0.1828 -0.9831
vn -0.0063 0.1754 -0.9845
vn 0.0012 0.1828 -0.9831
vn 0.0063 -0.1754 0.9845
vn 0.0000 -0.1562 0.9877
vn -0.0012 -0.1828 0.9831
vn -0.0063 -0.1754 0.9845
vn 0.0012 -0.1828 0.9831
vn 0.0063 0.1754 0.9845
vn 0.0000 0.1562 0.9877
vn -0.0012 0.1828 0.9831
vn -0.0063 0.1754 0.9845
vn 0.0012 0.1828 0.9831
vn -0.0005 -0.1773 -0.9842
vn 0.0005 -0.1773 -0.9842
vn -0.0005 0.1773 -0.9842
vn 0.0005 0.1773 -0.9842
vn -0.0005 -0.1773 0.9842
vn 0.0005 -0.1773 0.9842
vn -0.0005 0.1773 0.9842
vn 0.0005 0.1773 0.9842
vn 0.0671 0.3686 -0.9272
vn 0.0129 0.3734 -0.9276
vn -0.0129 0.3734 -0.9276
vn -0.0671 0.3686 -0.9272
vn 0.0129 -0.3734 -0.9276
vn 0.0671 -0.3686 -0.9272
vn -0.0671 -0.3686 -0.9272
vn -0.0129 -0.3734 -0.9276
vn 0.0129 0.3734 0.9276
vn 0.0671 0.3686 0.9272
vn -0.0671 0.3686 0.9272
vn -0.0129 0.3734 0.9276
vn 0.0671 -0.3686 0.9272
vn 0.0129 -0.3734 0.9276
vn -0.0129 -0.3734 0.9276
vn -0.0671 -0.3686 0.9272
vn -0.0086 -0.4482 -0.8939
vn -0.1013 -0.4740 -0.8747
vn -0.0007 -0.1790 -0.9838
vn -0.0006 -0.4102 -0.9120
vn -0.1620 -0.3787 -0.9113
vn 0.0015 -0.1834 -0.9830
vn 0.0086 -0.4482 -0.8939
vn 0.1065 -0.4766 -0.8726
vn 0.0007 -0.1790 -0.9838
vn 0.1665 -0.3675 -0.9150
vn 0.0006 -0.4102 -0.9120
vn -0.0015 -0.1834 -0.9830
vn -0.0086 0.4482 -0.8939
vn -0.1065 0.4766 -0.8726
vn -0.0007 0.1790 -0.9838
vn -0.1665 0.3675 -0.9150
vn -0.0006 0.4102 -0.9120
vn 0.0015 0.1834 -0.9830
vn 0.0086 0.4482 -0.8939
vn 0.1013 0.4740 -0.8747
vn 0.0007 0.1790 -0.9838
vn 0.0006 0.4102 -0.9120
vn 0.1620 0.3787 -0.9113
vn -0.0015 0.1834 -0.9830
vn -0.0086 -0.4482 0.8939
vn -0.1065 -0.4766 0.8726
vn -0.0007 -0.1790 0.9838
vn -0.1665 -0.3675 0.9150
vn -0.0006 -0.4102 0.9120
vn 0.0015 -0.1834 0.9830
vn 0.0086 -0.4482 0.8939
vn 0.1013 -0.4740 0.8747
vn 0.0007 -0.1790 0.9838
vn 0.0006 -0.4102 0.9120
vn 0.1620 -0.3787 0.9113
vn -0.0015 -0.1834 0.9830
vn -0.0086 0.4482 0.8939
vn -0.1013 0.4740 0.8747
vn -0.0007 0.1790 0.9838
vn -0.0006 0.4102 0.9120
vn -0.1620 0.3787 0.9113
vn 0.0015 0.1834 0.9830
vn 0.0086 0.4482 0.8939
vn 0.1065 0.4766 0.8726
vn 0.0007 0.1790 0.9838
vn 0.1665 0.3675 0.9150
vn 0.0006 0.4102 0.9120
vn -0.0015 0.1834 0.9830
vn 0.4338 0.4373 -0.7877
vn 0.1210 0.5218 -0.8444
vn 0.0462 0.4214 -0.9057
vn 0.2578 0.3947 -0.8819
vn 0.5489 0.4753 -0.6876
vn 0.3543 0.5928 -0.7232
vn -0.4338 0.4373 -0.7877
vn -0.2578 0.3947 -0.8819
vn -0.0462 0.4214 -0.9057
vn -0.1311 0.5142 -0.8476
vn -0.5489 0.4753 -0.6876
vn -0.3417 0.5890 -0.7323
vn 0.4338 -0.4373 -0.7877
vn 0.2578 -0.3947 -0.8819
vn 0.0462 -0.4214 -0.9057
vn 0.1311 -0.5142 -0.8476
vn 0.5489 -0.4753 -0.6876
vn 0.3417 -0.5890 -0.7323
vn -0.4338 -0.4373 -0.7877
vn -0.1210 -0.5218 -0.8444
vn -0.0462 -0.4214 -0.9057
vn -0.2578 -0.3947 -0.8819
vn -0.5489 -0.4753 -0.6876
vn -0.3543 -0.5928 -0.7232
vn 0.4338 0.4373 0.7877
vn 0.2578 0.3947 0.8819
vn 0.0462 0.4214 0.9057
vn 0.1311 0.5142 0.8476
vn 0.5489 0.4753 0.6876
vn 0.3417 0.5890 0.7323
vn -0.4338 0.4373 0.7877
vn -0.1210 0.5218 0.8444
vn -0.0462 0.4214 0.9057
vn -0.2578 0.3947 0.8819
vn -0.5489 0.4753 0.6876
vn -0.3543 0.5928 0.7232
vn 0.4338 -0.4373 0.7877
vn 0.1210 -0.5218 0.8444
vn 0.0462 -0.4214 0.9057
vn 0.2578 -0.3947 0.8819
vn 0.5489 -0.4753 0.6876
vn 0.3543 -0.5928 0.7232
vn -0.4338 -0.4373 0.7877
vn -0.2578 -0.3947 0.8819
vn -0.0462 -0.4214 0.9057
vn -0.1311 -0.5142 0.8476
vn -0.5489 -0.4753 0.6876
vn -0.3417 -0.5890 0.7323
vn 0.0131 -0.3993 -0.9167
vn -0.0729 -0.4278 -0.9009
vn 0.0008 -0.1870 -0.9824
vn 0.0417 -0.4268 -0.9034
vn -0.0131 -0.3993 -0.9167
vn -0.0008 -0.1870 -0.9824
vn -0.0417 0.4268 -0.9034
vn 0.0131 0.3993 -0.9167
vn 0.0008 0.1870 -0.9824
vn -0.0131 0.3993 -0.9167
vn 0.0729 0.4278 -0.9009
vn -0.0008 0.1870 -0.9824
vn -0.0417 -0.4268 0.9034
vn 0.0131 -0.3993 0.9167
vn 0.0008 -0.1870 0.9824
vn -0.0131 -0.3993 0.9167
vn 0.0729 -0.4278 0.9009
vn -0.0008 -0.1870 0.9824
vn 0.0131 0.3993 0.9167
vn -0.0729 0.4278 0.9009
vn 0.0008 0.1870 0.9824
vn 0.0417 0.4268 0.9034
vn -0.0131 0.3993 0.9167
vn -0.0008 0.1870 0.9824
vn 0.1025 -0.4223 -0.9007
vn 0.0084 -0.4245 -0.9054
vn -0.3660 0.4799 -0.7973
vn -0.2377 0.5325 -0.8123
vn -0.0980 -0.4250 -0.8999
vn -0.0084 -0.4245 -0.9054
vn 0.2377 0.5325 -0.8123
vn 0.3660 0.4799 -0.7973
vn 0.0980 0.4250 -0.8999
vn 0.0084 0.4245 -0.9054
vn -0.2377 -0.5325 -0.8123
vn -0.3660 -0.4799 -0.7973
vn -0.1025 0.4223 -0.9007
vn -0.0084 0.4245 -0.9054
vn 0.3660 -0.4799 -0.7973
vn 0.2377 -0.5325 -0.8123
vn 0.0980 -0.4250 0.8999
vn 0.0084 -0.4245 0.9054
vn -0.2377 0.5325 0.8123
vn -0.3660 0.4799 0.7973
vn -0.1025 -0.4223 0.9007
vn -0.0084 -0.4245 0.9054
vn 0.3660 0.4799 0.7973
vn 0.2377 0.5325 0.8123
vn 0.1025 0.4223 0.9007
vn 0.0084 0.4245 0.9054
vn -0.3660 -0.4799 0.7973
vn -0.2377 -0.5325 0.8123
vn -0.0980 0.4250 0.8999
vn -0.0084 0.4245 0.9054
vn 0.2377 -0.5325 0.8123
vn 0.3660 -0.4799 0.7973
vn -0.0007 -0.1948 -0.9808
vn 0.0007 -0.1948 -0.9808
vn -0.0007 0.1948 -0.9808
vn 0.0007 0.1948 -0.9808
vn -0.0007 -0.1948 0.9808
vn 0.0007 -0.1948 0.9808
vn -0.0007 0.1948 0.9808
vn 0.0007 0.1948 0.9808
vn 0.0870 -0.5003 -0.8614
vn 0.0171 -0.4588 -0.8884
vn -0.2821 0.4262 -0.8595
vn -0.1591 0.4639 -0.8715
vn -0.0855 -0.4974 -0.8633
vn -0.0171 -0.4588 -0.8884
vn 0.1591 0.4639 -0.8715
vn 0.2821 0.4262 -0.8595
vn 0.0855 0.4974 -0.8633
vn 0.0171 0.4588 -0.8884
vn -0.1591 -0.4639 -0.8715
vn -0.2821 -0.4262 -0.8595
vn -0.0870 0.5003 -0.8614
vn -0.0171 0.4588 -0.8884
vn 0.2821 -0.4262 -0.8595
vn 0.1591 -0.4639 -0.8715
vn 0.0855 -0.4974 0.8633
vn 0.0171 -0.4588 0.8884
vn -0.1591 0.4639 0.8715
vn -0.2821 0.4262 0.8595
vn -0.0870 -0.5004 0.8614
vn -0.0171 -0.4588 0.8884
vn 0.2821 0.4262 0.8595
vn 0.1591 0.4639 0.8715
vn 0.0870 0.5003 0.8614
vn 0.0171 0.4588 0.8884
vn -0.2821 -0.4262 0.8595
vn -0.1591 -0.4639 0.8715
vn -0.0855 0.4974 0.8633
vn -0.0171 0.4588 0.8884
vn 0.1591 -0.4639 0.8715
vn 0.2821 -0.4262 0.8595
vn 0.0557 -0.1750 -0.9830
vn -0.0557 -0.1750 -0.9830
vn 0.0557 0.1750 -0.9830
vn -0.0557 0.1750 -0.9830
vn 0.0557 -0.1750 0.9830
vn -0.0557 -0.1750 0.9830
vn 0.0557 0.1750 0.9830
vn -0.0557 0.1750 0.9830
vn 0.0568 -0.5731 -0.8175
vn 0.0462 -0.4340 -0.8997
vn 0.0782 -0.1202 -0.9897
vn -0.0576 -0.5706 -0.8192
vn -0.0462 -0.4340 -0.8997
vn -0.0782 -0.1202 -0.9897
vn 0.0576 0.5706 -0.8192
vn 0.0462 0.4340 -0.8997
vn 0.0782 0.1202 -0.9897
vn -0.0568 0.5731 -0.8175
vn -0.0462 0.4340 -0.8997
vn -0.0782 0.1202 -0.9897
vn 0.0576 -0.5706 0.8192
vn 0.0462 -0.4340 0.8997
vn 0.0782 -0.1202 0.9897
vn -0.0568 -0.5731 0.8175
vn -0.0462 -0.4340 0.8997
vn -0.0782 -0.1202 0.9897
vn 0.0568 0.5731 0.8175
vn 0.0462 0.4340 0.8997
vn 0.0782 0.1202 0.9897
vn -0.0576 0.5706 0.8192
vn -0.0462 0.4340 0.8997
vn -0.0782 0.1202 0.9897
vn 0.0326 -0.5944 -0.8035
vn 0.0228 -0.4339 -0.9007
vn -0.0325 -0.5932 -0.8044
vn -0.0228 -0.4339 -0.9007
vn 0.0325 0.5932 -0.8044
vn 0.0228 0.4339 -0.9007
vn -0.0326 0.5944 -0.8035
vn -0.0228 0.4339 -0.9007
vn 0.0325 -0.5932 0.8044
vn 0.0228 -0.4339 0.9007
vn -0.0326 -0.5944 0.8035
vn -0.0228 -0.4339 0.9007
vn 0.0326 0.5944 0.8035
vn 0.0228 0.4339 0.9007
vn -0.0325 0.5932 0.8044
vn -0.0228 0.4339 0.9007
vn 0.0099 -0.1252 -0.9921
vn -0.0099 -0.1252 -0.9921
vn 0.0099 0.1252 -0.9921
vn -0.0099 0.1252 -0.9921
vn 0.0099 -0.1252 0.9921
vn -0.0099 -0.1252 0.9921
vn 0.0099 0.1252 0.9921
vn -0.0099 0.1252 0.9921
vn 0.1967 -0.5529 -0.8097
vn 0.0476 -0.5969 -0.8009
vn 0.0241 -0.4319 -0.9016
vn 0.0425 -0.4525 -0.8907
vn 0.0301 0.3703 -0.9284
vn 0.0300 0.3720 -0.9277
vn 0.0041 0.3772 -0.9261
vn 0.0041 0.3758 -0.9267
vn -0.2373 -0.5829 -0.7771
vn -0.0425 -0.4525 -0.8907
vn -0.0241 -0.4319 -0.9016
vn -0.0479 -0.5958 -0.8017
vn -0.0041 0.3772 -0.9261
vn -0.0300 0.3720 -0.9277
vn -0.0301 0.3703 -0.9284
vn -0.0041 0.3758 -0.9267
vn 0.2373 0.5829 -0.7771
vn 0.0425 0.4525 -0.8907
vn 0.0241 0.4319 -0.9016
vn 0.0479 0.5958 -0.8017
vn 0.0041 -0.3772 -0.9261
vn 0.0300 -0.3720 -0.9277
vn 0.0301 -0.3703 -0.9284
vn 0.0041 -0.3758 -0.9267
vn -0.1967 0.5529 -0.8097
vn -0.0475 0.5969 -0.8009
vn -0.0241 0.4319 -0.9016
vn -0.0425 0.4525 -0.8907
vn -0.0301 -0.3703 -0.9284
vn -0.0300 -0.3720 -0.9277
vn -0.0041 -0.3772 -0.9261
vn -0.0041 -0.3758 -0.9267
vn 0.2373 -0.5829 0.7771
vn 0.0425 -0.4525 0.8907
vn 0.0241 -0.4319 0.9016
vn 0.0479 -0.5958 0.8017
vn 0.0041 0.3772 0.9261
vn 0.0300 0.3720 0.9277
vn 0.0301 0.3703 0.9284
vn 0.0041 0.3758 0.9267
vn -0.1967 -0.5529 0.8097
vn -0.0476 -0.5969 0.8009
vn -0.0241 -0.4319 0.9016
vn -0.0425 -0.4525 0.8907
vn -0.0301 0.3703 0.9284
vn -0.0300 0.3720 0.9277
vn -0.0041 0.3772 0.9261
vn -0.0041 0.3758 0.9267
vn 0.1967 0.5529 0.8097
vn 0.0476 0.5969 0.8009
vn 0.0241 0.4319 0.9016
vn 0.0425 0.4525 0.8907
vn 0.0301 -0.3703 0.9284
vn 0.0300 -0.3720 0.9277
vn 0.0041 -0.3772 0.9261
vn 0.0041 -0.3758 0.9267
vn -0.2373 0.5829 0.7771
vn -0.0425 0.4525 0.8907
vn -0.0241 0.4319 0.9016
vn -0.0479 0.5958 0.8017
vn -0.0041 -0.3772 0.9261
vn -0.0300 -0.3720 0.9277
vn -0.0301 -0.3703 0.9284
vn -0.0041 -0.3758 0.9267
vn 0.0184 -0.1246 -0.9920
vn 0.0183 -0.1238 -0.9921
vn -0.0184 -0.1246 -0.9920
vn -0.0183 -0.1238 -0.9921
vn 0.0184 0.1246 -0.9920
vn 0.0183 0.1238 -0.9921
vn -0.0184 0.1246 -0.9920
vn -0.0183 0.1238 -0.9921
vn 0.0184 -0.1246 0.9920
vn 0.0183 -0.1238 0.9921
vn -0.0184 -0.1246 0.9920
vn -0.0183 -0.1238 0.9921
vn 0.0184 0.1246 0.9920
vn 0.0183 0.1238 0.9921
vn -0.0184 0.1246 0.9920
vn -0.0183 0.1238 0.9921
vn 0.0152 0.9999 -0.0000
vn -0.0000 1.0000 -0.0000
vn 0.0000 1.0000 -0.0000
vn -0.0152 0.9999 -0.0000
vn 0.0000 -1.0000 -0.0000
vn 0.0152 -0.9999 -0.0000
vn -0.0152 -0.9999 -0.0000
vn 0.0179 0.9998 -0.0000
vn -0.0179 0.9998 -0.0000
vn 0.0179 -0.9998 -0.0000
vn -0.0179 -0.9998 -0.0000
vn 0.0198 0.9998 -0.0000
vn -0.0198 0.9998 -0.0000
vn 0.0198 -0.9998 -0.0000
vn -0.0198 -0.9998 -0.0000
vn 0.0012 1.0000 -0.0000
vn -0.0012 1.0000 -0.0000
vn 0.0012 -1.0000 -0.0000
vn -0.0012 -1.0000 -0.0000
vn 0.0190 0.9998 -0.0000
vn -0.0190 0.9998 -0.0000
vn 0.0190 -0.9998 -0.0000
vn -0.0190 -0.9998 -0.0000
vn 0.3874 0.9219 -0.0000
vn -0.3874 0.9219 -0.0000
vn 0.3874 -0.9219 -0.0000
vn -0.3874 -0.9219 -0.0000
vn 0.7435 0.6687 -0.0000
vn -0.7435 0.6687 -0.0000
vn 0.7435 -0.6687 -0.0000
vn -0.7435 -0.6687 -0.0000
vn 0.2069 0.9784 -0.0000
vn -0.4379 0.8990 -0.0000
vn -0.2069 0.9784 -0.0000
vn 0.4379 0.8990 -0.0000
vn 0.2069 -0.9784 -0.0000
vn -0.4379 -0.8990 -0.0000
vn -0.2069 -0.9784 -0.0000
vn 0.4379 -0.8990 -0.0000
vn -0.3371 0.9415 -0.0000
vn 0.3371 0.9415 -0.0000
vn -0.3371 -0.9415 -0.0000
vn 0.3371 -0.9415 -0.0000
vn -0.2698 0.9629 -0.0000
vn 0.2698 0.9629 -0.0000
vn -0.2698 -0.9629 -0.0000
vn 0.2698 -0.9629 -0.0000
vn -0.1105 0.9939 -0.0000
vn 0.1105 0.9939 -0.0000
vn -0.1105 -0.9939 -0.0000
vn 0.1105 -0.9939 -0.0000
vn 0.0166 0.9999 -0.0000
vn -0.0166 0.9999 0.0000
vn -0.0166 0.9999 -0.0000
vn 0.0166 -0.9999 -0.0000
vn -0.0166 -0.9999 -0.0000
vn -0.9760 0.2177 -0.0000
vn 0.9760 0.2177 -0.0000
vn -0.9760 -0.2177 0.0000
vn 0.9760 -0.2177 -0.0000
vn -1.0000 0.0056 -0.0000
vn -1.0000 0.0036 -0.0006
vn -1.0000 0.0034 0.0008
vn 1.0000 0.0056 -0.0000
vn 1.0000 0.0036 0.0005
vn 1.0000 0.0034 -0.0008
vn -1.0000 -0.0056 -0.0000
vn -1.0000 -0.0036 0.0006
vn -1.0000 -0.0034 -0.0008
vn 1.0000 -0.0056 -0.0000
vn 1.0000 -0.0036 -0.0005
vn 1.0000 -0.0034 0.0008
vn -1.0000 0.0040 -0.0000
vn 1.0000 0.0040 -0.0000
vn -1.0000 -0.0040 -0.0000
vn 1.0000 -0.0040 -0.0000
vn 0.0050 0.8292 0.5589
vn -0.0004 0.8319 0.5549
vn 0.0004 0.8319 -0.5549
vn 0.0046 0.8294 -0.5587
vn -0.0046 0.8294 0.5587
vn -0.0050 0.8292 -0.5589
vn 0.0004 -0.8319 0.5549
vn 0.0046 -0.8294 0.5587
vn 0.0050 -0.8292 -0.5589
vn -0.0004 -0.8319 -0.5549
vn -0.0050 -0.8292 0.5589
vn -0.0046 -0.8294 -0.5587
vn 0.0086 0.8266 0.5627
vn 0.0086 0.8266 -0.5627
vn -0.0086 0.8266 0.5627
vn -0.0086 0.8266 -0.5627
vn 0.0086 -0.8266 0.5627
vn 0.0086 -0.8267 -0.5627
vn -0.0086 -0.8266 0.5627
vn -0.0086 -0.8266 -0.5627
vn 0.0153 0.8259 0.5636
vn 0.0153 0.8259 -0.5636
vn -0.0153 0.8259 -0.5636
vn -0.0153 0.8259 0.5636
vn 0.0153 -0.8259 -0.5636
vn 0.0153 -0.8259 0.5636
vn -0.0153 -0.8259 0.5636
vn -0.0153 -0.8259 -0.5636
vn 0.0164 0.8468 0.5317
vn 0.0164 0.8468 -0.5317
vn -0.0164 0.8468 0.5317
vn -0.0164 0.8468 -0.5317
vn 0.0164 -0.8468 0.5317
vn 0.0164 -0.8468 -0.5317
vn -0.0164 -0.8468 0.5317
vn -0.0164 -0.8468 -0.5317
vn 0.0475 0.8603 -0.5075
vn 0.0621 0.8651 0.4977
vn -0.0475 0.8603 0.5075
vn -0.0621 0.8651 -0.4977
vn 0.0475 -0.8603 0.5075
vn 0.0621 -0.8651 -0.4977
vn -0.0475 -0.8603 -0.5075
vn -0.0621 -0.8651 0.4977
vn 0.4044 0.7970 -0.4486
vn 0.3879 0.8096 0.4405
vn -0.4044 0.7970 0.4486
vn -0.3879 0.8096 -0.4405
vn 0.4044 -0.7970 0.4486
vn 0.3879 -0.8096 -0.4405
vn -0.4044 -0.7970 -0.4486
vn -0.3879 -0.8096 0.4405
vn 0.6536 0.6490 0.3894
vn 0.6536 0.6490 -0.3894
vn -0.6536 0.6490 0.3894
vn -0.6536 0.6490 -0.3894
vn 0.6536 -0.6490 0.3894
vn 0.6536 -0.6490 -0.3894
vn -0.6536 -0.6490 0.3894
vn -0.6536 -0.6490 -0.3894
vn 0.1831 0.9267 0.3281
vn 0.1831 0.9267 -0.3281
vn -0.3579 0.8194 -0.4478
vn -0.3579 0.8194 0.4478
vn -0.1831 0.9267 -0.3281
vn -0.1831 0.9267 0.3281
vn 0.3579 0.8194 0.4478
vn 0.3579 0.8194 -0.4478
vn 0.1831 -0.9267 -0.3281
vn 0.1831 -0.9267 0.3281
vn -0.3579 -0.8194 0.4478
vn -0.3579 -0.8194 -0.4478
vn -0.1831 -0.9267 0.3281
vn -0.1831 -0.9267 -0.3281
vn 0.3579 -0.8194 -0.4478
vn 0.3579 -0.8194 0.4478
vn -0.3151 0.8278 0.4642
vn -0.3151 0.8278 -0.4642
vn 0.3151 0.8278 0.4642
vn 0.3151 0.8278 -0.4642
vn -0.3151 -0.8278 0.4642
vn -0.3151 -0.8278 -0.4642
vn 0.3151 -0.8278 0.4642
vn 0.3151 -0.8278 -0.4642
vn -0.2376 0.8222 0.5172
vn -0.2376 0.8222 -0.5172
vn 0.2376 0.8222 -0.5172
vn 0.2376 0.8222 0.5172
vn -0.2376 -0.8222 -0.5172
vn -0.2376 -0.8222 0.5172
vn 0.2376 -0.8222 0.5172
vn 0.2376 -0.8222 -0.5172
vn -0.1084 0.8173 0.5660
vn -0.1084 0.8173 -0.5660
vn 0.1084 0.8173 -0.5660
vn 0.1084 0.8173 0.5660
vn -0.1084 -0.8173 -0.5660
vn -0.1084 -0.8173 0.5660
vn 0.1084 -0.8173 0.5660
vn 0.1084 -0.8173 -0.5660
vn 0.0117 0.8293 0.5586
vn 0.0117 0.8297 0.5580
vn 0.0117 0.8297 -0.5580
vn 0.0117 0.8293 -0.5586
vn -0.0117 0.8297 0.5580
vn -0.0117 0.8293 0.5586
vn -0.0117 0.8293 -0.5586
vn -0.0117 0.8297 -0.5580
vn 0.0117 -0.8297 0.5580
vn 0.0117 -0.8293 0.5586
vn 0.0117 -0.8293 -0.5586
vn 0.0117 -0.8297 -0.5580
vn -0.0117 -0.8293 0.5586
vn -0.0117 -0.8297 0.5580
vn -0.0117 -0.8297 -0.5580
vn -0.0117 -0.8293 -0.5586
vn -0.6616 0.4057 -0.6306
vn -0.6520 0.4074 -0.6395
vn -0.6616 0.4057 0.6306
vn -0.6520 0.4074 0.6395
vn 0.6616 0.4057 0.6306
vn 0.6520 0.4074 0.6395
vn 0.6616 0.4057 -0.6306
vn 0.6520 0.4074 -0.6395
vn -0.6616 -0.4057 0.6306
vn -0.6520 -0.4074 0.6395
vn -0.6616 -0.4057 -0.6306
vn -0.6520 -0.4074 -0.6395
vn 0.6616 -0.4057 -0.6306
vn 0.6520 -0.4074 -0.6395
vn 0.6616 -0.4057 0.6306
vn 0.6520 -0.4074 0.6395
vn -0.7597 -0.3029 0.5755
vn -0.5366 -0.4609 0.7068
vn -0.5075 -0.4113 -0.7571
vn -0.7597 -0.3029 -0.5755
vn 0.7597 -0.3029 -0.5755
vn 0.5366 -0.4609 -0.7068
vn 0.5075 -0.4113 0.7571
vn 0.7597 -0.3029 0.5755
vn -0.7597 0.3029 -0.5755
vn -0.5366 0.4609 -0.7068
vn -0.5075 0.4113 0.7571
vn -0.7597 0.3029 0.5755
vn 0.7597 0.3029 0.5755
vn 0.5366 0.4609 0.7068
vn 0.5075 0.4113 -0.7571
vn 0.7597 0.3029 -0.5755
vn -0.7307 -0.0793 0.6781
vn -0.7307 -0.0793 -0.6781
vn 0.7307 -0.0793 -0.6781
vn 0.7307 -0.0793 0.6781
vn -0.7307 0.0793 -0.6781
vn -0.7307 0.0793 0.6781
vn 0.7307 0.0793 0.6781
vn 0.7307 0.0793 -0.6781
vn 0.0900 0.2752 -0.9572
vn -0.0942 0.2712 -0.9579
vn 0.0942 -0.2712 -0.9579
vn -0.0900 -0.2752 -0.9572
vn 0.0942 0.2712 0.9579
vn -0.0900 0.2752 0.9572
vn 0.0900 -0.2752 0.9572
vn -0.0942 -0.2712 0.9579
vn -0.0699 -0.1204 -0.9903
vn -0.0034 -0.1446 -0.9895
vn 0.0032 -0.1463 -0.9892
vn 0.0670 -0.1223 -0.9902
vn -0.0032 0.1463 -0.9892
vn -0.0670 0.1223 -0.9902
vn 0.0699 0.1204 -0.9903
vn 0.0034 0.1446 -0.9895
vn -0.0032 -0.1463 0.9892
vn -0.0670 -0.1223 0.9902
vn 0.0699 -0.1204 0.9903
vn 0.0034 -0.1446 0.9895
vn -0.0699 0.1204 0.9903
vn -0.0034 0.1446 0.9895
vn 0.0032 0.1463 0.9892
vn 0.0670 0.1223 0.9902
vn 0.0009 -0.0803 -0.9968
vn 0.0002 -0.0942 -0.9956
vn 0.0009 -0.0964 -0.9953
vn -0.0009 0.0964 -0.9953
vn -0.0009 0.0803 -0.9968
vn -0.0002 0.0942 -0.9956
vn -0.0009 -0.0964 0.9953
vn -0.0009 -0.0803 0.9968
vn -0.0002 -0.0942 0.9956
vn 0.0009 0.0803 0.9968
vn 0.0002 0.0942 0.9956
vn 0.0009 0.0964 0.9953
vn 0.0093 -0.1691 -0.9855
vn -0.0108 -0.1712 -0.9852
vn 0.0108 0.1712 -0.9852
vn -0.0093 0.1691 -0.9855
vn 0.0108 -0.1712 0.9852
vn -0.0093 -0.1691 0.9855
vn 0.0093 0.1691 0.9855
vn -0.0108 0.1712 0.9852
vn 0.0133 -0.1814 -0.9833
vn -0.0174 -0.1810 -0.9833
vn 0.0174 0.1810 -0.9833
vn -0.0133 0.1814 -0.9833
vn 0.0174 -0.1810 0.9833
vn -0.0133 -0.1814 0.9833
vn 0.0133 0.1814 0.9833
vn -0.0174 0.1810 0.9833
vn 0.0568 -0.1574 -0.9859
vn 0.1795 -0.0346 -0.9832
vn 0.2379 0.0386 -0.9705
vn -0.1798 -0.0279 -0.9833
vn -0.0632 -0.1540 -0.9860
vn -0.2225 0.0451 -0.9739
vn 0.1798 0.0279 -0.9833
vn 0.0632 0.1540 -0.9860
vn 0.2225 -0.0451 -0.9739
vn -0.0568 0.1574 -0.9859
vn -0.1795 0.0346 -0.9832
vn -0.2379 -0.0386 -0.9705
vn 0.1798 -0.0279 0.9833
vn 0.0632 -0.1540 0.9860
vn 0.2225 0.0451 0.9739
vn -0.0568 -0.1574 0.9859
vn -0.1795 -0.0346 0.9832
vn -0.2379 0.0386 0.9705
vn 0.0568 0.1574 0.9859
vn 0.1795 0.0346 0.9832
vn 0.2379 -0.0386 0.9705
vn -0.1798 0.0279 0.9833
vn -0.0632 0.1540 0.9860
vn -0.2225 -0.0451 0.9739
vn -0.1481 0.0236 -0.9887
vn 0.1541 0.0204 -0.9878
vn -0.1541 -0.0204 -0.9878
vn 0.1481 -0.0236 -0.9887
vn -0.1541 0.0204 0.9878
vn 0.1481 0.0236 0.9887
vn -0.1481 -0.0237 0.9887
vn 0.1541 -0.0204 0.9878
vn -0.0963 -0.0560 -0.9938
vn 0.0948 -0.0595 -0.9937
vn -0.0948 0.0595 -0.9937
vn 0.0963 0.0560 -0.9938
vn -0.0948 -0.0595 0.9937
vn 0.0963 -0.0560 0.9938
vn -0.0963 0.0560 0.9938
vn 0.0948 0.0595 0.9937
vn 0.0482 -0.1288 -0.9905
vn 0.0487 -0.1299 -0.9903
vn -0.0488 -0.1302 -0.9903
vn -0.0963 -0.0821 -0.9920
vn 0.0488 0.1302 -0.9903
vn 0.0963 0.0821 -0.9920
vn -0.0482 0.1288 -0.9905
vn -0.0487 0.1299 -0.9903
vn 0.0488 -0.1302 0.9903
vn 0.0963 -0.0821 0.9920
vn -0.0482 -0.1288 0.9905
vn -0.0487 -0.1299 0.9903
vn 0.0482 0.1288 0.9905
vn 0.0487 0.1299 0.9903
vn -0.0488 0.1302 0.9903
vn -0.0963 0.0821 0.9920
vn -0.9938 0.1113 0.0002
vn -0.9938 0.1111 -0.0000
vn -0.6189 0.7854 -0.0000
vn 0.9938 0.1113 -0.0002
vn 0.9938 0.1111 -0.0000
vn 0.6189 0.7854 0.0000
vn 0.6189 0.7854 -0.0000
vn -0.9938 -0.1113 -0.0002
vn -0.9938 -0.1111 -0.0000
vn -0.6189 -0.7854 -0.0000
vn 0.9938 -0.1113 0.0002
vn 0.9938 -0.1111 -0.0000
vn 0.6189 -0.7854 -0.0000
vn -0.6129 0.0022 -0.7902
vn -0.5145 0.7319 -0.4469
vn -0.5145 0.7319 0.4469
vn -0.6398 0.0716 0.7652
vn 0.6129 0.0022 0.7902
vn 0.5145 0.7319 0.4469
vn 0.5145 0.7319 -0.4469
vn 0.6398 0.0716 -0.7652
vn -0.6129 -0.0022 0.7902
vn -0.5145 -0.7319 0.4469
vn -0.5145 -0.7319 -0.4469
vn -0.6398 -0.0716 -0.7652
vn 0.6129 -0.0022 -0.7902
vn 0.5145 -0.7319 -0.4469
vn 0.5145 -0.7319 0.4469
vn 0.6398 -0.0716 0.7652
vn -0.5878 -0.7159 0.3768
vn -0.6442 -0.7648 -0.0081
vn 0.1885 -0.9821 0.0036
vn 0.2383 -0.9700 0.0480
vn -0.3128 -0.6889 0.6538
vn 0.3573 -0.9235 0.1397
vn -0.0091 -0.6368 0.7710
vn 0.4338 -0.8954 0.1007
vn 0.2285 -0.6547 0.7205
vn 0.4860 -0.8739 -0.0097
vn -0.2018 -0.9634 0.1763
vn -0.0020 -0.9994 0.0342
vn -0.4219 -0.9054 0.0481
vn -0.5522 -0.8018 0.2284
vn -0.4121 -0.8846 0.2185
vn -0.3961 -0.9168 0.0510
vn -0.2621 -0.9537 0.1476
vn -0.3523 -0.9356 0.0218
vn -0.1989 -0.9800 0.0056
vn -0.3380 -0.9411 0.0098
vn -0.3623 -0.9319 -0.0186
vn -0.2502 -0.9501 -0.1865
vn -0.3918 -0.8717 -0.2943
vn -0.4316 -0.9010 -0.0439
vn -0.0159 -0.9983 -0.0566
vn -0.2146 -0.9712 -0.1035
vn 0.5135 -0.8490 0.1246
vn 0.3872 -0.6641 -0.6396
vn 0.5066 -0.8622 -0.0058
vn 0.2406 -0.6499 -0.7209
vn 0.4387 -0.8910 -0.1165
vn 0.0167 -0.6905 -0.7231
vn 0.3309 -0.9330 -0.1415
vn -0.2331 -0.7494 -0.6197
vn 0.2305 -0.9720 -0.0458
vn -0.5253 -0.7551 -0.3923
vn -0.3885 -0.8499 0.3559
vn -0.3111 -0.8891 0.3358
vn -0.1921 -0.9420 0.2753
vn -0.0756 -0.9882 0.1333
vn -0.0714 -0.9973 -0.0184
vn -0.1049 -0.9802 -0.1680
vn -0.2384 -0.9230 -0.3020
vn -0.3596 -0.8719 -0.3323
vn -0.9579 0.2868 -0.0124
vn -0.8346 0.3952 0.3836
vn -0.6532 0.3688 0.6613
vn -0.4018 0.3686 0.8383
vn -0.1594 0.3837 0.9096
vn -0.5006 -0.5982 0.6257
vn -0.4802 -0.6083 -0.6320
vn -0.1285 0.3650 -0.9221
vn -0.3783 0.3070 -0.8733
vn -0.6417 0.2300 -0.7316
vn -0.8554 0.2782 -0.4368
vn -0.4521 -0.8272 0.3337
vn -0.4505 -0.8360 -0.3133
vn -0.8386 0.5448 -0.0044
vn -0.7640 0.5808 0.2810
vn -0.6476 0.5601 0.5167
vn -0.4821 0.5287 0.6986
vn -0.2864 0.5404 0.7912
vn -0.6930 -0.1160 0.7116
vn -0.6954 -0.1519 -0.7024
vn -0.2541 0.5087 -0.8226
vn -0.4684 0.5153 -0.7177
vn -0.6409 0.5171 -0.5674
vn -0.7825 0.5363 -0.3162
vn -0.8917 -0.4527 -0.0054
vn -0.8610 -0.4539 0.2297
vn -0.7654 -0.4460 0.4640
vn -0.6217 -0.4880 0.6127
vn -0.4359 -0.5216 0.7334
vn -0.4402 -0.5222 -0.7304
vn -0.6103 -0.4923 -0.6207
vn -0.7502 -0.4564 -0.4784
vn -0.8669 -0.4276 -0.2563
vn -0.6822 -0.7311 -0.0045
vn -0.6446 -0.7606 0.0767
vn -0.6255 -0.7552 0.1962
vn -0.5568 -0.7801 0.2853
vn -0.4953 -0.8104 0.3131
vn -0.5199 -0.8035 -0.2899
vn -0.5758 -0.7767 -0.2554
vn -0.5989 -0.7836 -0.1650
vn -0.6183 -0.7822 -0.0766
vn 0.1604 -0.4318 0.8876
vn -0.0653 -0.4101 0.9097
vn 0.4537 -0.5266 0.7190
vn 0.7100 -0.6117 0.3490
vn 0.7620 -0.6446 -0.0619
vn 0.6380 -0.6277 -0.4461
vn 0.3185 -0.5470 -0.7742
vn -0.0162 -0.4628 -0.8863
vn -0.2135 -0.3998 0.8914
vn -0.2466 -0.4180 -0.8743
vn -0.9051 -0.2866 0.3142
vn -0.9626 -0.2707 -0.0076
vn -0.7577 -0.2360 0.6084
vn -0.5327 -0.2687 0.8025
vn -0.3602 -0.3177 0.8771
vn -0.4290 -0.3678 -0.8250
vn -0.5929 -0.3315 -0.7339
vn -0.7393 -0.3413 -0.5805
vn -0.8815 -0.3291 -0.3387
vn 0.5165 0.3785 0.7681
vn 0.3480 0.3841 0.8552
vn 0.7279 0.3227 0.6050
vn 0.9175 0.2748 0.2874
vn 0.9618 0.2661 -0.0643
vn 0.8790 0.2521 -0.4047
vn 0.6387 0.2897 -0.7128
vn 0.3720 0.3596 -0.8557
vn 0.2029 0.4063 0.8909
vn 0.1701 0.4034 -0.8991
vn -0.5981 0.7173 0.3574
vn -0.6934 0.7198 -0.0327
vn -0.4019 0.6111 0.6819
vn -0.1266 0.5362 0.8346
vn 0.0607 0.4951 0.8667
vn -0.0081 0.4544 -0.8908
vn -0.1914 0.5086 -0.8394
vn -0.3998 0.5561 -0.7286
vn -0.5092 0.7421 -0.4359
vn 0.5587 0.4875 0.6710
vn 0.4172 0.5042 0.7561
vn 0.7226 0.4830 0.4945
vn 0.8448 0.4835 0.2294
vn 0.8820 0.4689 -0.0474
vn 0.8231 0.4829 -0.2987
vn 0.6671 0.4951 -0.5566
vn 0.4442 0.5172 -0.7316
vn 0.2748 0.5322 0.8008
vn 0.2740 0.5438 -0.7933
vn -0.5973 0.8016 -0.0257
vn -0.5089 0.7317 0.4534
vn -0.3026 0.6765 0.6714
vn -0.0245 0.5979 0.8012
vn 0.1192 0.5572 0.8218
vn 0.0985 0.5759 -0.8115
vn -0.0680 0.6213 -0.7806
vn -0.2696 0.6779 -0.6839
vn -0.3641 0.7959 -0.4837
vn 0.3940 0.2035 0.8963
vn 0.1797 0.2094 0.9612
vn 0.6835 0.2001 0.7020
vn 0.9164 0.2022 0.3455
vn 0.9813 0.1913 -0.0232
vn 0.8898 0.1876 -0.4160
vn 0.5714 0.2043 -0.7948
vn 0.2375 0.2197 -0.9462
vn -0.0265 0.2194 0.9753
vn -0.0591 0.2268 -0.9721
vn -0.3623 0.2273 0.9039
vn -0.6629 0.2279 0.7131
vn -0.1629 0.2233 0.9610
vn -0.2774 0.2520 -0.9271
vn -0.4011 0.2652 -0.8768
vn -0.6145 0.2237 -0.7566
vn -0.8762 0.0248 -0.4813
vn -0.8813 -0.0074 0.4725
vn -0.9999 0.0000 -0.0127
vn 0.6561 0.7547 0.0001
vn 1.0000 -0.0001 -0.0004
vn 0.6558 0.2333 -0.7179
vn 0.6558 -0.6108 -0.4437
vn 0.6561 -0.6105 0.4436
vn 0.6563 0.2332 0.7176
vn 0.6561 -0.7547 -0.0001
vn 1.0000 0.0001 0.0004
vn 0.6558 -0.2333 0.7179
vn 0.6558 0.6108 0.4437
vn 0.6561 0.6105 -0.4436
vn 0.6563 -0.2332 -0.7176
vn 0.9999 -0.0111 0.0000
vn 0.9396 -0.0111 -0.3420
vn 0.8610 -0.4006 -0.3134
vn 0.9163 -0.4006 0.0000
vn 0.7660 -0.0110 -0.6427
vn 0.7019 -0.4006 -0.5890
vn 0.5000 -0.0110 -0.8660
vn 0.4581 -0.4006 -0.7935
vn 0.1736 -0.0110 -0.9847
vn 0.1591 -0.4006 -0.9023
vn -0.1736 -0.0110 -0.9847
vn -0.1591 -0.4006 -0.9023
vn -0.5000 -0.0110 -0.8660
vn -0.4581 -0.4006 -0.7935
vn -0.7660 -0.0110 -0.6427
vn -0.7019 -0.4006 -0.5890
vn -0.9396 -0.0111 -0.3420
vn -0.8610 -0.4006 -0.3134
vn -0.9999 -0.0110 -0.0000
vn -0.9163 -0.4006 -0.0000
vn -0.9396 -0.0110 0.3420
vn -0.8610 -0.4006 0.3134
vn -0.7660 -0.0110 0.6427
vn -0.7019 -0.4006 0.5890
vn -0.5000 -0.0110 0.8660
vn -0.4581 -0.4006 0.7935
vn -0.1736 -0.0110 0.9847
vn -0.1591 -0.4006 0.9023
vn 0.1736 -0.0110 0.9847
vn 0.1591 -0.4006 0.9023
vn 0.5000 -0.0110 0.8660
vn 0.4581 -0.4006 0.7935
vn 0.7660 -0.0110 0.6427
vn 0.7019 -0.4006 0.5890
vn 0.9396 -0.0110 0.3420
vn 0.8610 -0.4006 0.3134
vn 0.8348 0.4591 -0.3038
vn 0.8884 0.4591 0.0000
vn 0.6805 0.4591 -0.5710
vn 0.4442 0.4591 -0.7694
vn 0.1543 0.4591 -0.8749
vn -0.1543 0.4591 -0.8749
vn -0.4442 0.4591 -0.7694
vn -0.6805 0.4591 -0.5710
vn -0.8348 0.4591 -0.3038
vn -0.8884 0.4591 -0.0000
vn -0.8348 0.4591 0.3038
vn -0.6805 0.4591 0.5710
vn -0.4442 0.4591 0.7694
vn -0.1543 0.4591 0.8749
vn 0.1543 0.4591 0.8749
vn 0.4442 0.4591 0.7694
vn 0.6805 0.4591 0.5710
vn 0.8348 0.4591 0.3038
vn 0.9035 0.2747 -0.3289
vn 0.9615 0.2747 0.0000
vn 0.7366 0.2747 -0.6181
vn 0.4808 0.2747 -0.8327
vn 0.1670 0.2747 -0.9469
vn -0.1670 0.2747 -0.9469
vn -0.4808 0.2747 -0.8327
vn -0.7366 0.2747 -0.6181
vn -0.9035 0.2747 -0.3289
vn -0.9615 0.2747 -0.0000
vn -0.9035 0.2747 0.3289
vn -0.7366 0.2747 0.6181
vn -0.4808 0.2747 0.8327
vn -0.1670 0.2747 0.9469
vn 0.1670 0.2747 0.9469
vn 0.4808 0.2747 0.8327
vn 0.7366 0.2747 0.6181
vn 0.9035 0.2747 0.3289
vn 0.8356 0.5494 0.0000
vn 0.7852 0.5494 -0.2858
vn 0.6401 0.5494 -0.5371
vn 0.4178 0.5494 -0.7236
vn 0.1451 0.5494 -0.8229
vn -0.1451 0.5494 -0.8229
vn -0.4178 0.5494 -0.7236
vn -0.6401 0.5494 -0.5371
vn -0.7852 0.5494 -0.2858
vn -0.8356 0.5494 -0.0000
vn -0.7852 0.5494 0.2858
vn -0.6401 0.5494 0.5371
vn -0.4178 0.5494 0.7236
vn -0.1451 0.5494 0.8229
vn 0.1451 0.5494 0.8229
vn 0.4178 0.5494 0.7236
vn 0.6401 0.5494 0.5371
vn 0.7852 0.5494 0.2858
vn 0.8779 0.3567 -0.3195
vn 0.9342 0.3567 0.0000
vn 0.7156 0.3567 -0.6005
vn 0.4671 0.3567 -0.8090
vn 0.1622 0.3567 -0.9200
vn -0.1622 0.3567 -0.9200
vn -0.4671 0.3567 -0.8090
vn -0.7156 0.3567 -0.6005
vn -0.8779 0.3567 -0.3195
vn -0.9342 0.3567 -0.0000
vn -0.9342 0.3567 0.0000
vn -0.8779 0.3567 0.3195
vn -0.7156 0.3567 0.6005
vn -0.4671 0.3567 0.8090
vn -0.1622 0.3567 0.9200
vn 0.1622 0.3567 0.9200
vn 0.4671 0.3567 0.8090
vn 0.7156 0.3567 0.6005
vn 0.8779 0.3567 0.3195
vn -0.4506 -0.8927 -0.0000
vn -0.4234 -0.8927 0.1541
vn -0.0032 -1.0000 0.0012
vn -0.0034 -1.0000 -0.0000
vn -0.3452 -0.8927 0.2896
vn -0.0026 -1.0000 0.0022
vn -0.2253 -0.8927 0.3902
vn -0.0017 -1.0000 0.0030
vn -0.0782 -0.8927 0.4437
vn -0.0006 -1.0000 0.0034
vn 0.0782 -0.8927 0.4437
vn 0.0006 -1.0000 0.0034
vn 0.2253 -0.8927 0.3902
vn 0.0017 -1.0000 0.0030
vn 0.3452 -0.8927 0.2896
vn 0.0026 -1.0000 0.0022
vn 0.4234 -0.8927 0.1541
vn 0.0032 -1.0000 0.0012
vn 0.4506 -0.8927 -0.0000
vn 0.0034 -1.0000 -0.0000
vn 0.4234 -0.8927 -0.1541
vn 0.0032 -1.0000 -0.0012
vn 0.3452 -0.8927 -0.2896
vn 0.0026 -1.0000 -0.0022
vn 0.2253 -0.8927 -0.3902
vn 0.0017 -1.0000 -0.0030
vn 0.0782 -0.8927 -0.4437
vn 0.0006 -1.0000 -0.0034
vn -0.0782 -0.8927 -0.4437
vn -0.0006 -1.0000 -0.0034
vn -0.2253 -0.8927 -0.3902
vn -0.0017 -1.0000 -0.0030
vn -0.3452 -0.8927 -0.2896
vn -0.0026 -1.0000 -0.0022
vn -0.4234 -0.8927 -0.1541
vn -0.0032 -1.0000 -0.0012
vn 1.0000 0.0015 0.0000
vn 0.9397 0.0015 -0.3420
vn 0.7660 0.0015 -0.6428
vn 0.5000 0.0015 -0.8660
vn 0.1736 0.0015 -0.9848
vn -0.1736 0.0015 -0.9848
vn -0.5000 0.0015 -0.8660
vn -0.7660 0.0015 -0.6428
vn -0.9397 0.0015 -0.3420
vn -1.0000 0.0015 -0.0000
vn -0.9397 0.0015 0.3420
vn -0.7660 0.0015 0.6428
vn -0.5000 0.0015 0.8660
vn -0.1736 0.0015 0.9848
vn 0.1736 0.0015 0.9848
vn 0.5000 0.0015 0.8660
vn 0.7660 0.0015 0.6428
vn 0.9397 0.0015 0.3420
vn 1.0000 0.0060 0.0000
vn 0.9397 0.0060 -0.3420
vn 0.7660 0.0060 -0.6428
vn 0.5000 0.0060 -0.8660
vn 0.1736 0.0060 -0.9848
vn -0.1736 0.0060 -0.9848
vn -0.5000 0.0060 -0.8660
vn -0.7660 0.0060 -0.6428
vn -0.9397 0.0060 -0.3420
vn -1.0000 0.0060 0.0000
vn -0.9397 0.0060 0.3420
vn -0.7660 0.0060 0.6428
vn -0.5000 0.0060 0.8660
vn -0.1736 0.0060 0.9848
vn 0.1736 0.0060 0.9848
vn 0.5000 0.0060 0.8660
vn 0.7660 0.0060 0.6428
vn 0.9397 0.0060 0.3420
vn 1.0000 0.0060 -0.0000
vn -1.0000 0.0060 -0.0000
vn 0.6676 -0.7445 0.0000
vn 0.6273 -0.7445 -0.2283
vn 0.7008 -0.6662 -0.2551
vn 0.7458 -0.6662 0.0000
vn 0.5114 -0.7445 -0.4291
vn 0.5713 -0.6662 -0.4794
vn 0.3338 -0.7445 -0.5781
vn 0.3729 -0.6662 -0.6459
vn 0.1159 -0.7445 -0.6574
vn 0.1295 -0.6662 -0.7345
vn -0.1159 -0.7445 -0.6574
vn -0.1295 -0.6662 -0.7345
vn -0.3338 -0.7445 -0.5781
vn -0.3729 -0.6662 -0.6459
vn -0.5114 -0.7445 -0.4291
vn -0.5713 -0.6662 -0.4794
vn -0.6273 -0.7445 -0.2283
vn -0.7008 -0.6662 -0.2551
vn -0.6676 -0.7445 0.0000
vn -0.7458 -0.6662 -0.0000
vn -0.6273 -0.7445 0.2283
vn -0.7008 -0.6662 0.2551
vn -0.5114 -0.7445 0.4291
vn -0.5713 -0.6662 0.4794
vn -0.3338 -0.7445 0.5781
vn -0.3729 -0.6662 0.6459
vn -0.1159 -0.7445 0.6574
vn -0.1295 -0.6662 0.7345
vn 0.1159 -0.7445 0.6574
vn 0.1295 -0.6662 0.7345
vn 0.3338 -0.7445 0.5781
vn 0.3729 -0.6662 0.6459
vn 0.5114 -0.7445 0.4291
vn 0.5713 -0.6662 0.4794
vn 0.6273 -0.7445 0.2283
vn 0.7008 -0.6662 0.2551
vn 0.6192 0.7522 -0.2254
vn 0.6590 0.7522 0.0000
vn 0.7388 0.6739 -0.0000
vn 0.6943 0.6739 -0.2527
vn 0.6192 0.7522 0.2254
vn 0.6943 0.6739 0.2527
vn 0.5048 0.7522 0.4236
vn 0.5660 0.6739 0.4749
vn 0.3295 0.7522 0.5707
vn 0.3694 0.6739 0.6398
vn 0.1144 0.7522 0.6490
vn 0.1283 0.6739 0.7276
vn -0.1144 0.7522 0.6490
vn -0.1283 0.6739 0.7276
vn -0.3295 0.7522 0.5707
vn -0.3694 0.6739 0.6398
vn -0.5048 0.7522 0.4236
vn -0.5660 0.6739 0.4749
vn -0.6192 0.7522 0.2254
vn -0.6943 0.6739 0.2527
vn -0.6590 0.7522 0.0000
vn -0.7388 0.6739 -0.0000
vn -0.6192 0.7522 -0.2254
vn -0.6943 0.6739 -0.2527
vn -0.5048 0.7522 -0.4236
vn -0.5660 0.6739 -0.4749
vn -0.3295 0.7522 -0.5707
vn -0.3694 0.6739 -0.6398
vn -0.1144 0.7522 -0.6490
vn -0.1283 0.6739 -0.7276
vn 0.1144 0.7522 -0.6490
vn 0.1283 0.6739 -0.7276
vn 0.3295 0.7522 -0.5707
vn 0.3694 0.6739 -0.6398
vn 0.5048 0.7522 -0.4236
vn 0.5660 0.6739 -0.4749
vn 0.6676 -0.7445 -0.0000
vn -0.6676 -0.7445 -0.0000
vn 0.7388 0.6739 0.0000
vn 0.3694 0.6739 0.6399
vn -0.6590 0.7522 -0.0000
vn -0.3694 0.6739 -0.6399
vn 0.3694 0.6739 -0.6399
vn -0.3694 0.6739 0.6399
vn 0.7458 -0.6662 -0.0000
vn -0.7388 0.6739 0.0000
vn 0.6217 0.7498 -0.2263
vn 0.6616 0.7498 0.0000
vn 0.7395 0.6732 0.0000
vn 0.6949 0.6732 -0.2529
vn 0.6217 0.7498 0.2263
vn 0.6949 0.6732 0.2529
vn 0.5069 0.7498 0.4253
vn 0.5665 0.6732 0.4753
vn 0.3308 0.7498 0.5730
vn 0.3698 0.6732 0.6404
vn 0.1149 0.7498 0.6516
vn 0.1284 0.6732 0.7283
vn -0.1149 0.7498 0.6516
vn -0.1284 0.6732 0.7283
vn -0.3308 0.7498 0.5730
vn -0.3698 0.6732 0.6404
vn -0.5069 0.7498 0.4253
vn -0.5665 0.6732 0.4753
vn -0.6217 0.7498 0.2263
vn -0.6949 0.6732 0.2529
vn -0.6616 0.7498 0.0000
vn -0.7395 0.6732 0.0000
vn -0.6217 0.7498 -0.2263
vn -0.6949 0.6732 -0.2529
vn -0.5069 0.7498 -0.4253
vn -0.5665 0.6732 -0.4753
vn -0.3308 0.7498 -0.5730
vn -0.3698 0.6732 -0.6404
vn -0.1149 0.7498 -0.6516
vn -0.1284 0.6732 -0.7283
vn 0.1149 0.7498 -0.6516
vn 0.1284 0.6732 -0.7283
vn 0.3308 0.7498 -0.5730
vn 0.3698 0.6732 -0.6404
vn 0.5069 0.7498 -0.4253
vn 0.5665 0.6732 -0.4753
vn -0.7458 -0.6662 0.0000
vn 0.8636 0.5042 0.0000
vn 0.8115 0.5042 -0.2954
vn 0.9397 0.0000 -0.3420
vn 1.0000 -0.0000 0.0000
vn 0.6615 0.5042 -0.5551
vn 0.7660 0.0000 -0.6428
vn 0.4318 0.5042 -0.7479
vn 0.5000 -0.0000 -0.8660
vn 0.1500 0.5042 -0.8504
vn 0.1736 0.0000 -0.9848
vn -0.1500 0.5042 -0.8504
vn -0.1736 0.0000 -0.9848
vn -0.4318 0.5042 -0.7479
vn -0.5000 -0.0000 -0.8660
vn -0.6615 0.5042 -0.5551
vn -0.7660 -0.0000 -0.6428
vn -0.8115 0.5042 -0.2954
vn -0.9397 0.0000 -0.3420
vn -0.8636 0.5042 -0.0000
vn -1.0000 0.0000 -0.0000
vn -0.8115 0.5042 0.2954
vn -0.9397 0.0000 0.3420
vn -0.6615 0.5042 0.5551
vn -0.7660 0.0000 0.6428
vn -0.4318 0.5042 0.7479
vn -0.5000 0.0000 0.8660
vn -0.1500 0.5042 0.8504
vn -0.1736 -0.0000 0.9848
vn 0.1500 0.5042 0.8504
vn 0.1736 -0.0000 0.9848
vn 0.4318 0.5042 0.7479
vn 0.5000 -0.0000 0.8660
vn 0.6615 0.5042 0.5551
vn 0.7660 -0.0000 0.6428
vn 0.8115 0.5042 0.2954
vn 0.9397 -0.0000 0.3420
vn 0.6212 0.7503 -0.2261
vn 0.6611 0.7503 0.0000
vn 0.7423 0.6700 0.0000
vn 0.6976 0.6700 -0.2539
vn 0.6212 0.7503 0.2261
vn 0.6976 0.6700 0.2539
vn 0.5064 0.7503 0.4249
vn 0.5687 0.6700 0.4772
vn 0.3305 0.7503 0.5725
vn 0.3712 0.6700 0.6429
vn 0.1148 0.7503 0.6510
vn 0.1289 0.6700 0.7311
vn -0.1148 0.7503 0.6510
vn -0.1289 0.6700 0.7311
vn -0.3305 0.7503 0.5725
vn -0.3712 0.6700 0.6429
vn -0.5064 0.7503 0.4249
vn -0.5687 0.6700 0.4772
vn -0.6212 0.7503 0.2261
vn -0.6976 0.6700 0.2539
vn -0.6611 0.7503 -0.0000
vn -0.7423 0.6700 -0.0000
vn -0.6212 0.7503 -0.2261
vn -0.6976 0.6700 -0.2539
vn -0.5064 0.7503 -0.4249
vn -0.5687 0.6700 -0.4772
vn -0.3305 0.7503 -0.5725
vn -0.3712 0.6700 -0.6429
vn -0.1148 0.7503 -0.6510
vn -0.1289 0.6700 -0.7311
vn 0.1148 0.7503 -0.6510
vn 0.1289 0.6700 -0.7311
vn 0.3305 0.7503 -0.5725
vn 0.3712 0.6700 -0.6429
vn 0.5064 0.7503 -0.4249
vn 0.5687 0.6700 -0.4772
vn 0.8883 0.4593 0.0000
vn 0.8347 0.4593 -0.3038
vn 0.6805 0.4593 -0.5710
vn 0.4441 0.4593 -0.7693
vn 0.1542 0.4593 -0.8748
vn -0.1542 0.4593 -0.8748
vn -0.4441 0.4593 -0.7693
vn -0.6805 0.4593 -0.5710
vn -0.8347 0.4593 -0.3038
vn -0.8883 0.4593 -0.0000
vn -0.8347 0.4593 0.3038
vn -0.6805 0.4593 0.5710
vn -0.4441 0.4593 0.7693
vn -0.1542 0.4593 0.8748
vn 0.1542 0.4593 0.8748
vn 0.4441 0.4593 0.7693
vn 0.6805 0.4593 0.5710
vn 0.8347 0.4593 0.3038
vn 0.9028 -0.4300 0.0000
vn 0.8484 -0.4300 -0.3088
vn 0.6916 -0.4300 -0.5803
vn 0.4514 -0.4300 -0.7819
vn 0.1568 -0.4300 -0.8891
vn -0.1568 -0.4300 -0.8891
vn -0.4514 -0.4300 -0.7819
vn -0.6916 -0.4300 -0.5803
vn -0.8484 -0.4300 -0.3088
vn -0.9028 -0.4300 -0.0000
vn -0.8484 -0.4300 0.3088
vn -0.6916 -0.4300 0.5803
vn -0.4514 -0.4300 0.7819
vn -0.1568 -0.4300 0.8891
vn 0.1568 -0.4300 0.8891
vn 0.4514 -0.4300 0.7819
vn 0.6916 -0.4300 0.5803
vn 0.8484 -0.4300 0.3088
vn 0.7190 -0.6950 0.0000
vn 0.6757 -0.6950 -0.2459
vn 0.5508 -0.6950 -0.4622
vn 0.3595 -0.6950 -0.6227
vn 0.1249 -0.6950 -0.7081
vn -0.1249 -0.6950 -0.7081
vn -0.3595 -0.6950 -0.6227
vn -0.5508 -0.6950 -0.4622
vn -0.6757 -0.6950 -0.2459
vn -0.7190 -0.6950 -0.0000
vn -0.6757 -0.6950 0.2459
vn -0.5508 -0.6950 0.4622
vn -0.3595 -0.6950 0.6227
vn -0.1249 -0.6950 0.7081
vn 0.1249 -0.6950 0.7081
vn 0.3595 -0.6950 0.6227
vn 0.5508 -0.6950 0.4622
vn 0.6757 -0.6950 0.2459
vn 0.9279 -0.3728 0.0000
vn 0.8719 -0.3728 -0.3174
vn 0.7108 -0.3728 -0.5964
vn 0.4639 -0.3728 -0.8036
vn 0.1611 -0.3728 -0.9138
vn -0.1611 -0.3728 -0.9138
vn -0.4639 -0.3728 -0.8036
vn -0.7108 -0.3728 -0.5964
vn -0.8719 -0.3728 -0.3174
vn -0.9279 -0.3728 -0.0000
vn -0.8719 -0.3728 0.3174
vn -0.7108 -0.3728 0.5964
vn -0.4639 -0.3728 0.8036
vn -0.1611 -0.3728 0.9138
vn 0.1611 -0.3728 0.9138
vn 0.4639 -0.3728 0.8036
vn 0.7108 -0.3728 0.5964
vn 0.8719 -0.3728 0.3174
vn 0.9279 0.3728 0.0000
vn 0.8719 0.3728 -0.3174
vn 1.0000 0.0000 -0.0000
vn 0.7108 0.3728 -0.5964
vn 0.4640 0.3728 -0.8036
vn 0.1611 0.3728 -0.9138
vn 0.1736 -0.0000 -0.9848
vn -0.1611 0.3728 -0.9138
vn -0.1736 -0.0000 -0.9848
vn -0.4639 0.3728 -0.8036
vn -0.7108 0.3728 -0.5964
vn -0.7660 0.0000 -0.6428
vn -0.8719 0.3728 -0.3174
vn -0.9397 -0.0000 -0.3420
vn -0.9279 0.3728 -0.0000
vn -1.0000 -0.0000 -0.0000
vn -0.8719 0.3728 0.3174
vn -0.9397 -0.0000 0.3420
vn -0.7108 0.3728 0.5964
vn -0.7660 -0.0000 0.6428
vn -0.4639 0.3728 0.8036
vn -0.1611 0.3728 0.9138
vn -0.1736 0.0000 0.9848
vn 0.1611 0.3728 0.9138
vn 0.4639 0.3728 0.8036
vn 0.7108 0.3728 0.5964
vn 0.7660 0.0000 0.6428
vn 0.8719 0.3728 0.3174
vn 0.9397 0.0000 0.3420
vn 0.5369 0.8436 -0.0000
vn 0.5046 0.8436 -0.1836
vn 0.4113 0.8436 -0.3451
vn 0.2685 0.8436 -0.4650
vn 0.0932 0.8436 -0.5288
vn -0.0932 0.8436 -0.5288
vn -0.2685 0.8436 -0.4650
vn -0.4113 0.8436 -0.3451
vn -0.5046 0.8436 -0.1836
vn -0.5369 0.8436 -0.0000
vn -0.5046 0.8436 0.1836
vn -0.4113 0.8436 0.3451
vn -0.2685 0.8436 0.4650
vn -0.0932 0.8436 0.5288
vn 0.0932 0.8436 0.5288
vn 0.2685 0.8436 0.4650
vn 0.4113 0.8436 0.3451
vn 0.5046 0.8436 0.1836
vn 0.8031 0.5958 -0.0000
vn 0.7547 0.5958 -0.2747
vn 0.6152 0.5958 -0.5162
vn 0.4016 0.5958 -0.6955
vn 0.1395 0.5958 -0.7909
vn -0.1395 0.5958 -0.7909
vn -0.4016 0.5958 -0.6955
vn -0.6152 0.5958 -0.5162
vn -0.7547 0.5958 -0.2747
vn -0.8031 0.5958 0.0000
vn -0.7547 0.5958 0.2747
vn -0.6152 0.5958 0.5162
vn -0.4016 0.5958 0.6955
vn -0.1395 0.5958 0.7909
vn 0.1395 0.5958 0.7909
vn 0.4016 0.5958 0.6955
vn 0.6152 0.5958 0.5162
vn 0.7547 0.5958 0.2747
vn 0.8176 0.5758 -0.0000
vn 0.7683 0.5758 -0.2796
vn 0.6263 0.5758 -0.5255
vn 0.4088 0.5758 -0.7081
vn 0.1420 0.5758 -0.8052
vn -0.1420 0.5758 -0.8052
vn -0.4088 0.5758 -0.7081
vn -0.6263 0.5758 -0.5255
vn -0.7683 0.5758 -0.2796
vn -0.8176 0.5758 -0.0000
vn -0.7683 0.5758 0.2796
vn -0.6263 0.5758 0.5255
vn -0.4088 0.5758 0.7081
vn -0.1420 0.5758 0.8052
vn 0.1420 0.5758 0.8052
vn 0.4088 0.5758 0.7081
vn 0.6263 0.5758 0.5255
vn 0.7683 0.5758 0.2796
vn 0.7843 0.6204 -0.0006
vn 1.0000 0.0000 -0.0010
vn 0.9415 0.0000 -0.3370
vn 0.7433 0.6086 -0.2778
vn 0.7721 0.0000 -0.6355
vn 0.6180 0.5790 -0.5318
vn 0.5080 0.0000 -0.8614
vn 0.4116 0.5452 -0.7303
vn 0.1780 0.0000 -0.9840
vn 0.1451 0.5234 -0.8397
vn -0.1760 0.0000 -0.9844
vn -0.1438 0.5239 -0.8396
vn -0.5068 0.0000 -0.8621
vn -0.4108 0.5466 -0.7297
vn -0.7721 -0.0000 -0.6355
vn -0.6175 0.5806 -0.5307
vn -0.9420 0.0000 -0.3357
vn -0.7429 0.6096 -0.2765
vn -1.0000 0.0000 0.0010
vn -0.7843 0.6204 0.0006
vn -0.9415 0.0000 0.3370
vn -0.7433 0.6086 0.2778
vn -0.7721 0.0000 0.6355
vn -0.6180 0.5790 0.5318
vn -0.5080 0.0000 0.8614
vn -0.4116 0.5452 0.7303
vn -0.1780 0.0000 0.9840
vn -0.1451 0.5234 0.8397
vn 0.1760 0.0000 0.9844
vn 0.1438 0.5239 0.8396
vn 0.5068 0.0000 0.8621
vn 0.4108 0.5466 0.7297
vn 0.7721 0.0000 0.6355
vn 0.6175 0.5806 0.5307
vn 0.9420 -0.0000 0.3357
vn 0.7429 0.6096 0.2765
vn 0.8176 -0.5758 -0.0000
vn 0.7683 -0.5758 -0.2796
vn 0.7432 -0.6086 -0.2778
vn 0.7842 -0.6205 -0.0006
vn 0.6263 -0.5758 -0.5255
vn 0.6180 -0.5791 -0.5318
vn 0.4088 -0.5758 -0.7080
vn 0.4116 -0.5453 -0.7303
vn 0.1420 -0.5758 -0.8051
vn 0.1451 -0.5234 -0.8396
vn -0.1420 -0.5758 -0.8051
vn -0.1438 -0.5239 -0.8395
vn -0.4088 -0.5758 -0.7080
vn -0.4108 -0.5466 -0.7297
vn -0.6263 -0.5758 -0.5255
vn -0.6174 -0.5806 -0.5307
vn -0.7683 -0.5758 -0.2796
vn -0.7429 -0.6096 -0.2765
vn -0.8176 -0.5758 -0.0000
vn -0.7842 -0.6205 0.0006
vn -0.7683 -0.5758 0.2796
vn -0.7432 -0.6086 0.2778
vn -0.6263 -0.5758 0.5255
vn -0.6180 -0.5791 0.5318
vn -0.4088 -0.5758 0.7080
vn -0.4116 -0.5453 0.7303
vn -0.1420 -0.5758 0.8051
vn -0.1451 -0.5234 0.8396
vn 0.1420 -0.5758 0.8051
vn 0.1438 -0.5239 0.8395
vn 0.4088 -0.5758 0.7080
vn 0.4108 -0.5466 0.7297
vn 0.6263 -0.5758 0.5255
vn 0.6174 -0.5806 0.5307
vn 0.7683 -0.5758 0.2796
vn 0.7429 -0.6096 0.2765
vn 0.9213 0.3888 -0.0000
vn 0.8657 0.3888 -0.3151
vn 0.7058 0.3888 -0.5922
vn 0.4607 0.3888 -0.7979
vn 0.1600 0.3888 -0.9073
vn -0.1600 0.3888 -0.9073
vn -0.4607 0.3888 -0.7979
vn -0.7058 0.3888 -0.5922
vn -0.8657 0.3888 -0.3151
vn -0.9213 0.3888 -0.0000
vn -0.8657 0.3888 0.3151
vn -0.7058 0.3888 0.5922
vn -0.4607 0.3888 0.7979
vn -0.1600 0.3888 0.9073
vn 0.1600 0.3888 0.9073
vn 0.4607 0.3888 0.7979
vn 0.7058 0.3888 0.5922
vn 0.8657 0.3888 0.3151
vn 0.9329 -0.3601 -0.0000
vn 0.8766 -0.3601 -0.3191
vn 0.8766 0.3601 -0.3191
vn 0.9329 0.3601 -0.0000
vn 0.7146 -0.3601 -0.5997
vn 0.7147 0.3601 -0.5997
vn 0.4665 -0.3601 -0.8079
vn 0.4665 0.3601 -0.8079
vn 0.1620 -0.3601 -0.9187
vn 0.1620 0.3601 -0.9187
vn -0.1620 -0.3601 -0.9187
vn -0.1620 0.3601 -0.9187
vn -0.4665 -0.3601 -0.8079
vn -0.4665 0.3601 -0.8079
vn -0.7146 -0.3601 -0.5997
vn -0.7147 0.3601 -0.5997
vn -0.8766 -0.3601 -0.3191
vn -0.8766 0.3601 -0.3191
vn -0.9329 -0.3601 0.0000
vn -0.9329 0.3601 -0.0000
vn -0.8766 -0.3601 0.3191
vn -0.8766 0.3601 0.3191
vn -0.7146 -0.3601 0.5997
vn -0.7147 0.3601 0.5997
vn -0.4665 -0.3601 0.8079
vn -0.4665 0.3601 0.8079
vn -0.1620 -0.3601 0.9187
vn -0.1620 0.3601 0.9187
vn 0.1620 -0.3601 0.9187
vn 0.1620 0.3601 0.9187
vn 0.4665 -0.3601 0.8079
vn 0.4665 0.3601 0.8079
vn 0.7146 -0.3601 0.5997
vn 0.7147 0.3601 0.5997
vn 0.8766 -0.3601 0.3191
vn 0.8766 0.3601 0.3191
vn 0.4272 -0.9042 -0.0000
vn 0.4014 -0.9042 -0.1461
vn 0.3272 -0.9042 -0.2746
vn 0.2136 -0.9042 -0.3700
vn 0.0742 -0.9042 -0.4207
vn -0.0742 -0.9042 -0.4207
vn -0.2136 -0.9042 -0.3700
vn -0.3272 -0.9042 -0.2746
vn -0.4014 -0.9042 -0.1461
vn -0.4272 -0.9042 0.0000
vn -0.4014 -0.9042 0.1461
vn -0.3272 -0.9042 0.2746
vn -0.2136 -0.9042 0.3700
vn -0.0742 -0.9042 0.4207
vn 0.0742 -0.9042 0.4207
vn 0.2136 -0.9042 0.3700
vn 0.3272 -0.9042 0.2746
vn 0.4014 -0.9042 0.1461
vn 0.4569 -0.8895 -0.0000
vn 0.4293 -0.8895 -0.1563
vn 0.3500 -0.8895 -0.2937
vn 0.2284 -0.8895 -0.3957
vn 0.0793 -0.8895 -0.4499
vn -0.0793 -0.8895 -0.4499
vn -0.2284 -0.8895 -0.3957
vn -0.3500 -0.8895 -0.2937
vn -0.4293 -0.8895 -0.1563
vn -0.4569 -0.8895 -0.0000
vn -0.4293 -0.8895 0.1563
vn -0.3500 -0.8895 0.2937
vn -0.2284 -0.8895 0.3957
vn -0.0793 -0.8895 0.4499
vn 0.0793 -0.8895 0.4499
vn 0.2284 -0.8895 0.3957
vn 0.3500 -0.8895 0.2937
vn 0.4293 -0.8895 0.1563
vn 0.8031 -0.5958 -0.0000
vn 0.7547 -0.5958 -0.2747
vn 0.6152 -0.5958 -0.5162
vn 0.4016 -0.5958 -0.6955
vn 0.1395 -0.5958 -0.7909
vn -0.1395 -0.5958 -0.7909
vn -0.4016 -0.5958 -0.6955
vn -0.6152 -0.5958 -0.5162
vn -0.7547 -0.5958 -0.2747
vn -0.8031 -0.5958 0.0000
vn -0.7547 -0.5958 0.2747
vn -0.6152 -0.5958 0.5162
vn -0.4016 -0.5958 0.6955
vn -0.1395 -0.5958 0.7909
vn 0.1395 -0.5958 0.7909
vn 0.4016 -0.5958 0.6955
vn 0.6152 -0.5958 0.5162
vn 0.7547 -0.5958 0.2747
vn 0.6339 -0.7734 -0.0000
vn 0.5957 -0.7734 -0.2168
vn 0.4856 -0.7734 -0.4075
vn 0.3170 -0.7734 -0.5490
vn 0.1101 -0.7734 -0.6243
vn -0.1101 -0.7734 -0.6243
vn -0.3170 -0.7734 -0.5490
vn -0.4856 -0.7734 -0.4075
vn -0.5957 -0.7734 -0.2168
vn -0.6339 -0.7734 0.0000
vn -0.5957 -0.7734 0.2168
vn -0.4856 -0.7734 0.4075
vn -0.3170 -0.7734 0.5490
vn -0.1101 -0.7734 0.6243
vn 0.1101 -0.7734 0.6243
vn 0.3170 -0.7734 0.5490
vn 0.4856 -0.7734 0.4075
vn 0.5957 -0.7734 0.2168
vn 0.4893 -0.8721 -0.0000
vn 0.4598 -0.8721 -0.1673
vn 0.3748 -0.8721 -0.3145
vn 0.2446 -0.8721 -0.4237
vn 0.0850 -0.8721 -0.4819
vn -0.0850 -0.8721 -0.4819
vn -0.2446 -0.8721 -0.4237
vn -0.3748 -0.8721 -0.3145
vn -0.4598 -0.8721 -0.1673
vn -0.4893 -0.8721 -0.0000
vn -0.4598 -0.8721 0.1673
vn -0.3748 -0.8721 0.3145
vn -0.2446 -0.8721 0.4237
vn -0.0850 -0.8721 0.4819
vn 0.0850 -0.8721 0.4819
vn 0.2446 -0.8721 0.4237
vn 0.3748 -0.8721 0.3145
vn 0.4598 -0.8721 0.1673
vn 0.3024 -0.9532 -0.0000
vn 0.2841 -0.9532 -0.1034
vn 0.2316 -0.9532 -0.1943
vn 0.1512 -0.9532 -0.2618
vn 0.0525 -0.9532 -0.2978
vn -0.0525 -0.9532 -0.2978
vn -0.1512 -0.9532 -0.2618
vn -0.2316 -0.9532 -0.1943
vn -0.2841 -0.9532 -0.1034
vn -0.3024 -0.9532 0.0000
vn -0.2841 -0.9532 0.1034
vn -0.2316 -0.9532 0.1943
vn -0.1512 -0.9532 0.2618
vn -0.0525 -0.9532 0.2978
vn 0.0525 -0.9532 0.2978
vn 0.1512 -0.9532 0.2618
vn 0.2316 -0.9532 0.1943
vn 0.2841 -0.9532 0.1034
vn -0.0000 -1.0000 -0.0000
vn 0.5410 -0.8411 -0.0000
vn 0.5083 -0.8411 -0.1850
vn 0.8888 -0.3246 -0.3235
vn 0.9458 -0.3246 0.0000
vn 0.4144 -0.8411 -0.3477
vn 0.7246 -0.3246 -0.6080
vn 0.2705 -0.8411 -0.4685
vn 0.4729 -0.3246 -0.8191
vn 0.0939 -0.8411 -0.5327
vn 0.1642 -0.3246 -0.9315
vn -0.0939 -0.8411 -0.5327
vn -0.1642 -0.3246 -0.9315
vn -0.2705 -0.8411 -0.4685
vn -0.4729 -0.3246 -0.8191
vn -0.4144 -0.8411 -0.3477
vn -0.7246 -0.3246 -0.6080
vn -0.5083 -0.8411 -0.1850
vn -0.8888 -0.3246 -0.3235
vn -0.5410 -0.8411 -0.0000
vn -0.9458 -0.3246 -0.0000
vn -0.5083 -0.8411 0.1850
vn -0.8888 -0.3246 0.3235
vn -0.4144 -0.8411 0.3477
vn -0.7246 -0.3246 0.6080
vn -0.2705 -0.8411 0.4685
vn -0.4729 -0.3246 0.8191
vn -0.0939 -0.8411 0.5327
vn -0.1642 -0.3246 0.9315
vn 0.0939 -0.8411 0.5327
vn 0.1642 -0.3246 0.9315
vn 0.2705 -0.8411 0.4685
vn 0.4729 -0.3246 0.8191
vn 0.4144 -0.8411 0.3477
vn 0.7246 -0.3246 0.6080
vn 0.5083 -0.8411 0.1850
vn 0.8888 -0.3246 0.3235
vn 0.8697 -0.3787 -0.3166
vn 0.9255 -0.3787 0.0000
vn 0.7090 -0.3787 -0.5949
vn 0.4628 -0.3787 -0.8015
vn 0.1607 -0.3787 -0.9115
vn -0.1607 -0.3787 -0.9115
vn -0.4628 -0.3787 -0.8015
vn -0.7090 -0.3787 -0.5949
vn -0.8697 -0.3787 -0.3166
vn -0.9255 -0.3787 -0.0000
vn -0.8697 -0.3787 0.3166
vn -0.7090 -0.3787 0.5949
vn -0.4628 -0.3787 0.8015
vn -0.1607 -0.3787 0.9115
vn 0.1607 -0.3787 0.9115
vn 0.4628 -0.3787 0.8015
vn 0.7090 -0.3787 0.5949
vn 0.8697 -0.3787 0.3166
vn 0.9306 -0.1389 -0.3387
vn 0.9903 -0.1389 0.0000
vn 0.7586 -0.1389 -0.6366
vn 0.4952 -0.1389 -0.8576
vn 0.1720 -0.1389 -0.9753
vn -0.1720 -0.1389 -0.9753
vn -0.4952 -0.1389 -0.8576
vn -0.7586 -0.1389 -0.6366
vn -0.9306 -0.1389 -0.3387
vn -0.9903 -0.1389 -0.0000
vn -0.9306 -0.1389 0.3387
vn -0.7586 -0.1389 0.6366
vn -0.4952 -0.1389 0.8576
vn -0.1720 -0.1389 0.9753
vn 0.1720 -0.1389 0.9753
vn 0.4952 -0.1389 0.8576
vn 0.7586 -0.1389 0.6366
vn 0.9306 -0.1389 0.3387
vn 0.8874 0.3289 -0.3230
vn 0.9443 0.3289 0.0000
vn 0.7234 0.3289 -0.6070
vn 0.4722 0.3289 -0.8178
vn 0.1640 0.3289 -0.9300
vn -0.1640 0.3289 -0.9300
vn -0.4722 0.3289 -0.8178
vn -0.7234 0.3289 -0.6070
vn -0.8874 0.3289 -0.3230
vn -0.9443 0.3289 -0.0000
vn -0.8874 0.3289 0.3230
vn -0.7234 0.3289 0.6070
vn -0.4722 0.3289 0.8178
vn -0.1640 0.3289 0.9300
vn 0.1640 0.3289 0.9300
vn 0.4722 0.3289 0.8178
vn 0.7234 0.3289 0.6070
vn 0.8874 0.3289 0.3230
vn 0.9359 -0.0903 -0.3406
vn 0.9959 -0.0903 0.0000
vn 0.7629 -0.0903 -0.6402
vn 0.4980 -0.0903 -0.8625
vn 0.1729 -0.0903 -0.9808
vn -0.1729 -0.0903 -0.9808
vn -0.4980 -0.0903 -0.8625
vn -0.7629 -0.0903 -0.6402
vn -0.9359 -0.0903 -0.3406
vn -0.9959 -0.0903 -0.0000
vn -0.9359 -0.0903 0.3406
vn -0.7629 -0.0903 0.6402
vn -0.4980 -0.0903 0.8625
vn -0.1729 -0.0903 0.9808
vn 0.1729 -0.0903 0.9808
vn 0.4980 -0.0903 0.8625
vn 0.7629 -0.0903 0.6402
vn 0.9359 -0.0903 0.3406
vn 0.7716 -0.5707 -0.2809
vn 0.8212 -0.5707 -0.0000
vn 0.6290 -0.5707 -0.5278
vn 0.4106 -0.5707 -0.7112
vn 0.1426 -0.5707 -0.8087
vn -0.1426 -0.5707 -0.8087
vn -0.4106 -0.5707 -0.7112
vn -0.6290 -0.5707 -0.5278
vn -0.7716 -0.5707 -0.2809
vn -0.8212 -0.5707 -0.0000
vn -0.7716 -0.5707 0.2809
vn -0.6291 -0.5707 0.5278
vn -0.4106 -0.5707 0.7112
vn -0.1426 -0.5707 0.8087
vn 0.1426 -0.5707 0.8087
vn 0.4106 -0.5707 0.7112
vn 0.6290 -0.5707 0.5278
vn 0.7716 -0.5707 0.2809
vn 0.6294 -0.7425 -0.2291
vn 0.6698 -0.7425 -0.0000
vn 0.5131 -0.7425 -0.4305
vn 0.3349 -0.7425 -0.5801
vn 0.1163 -0.7425 -0.6596
vn -0.1163 -0.7425 -0.6596
vn -0.3349 -0.7425 -0.5801
vn -0.5131 -0.7425 -0.4305
vn -0.6294 -0.7425 -0.2291
vn -0.6698 -0.7425 0.0000
vn -0.6294 -0.7425 0.2291
vn -0.5131 -0.7425 0.4305
vn -0.3349 -0.7425 0.5801
vn -0.1163 -0.7425 0.6596
vn 0.1163 -0.7425 0.6596
vn 0.3349 -0.7425 0.5801
vn 0.5131 -0.7425 0.4305
vn 0.6294 -0.7425 0.2291
vn 0.7874 0.5458 -0.2866
vn 0.8379 0.5458 -0.0000
vn 0.8379 -0.5458 -0.0000
vn 0.7874 -0.5458 -0.2866
vn 0.6419 0.5458 -0.5386
vn 0.6419 -0.5458 -0.5386
vn 0.4190 0.5458 -0.7257
vn 0.4190 -0.5458 -0.7257
vn 0.1455 0.5458 -0.8252
vn 0.1455 -0.5458 -0.8252
vn -0.1455 0.5458 -0.8252
vn -0.1455 -0.5458 -0.8252
vn -0.4190 0.5458 -0.7257
vn -0.4190 -0.5458 -0.7257
vn -0.6419 0.5458 -0.5386
vn -0.6419 -0.5458 -0.5386
vn -0.7874 0.5458 -0.2866
vn -0.7874 -0.5458 -0.2866
vn -0.8379 0.5458 0.0000
vn -0.8379 -0.5458 0.0000
vn -0.7874 0.5458 0.2866
vn -0.7874 -0.5458 0.2866
vn -0.6419 0.5458 0.5386
vn -0.6419 -0.5458 0.5386
vn -0.4190 0.5458 0.7257
vn -0.4190 -0.5458 0.7257
vn -0.1455 0.5458 0.8252
vn -0.1455 -0.5458 0.8252
vn 0.1455 0.5458 0.8252
vn 0.1455 -0.5458 0.8252
vn 0.4190 0.5458 0.7257
vn 0.4190 -0.5458 0.7257
vn 0.6419 0.5458 0.5386
vn 0.6419 -0.5458 0.5386
vn 0.7874 0.5458 0.2866
vn 0.7874 -0.5458 0.2866
vn 0.9285 0.1536 -0.3380
vn 0.9881 0.1536 -0.0000
vn 0.9484 0.3169 -0.0000
vn 0.8912 0.3169 -0.3244
vn 0.7570 0.1536 -0.6352
vn 0.7266 0.3169 -0.6096
vn 0.4941 0.1536 -0.8557
vn 0.4742 0.3169 -0.8214
vn 0.1716 0.1536 -0.9731
vn 0.1647 0.3169 -0.9340
vn -0.1716 0.1536 -0.9731
vn -0.1647 0.3169 -0.9340
vn -0.4941 0.1536 -0.8557
vn -0.4742 0.3169 -0.8214
vn -0.7569 0.1536 -0.6352
vn -0.7266 0.3169 -0.6096
vn -0.9285 0.1536 -0.3380
vn -0.8912 0.3169 -0.3244
vn -0.9881 0.1536 0.0000
vn -0.9484 0.3169 -0.0000
vn -0.9285 0.1536 0.3380
vn -0.8912 0.3169 0.3244
vn -0.7570 0.1536 0.6352
vn -0.7266 0.3169 0.6096
vn -0.4941 0.1536 0.8557
vn -0.4742 0.3169 0.8214
vn -0.1716 0.1536 0.9731
vn -0.1647 0.3169 0.9340
vn 0.1716 0.1536 0.9731
vn 0.1647 0.3169 0.9340
vn 0.4941 0.1536 0.8557
vn 0.4742 0.3169 0.8214
vn 0.7569 0.1536 0.6352
vn 0.7265 0.3169 0.6096
vn 0.9285 0.1536 0.3380
vn 0.8912 0.3169 0.3244
vn 0.8101 -0.5067 -0.2949
vn 0.8621 -0.5067 -0.0000
vn 0.6628 0.7488 -0.0000
vn 0.6228 0.7488 -0.2267
vn 0.6604 -0.5067 -0.5542
vn 0.5078 0.7488 -0.4261
vn 0.4311 -0.5067 -0.7466
vn 0.3314 0.7488 -0.5740
vn 0.1497 -0.5067 -0.8490
vn 0.1151 0.7488 -0.6528
vn -0.1497 -0.5067 -0.8490
vn -0.1151 0.7488 -0.6528
vn -0.4311 -0.5067 -0.7466
vn -0.3314 0.7488 -0.5740
vn -0.6604 -0.5067 -0.5542
vn -0.5078 0.7488 -0.4261
vn -0.8101 -0.5067 -0.2949
vn -0.6228 0.7488 -0.2267
vn -0.8621 -0.5067 -0.0000
vn -0.6628 0.7488 -0.0000
vn -0.8101 -0.5067 0.2949
vn -0.6228 0.7488 0.2267
vn -0.6604 -0.5067 0.5542
vn -0.5078 0.7488 0.4261
vn -0.4311 -0.5067 0.7466
vn -0.3314 0.7488 0.5740
vn -0.1497 -0.5067 0.8490
vn -0.1151 0.7488 0.6528
vn 0.1497 -0.5067 0.8490
vn 0.1151 0.7488 0.6528
vn 0.4311 -0.5067 0.7466
vn 0.3314 0.7488 0.5740
vn 0.6604 -0.5067 0.5542
vn 0.5078 0.7488 0.4261
vn 0.8101 -0.5067 0.2949
vn 0.6228 0.7488 0.2267
vn 0.5513 -0.8098 -0.2006
vn 0.5866 -0.8098 -0.0000
vn 0.4494 -0.8098 -0.3771
vn 0.2933 -0.8098 -0.5081
vn 0.1019 -0.8098 -0.5777
vn -0.1019 -0.8098 -0.5777
vn -0.2933 -0.8098 -0.5081
vn -0.4494 -0.8098 -0.3771
vn -0.5513 -0.8098 -0.2006
vn -0.5866 -0.8098 0.0000
vn -0.5513 -0.8098 0.2006
vn -0.4494 -0.8098 0.3771
vn -0.2933 -0.8098 0.5081
vn -0.1019 -0.8098 0.5777
vn 0.1019 -0.8098 0.5777
vn 0.2933 -0.8098 0.5081
vn 0.4494 -0.8098 0.3771
vn 0.5513 -0.8098 0.2006
vn 0.8326 -0.4635 -0.3031
vn 0.9002 -0.2870 -0.3276
vn 0.9579 -0.2870 -0.0000
vn 0.8861 -0.4635 -0.0000
vn 0.6788 -0.4635 -0.5696
vn 0.7338 -0.2870 -0.6157
vn 0.4430 -0.4635 -0.7674
vn 0.4790 -0.2870 -0.8296
vn 0.1539 -0.4635 -0.8726
vn 0.1663 -0.2870 -0.9434
vn -0.1539 -0.4635 -0.8726
vn -0.1663 -0.2870 -0.9434
vn -0.4430 -0.4635 -0.7674
vn -0.4790 -0.2870 -0.8296
vn -0.6788 -0.4635 -0.5696
vn -0.7338 -0.2870 -0.6157
vn -0.8326 -0.4635 -0.3031
vn -0.9002 -0.2870 -0.3276
vn -0.8861 -0.4635 -0.0000
vn -0.9579 -0.2870 -0.0000
vn -0.8326 -0.4635 0.3031
vn -0.9002 -0.2870 0.3276
vn -0.6788 -0.4635 0.5696
vn -0.7338 -0.2870 0.6157
vn -0.4430 -0.4635 0.7674
vn -0.4790 -0.2870 0.8296
vn -0.1539 -0.4635 0.8726
vn -0.1663 -0.2870 0.9434
vn 0.1539 -0.4635 0.8726
vn 0.1663 -0.2870 0.9434
vn 0.4430 -0.4635 0.7674
vn 0.4790 -0.2870 0.8296
vn 0.6788 -0.4635 0.5696
vn 0.7338 -0.2870 0.6157
vn 0.8326 -0.4635 0.3031
vn 0.9002 -0.2870 0.3276
vn 0.8600 -0.4029 -0.3130
vn 0.9152 -0.4029 -0.0000
vn 0.7011 -0.4029 -0.5883
vn 0.4576 -0.4029 -0.7926
vn 0.1589 -0.4029 -0.9013
vn -0.1589 -0.4029 -0.9013
vn -0.4576 -0.4029 -0.7926
vn -0.7011 -0.4029 -0.5883
vn -0.8600 -0.4029 -0.3130
vn -0.9152 -0.4029 0.0000
vn -0.8600 -0.4029 0.3130
vn -0.7011 -0.4029 0.5883
vn -0.4576 -0.4029 0.7926
vn -0.1589 -0.4029 0.9013
vn 0.1589 -0.4029 0.9013
vn 0.4576 -0.4029 0.7926
vn 0.7011 -0.4029 0.5883
vn 0.8600 -0.4029 0.3130
vn 0.9964 -0.0845 -0.0000
vn 0.9363 -0.0845 -0.3408
vn 0.8995 0.2895 -0.3274
vn 0.9572 0.2895 -0.0000
vn 0.7633 -0.0845 -0.6405
vn 0.7332 0.2895 -0.6153
vn 0.4982 -0.0845 -0.8629
vn 0.4786 0.2895 -0.8289
vn 0.1730 -0.0845 -0.9813
vn 0.1662 0.2895 -0.9426
vn -0.1730 -0.0845 -0.9813
vn -0.1662 0.2895 -0.9426
vn -0.4982 -0.0845 -0.8629
vn -0.4786 0.2895 -0.8289
vn -0.7633 -0.0845 -0.6405
vn -0.7332 0.2895 -0.6153
vn -0.9363 -0.0845 -0.3408
vn -0.8995 0.2895 -0.3274
vn -0.9964 -0.0845 -0.0000
vn -0.9572 0.2895 -0.0000
vn -0.9363 -0.0845 0.3408
vn -0.8995 0.2895 0.3274
vn -0.7633 -0.0845 0.6405
vn -0.7332 0.2895 0.6153
vn -0.4982 -0.0845 0.8629
vn -0.4786 0.2895 0.8289
vn -0.1730 -0.0845 0.9813
vn -0.1662 0.2895 0.9426
vn 0.1730 -0.0845 0.9813
vn 0.1662 0.2895 0.9426
vn 0.4982 -0.0845 0.8629
vn 0.4786 0.2895 0.8289
vn 0.7633 -0.0845 0.6405
vn 0.7332 0.2895 0.6153
vn 0.9363 -0.0845 0.3408
vn 0.8995 0.2895 0.3274
vn 0.7377 -0.6194 -0.2685
vn 0.7851 -0.6194 -0.0000
vn 0.6014 -0.6194 -0.5046
vn 0.3925 -0.6194 -0.6799
vn 0.1363 -0.6194 -0.7731
vn -0.1363 -0.6194 -0.7731
vn -0.3925 -0.6194 -0.6799
vn -0.6014 -0.6194 -0.5046
vn -0.7377 -0.6194 -0.2685
vn -0.7851 -0.6194 -0.0000
vn -0.7377 -0.6194 0.2685
vn -0.6014 -0.6194 0.5046
vn -0.3925 -0.6194 0.6799
vn -0.1363 -0.6194 0.7731
vn 0.1363 -0.6194 0.7731
vn 0.3925 -0.6194 0.6799
vn 0.6014 -0.6194 0.5046
vn 0.7377 -0.6194 0.2685
vn 0.1871 -0.9800 -0.0681
vn 0.1991 -0.9800 -0.0000
vn 0.1525 -0.9800 -0.1280
vn 0.0995 -0.9800 -0.1724
vn 0.0346 -0.9800 -0.1960
vn -0.0346 -0.9800 -0.1960
vn -0.0995 -0.9800 -0.1724
vn -0.1525 -0.9800 -0.1280
vn -0.1871 -0.9800 -0.0681
vn -0.1991 -0.9800 -0.0000
vn -0.1871 -0.9800 0.0681
vn -0.1525 -0.9800 0.1280
vn -0.0995 -0.9800 0.1724
vn -0.0346 -0.9800 0.1960
vn 0.0346 -0.9800 0.1960
vn 0.0995 -0.9800 0.1724
vn 0.1525 -0.9800 0.1280
vn 0.1871 -0.9800 0.0681
vn 0.3325 -0.9353 -0.1210
vn 0.3539 -0.9353 -0.0000
vn 0.2711 -0.9353 -0.2275
vn 0.1769 -0.9353 -0.3065
vn 0.0615 -0.9353 -0.3485
vn -0.0615 -0.9353 -0.3485
vn -0.1769 -0.9353 -0.3065
vn -0.2711 -0.9353 -0.2275
vn -0.3325 -0.9353 -0.1210
vn -0.3539 -0.9353 -0.0000
vn -0.3325 -0.9353 0.1210
vn -0.2711 -0.9353 0.2275
vn -0.1769 -0.9353 0.3065
vn -0.0615 -0.9353 0.3485
vn 0.0615 -0.9353 0.3485
vn 0.1769 -0.9353 0.3065
vn 0.2711 -0.9353 0.2275
vn 0.3325 -0.9353 0.1210
vn 0.8552 0.4143 -0.3113
vn 0.9101 0.4143 -0.0000
vn 0.9101 0.4144 0.0000
vn 0.6972 0.4143 -0.5850
vn 0.4551 0.4143 -0.7882
vn 0.4551 0.4144 -0.7882
vn 0.1580 0.4143 -0.8963
vn -0.1580 0.4143 -0.8963
vn -0.4551 0.4143 -0.7882
vn -0.6972 0.4143 -0.5850
vn -0.8552 0.4143 -0.3113
vn -0.9101 0.4143 0.0000
vn -0.9101 0.4144 0.0000
vn -0.8552 0.4144 0.3113
vn -0.8552 0.4143 0.3113
vn -0.6972 0.4143 0.5850
vn -0.6972 0.4144 0.5850
vn -0.4551 0.4143 0.7882
vn -0.1580 0.4143 0.8963
vn 0.1580 0.4143 0.8963
vn 0.4551 0.4143 0.7882
vn 0.6972 0.4143 0.5850
vn 0.6972 0.4144 0.5850
vn 0.8552 0.4144 0.3113
vn 0.8552 0.4143 0.3113
vn 0.5809 0.8139 0.0000
vn 0.5459 0.8139 -0.1987
vn 0.2979 0.9484 -0.1084
vn 0.3170 0.9484 0.0000
vn 0.4450 0.8139 -0.3734
vn 0.2429 0.9484 -0.2038
vn 0.2905 0.8139 -0.5031
vn 0.1585 0.9484 -0.2746
vn 0.1009 0.8139 -0.5721
vn 0.0551 0.9484 -0.3122
vn -0.1009 0.8139 -0.5721
vn -0.0551 0.9484 -0.3122
vn -0.2905 0.8139 -0.5031
vn -0.1585 0.9484 -0.2746
vn -0.4450 0.8139 -0.3734
vn -0.2429 0.9484 -0.2038
vn -0.5459 0.8139 -0.1987
vn -0.2979 0.9484 -0.1084
vn -0.5809 0.8139 0.0000
vn -0.3170 0.9484 0.0000
vn -0.5459 0.8139 0.1987
vn -0.2979 0.9484 0.1084
vn -0.4450 0.8139 0.3734
vn -0.2429 0.9484 0.2038
vn -0.2905 0.8139 0.5031
vn -0.1585 0.9484 0.2746
vn -0.1009 0.8139 0.5721
vn -0.0551 0.9484 0.3122
vn 0.1009 0.8139 0.5721
vn 0.0551 0.9484 0.3122
vn 0.2905 0.8139 0.5031
vn 0.1585 0.9484 0.2746
vn 0.4450 0.8139 0.3734
vn 0.2429 0.9484 0.2038
vn 0.5459 0.8139 0.1987
vn 0.2979 0.9484 0.1084
vn 0.8877 0.3279 -0.3231
vn 0.9447 0.3279 -0.0000
vn 0.7237 0.3279 -0.6072
vn 0.4724 0.3279 -0.8181
vn 0.1640 0.3279 -0.9303
vn -0.1640 0.3279 -0.9303
vn -0.4724 0.3279 -0.8181
vn -0.7237 0.3279 -0.6072
vn -0.8877 0.3279 -0.3231
vn -0.9447 0.3279 -0.0000
vn -0.8877 0.3279 0.3231
vn -0.7237 0.3279 0.6072
vn -0.4724 0.3279 0.8181
vn -0.1640 0.3279 0.9303
vn 0.1640 0.3279 0.9303
vn 0.4723 0.3279 0.8181
vn 0.7237 0.3279 0.6072
vn 0.8877 0.3279 0.3231
vn 0.7693 -0.5742 -0.2800
vn 0.8187 -0.5742 -0.0000
vn 0.6271 -0.5742 -0.5262
vn 0.4093 -0.5742 -0.7090
vn 0.1422 -0.5742 -0.8062
vn -0.1422 -0.5742 -0.8062
vn -0.4093 -0.5742 -0.7090
vn -0.6271 -0.5742 -0.5262
vn -0.7693 -0.5742 -0.2800
vn -0.8187 -0.5742 0.0000
vn -0.7693 -0.5742 0.2800
vn -0.6272 -0.5742 0.5262
vn -0.4093 -0.5742 0.7090
vn -0.1422 -0.5742 0.8062
vn 0.1422 -0.5742 0.8062
vn 0.4093 -0.5742 0.7090
vn 0.6272 -0.5742 0.5262
vn 0.7693 -0.5742 0.2800
vn 0.2714 -0.9625 -0.0000
vn 0.2550 -0.9625 -0.0928
vn 0.5989 -0.7706 -0.2180
vn 0.6373 -0.7706 -0.0000
vn 0.2079 -0.9625 -0.1744
vn 0.4882 -0.7706 -0.4097
vn 0.1357 -0.9625 -0.2350
vn 0.3187 -0.7706 -0.5519
vn 0.0471 -0.9625 -0.2672
vn 0.1107 -0.7706 -0.6276
vn -0.0471 -0.9625 -0.2672
vn -0.1107 -0.7706 -0.6276
vn -0.1357 -0.9625 -0.2350
vn -0.3187 -0.7706 -0.5519
vn -0.2079 -0.9625 -0.1744
vn -0.4882 -0.7706 -0.4097
vn -0.2550 -0.9625 -0.0928
vn -0.5989 -0.7706 -0.2180
vn -0.2714 -0.9625 0.0000
vn -0.6373 -0.7706 -0.0000
vn -0.2550 -0.9625 0.0928
vn -0.5989 -0.7706 0.2180
vn -0.2079 -0.9625 0.1744
vn -0.4882 -0.7706 0.4097
vn -0.1357 -0.9625 0.2350
vn -0.3187 -0.7706 0.5519
vn -0.0471 -0.9625 0.2672
vn -0.1107 -0.7706 0.6276
vn 0.0471 -0.9625 0.2672
vn 0.1107 -0.7706 0.6276
vn 0.1357 -0.9625 0.2350
vn 0.3187 -0.7706 0.5519
vn 0.2079 -0.9625 0.1744
vn 0.4882 -0.7706 0.4097
vn 0.2550 -0.9625 0.0928
vn 0.5989 -0.7706 0.2180
vn 0.9302 0.1418 -0.3386
vn 0.9899 0.1418 -0.0000
vn 0.9899 -0.1418 -0.0000
vn 0.9302 -0.1418 -0.3386
vn 0.7583 0.1418 -0.6363
vn 0.7583 -0.1418 -0.6363
vn 0.4949 0.1418 -0.8573
vn 0.4949 -0.1418 -0.8573
vn 0.1719 0.1418 -0.9749
vn 0.1719 -0.1418 -0.9749
vn -0.1719 0.1418 -0.9749
vn -0.1719 -0.1418 -0.9749
vn -0.4949 0.1418 -0.8573
vn -0.4949 -0.1418 -0.8573
vn -0.7583 0.1418 -0.6363
vn -0.7583 -0.1418 -0.6363
vn -0.9302 0.1418 -0.3386
vn -0.9302 -0.1418 -0.3386
vn -0.9899 0.1418 -0.0000
vn -0.9899 -0.1418 0.0000
vn -0.9302 0.1418 0.3386
vn -0.9302 -0.1418 0.3386
vn -0.7583 0.1418 0.6363
vn -0.7583 -0.1418 0.6363
vn -0.4949 0.1418 0.8573
vn -0.4949 -0.1418 0.8573
vn -0.1719 0.1418 0.9749
vn -0.1719 -0.1418 0.9749
vn 0.1719 0.1418 0.9749
vn 0.1719 -0.1418 0.9749
vn 0.4949 0.1418 0.8573
vn 0.4949 -0.1418 0.8573
vn 0.7583 0.1418 0.6363
vn 0.7583 -0.1418 0.6363
vn 0.9302 0.1418 0.3386
vn 0.9302 -0.1418 0.3386
vn 0.9007 0.2850 -0.3278
vn 0.9585 0.2850 -0.0000
vn 0.9585 -0.2850 -0.0000
vn 0.9007 -0.2850 -0.3278
vn 0.7343 0.2850 -0.6161
vn 0.7343 -0.2850 -0.6161
vn 0.4793 0.2850 -0.8301
vn 0.4793 -0.2850 -0.8301
vn 0.1664 0.2850 -0.9440
vn 0.1664 -0.2850 -0.9440
vn -0.1664 0.2850 -0.9440
vn -0.1664 -0.2850 -0.9440
vn -0.4793 0.2850 -0.8301
vn -0.4793 -0.2850 -0.8301
vn -0.7343 0.2850 -0.6161
vn -0.7343 -0.2850 -0.6161
vn -0.9007 0.2850 -0.3278
vn -0.9007 -0.2850 -0.3278
vn -0.9585 0.2850 -0.0000
vn -0.9585 -0.2850 -0.0000
vn -0.9007 0.2850 0.3278
vn -0.9007 -0.2850 0.3278
vn -0.7343 0.2850 0.6161
vn -0.7343 -0.2850 0.6161
vn -0.4793 0.2850 0.8301
vn -0.4793 -0.2850 0.8301
vn -0.1664 0.2850 0.9440
vn -0.1664 -0.2850 0.9440
vn 0.1664 0.2850 0.9440
vn 0.1664 -0.2850 0.9440
vn 0.4793 0.2850 0.8301
vn 0.4793 -0.2850 0.8301
vn 0.7343 0.2850 0.6161
vn 0.7343 -0.2850 0.6161
vn 0.9007 0.2850 0.3278
vn 0.9007 -0.2850 0.3278
vn 0.9348 -0.3553 -0.0000
vn 0.8784 -0.3553 -0.3197
vn 0.7161 -0.3553 -0.6009
vn 0.4674 -0.3553 -0.8095
vn 0.1623 -0.3553 -0.9206
vn -0.1623 -0.3553 -0.9206
vn -0.4674 -0.3553 -0.8095
vn -0.7161 -0.3553 -0.6009
vn -0.8784 -0.3553 -0.3197
vn -0.9348 -0.3553 -0.0000
vn -0.8784 -0.3553 0.3197
vn -0.7161 -0.3553 0.6009
vn -0.4674 -0.3553 0.8095
vn -0.1623 -0.3553 0.9206
vn 0.1623 -0.3553 0.9206
vn 0.4674 -0.3553 0.8095
vn 0.7161 -0.3553 0.6009
vn 0.8784 -0.3553 0.3197
vn 0.4924 0.8517 -0.1792
vn 0.5240 0.8517 -0.0000
vn 0.8482 0.5297 -0.0000
vn 0.7971 0.5297 -0.2901
vn 0.4014 0.8517 -0.3368
vn 0.6498 0.5297 -0.5452
vn 0.2620 0.8517 -0.4538
vn 0.4241 0.5297 -0.7346
vn 0.0910 0.8517 -0.5160
vn 0.1473 0.5297 -0.8353
vn -0.0910 0.8517 -0.5160
vn -0.1473 0.5297 -0.8353
vn -0.2620 0.8517 -0.4538
vn -0.4241 0.5297 -0.7346
vn -0.4014 0.8517 -0.3368
vn -0.6498 0.5297 -0.5452
vn -0.4924 0.8517 -0.1792
vn -0.7971 0.5297 -0.2901
vn -0.5240 0.8517 -0.0000
vn -0.8482 0.5297 -0.0000
vn -0.4924 0.8517 0.1792
vn -0.7971 0.5297 0.2901
vn -0.4014 0.8517 0.3368
vn -0.6498 0.5297 0.5452
vn -0.2620 0.8517 0.4538
vn -0.4241 0.5297 0.7346
vn -0.0910 0.8517 0.5160
vn -0.1473 0.5297 0.8353
vn 0.0910 0.8517 0.5160
vn 0.1473 0.5297 0.8353
vn 0.2620 0.8517 0.4538
vn 0.4241 0.5297 0.7346
vn 0.4014 0.8517 0.3368
vn 0.6498 0.5297 0.5452
vn 0.4924 0.8517 0.1792
vn 0.7971 0.5297 0.2901
vn 0.6233 0.7484 -0.2269
vn 0.6633 0.7484 -0.0000
vn 0.5081 0.7484 -0.4264
vn 0.3316 0.7484 -0.5744
vn 0.1152 0.7484 -0.6532
vn -0.1152 0.7484 -0.6532
vn -0.3316 0.7484 -0.5744
vn -0.5081 0.7484 -0.4264
vn -0.6233 0.7484 -0.2269
vn -0.6633 0.7484 0.0000
vn -0.6233 0.7484 0.2269
vn -0.5081 0.7484 0.4264
vn -0.3316 0.7484 0.5744
vn -0.1152 0.7484 0.6532
vn 0.1152 0.7484 0.6532
vn 0.3316 0.7484 0.5744
vn 0.5081 0.7484 0.4264
vn 0.6233 0.7484 0.2269
vn 0.5000 0.0000 -0.8660
vn -0.5000 0.0000 -0.8660
vn -0.5000 -0.0000 0.8660
vn 0.5000 0.0000 0.8660
vn 0.6633 -0.7484 -0.0000
vn 0.6233 -0.7484 -0.2269
vn 0.4362 -0.8857 -0.1588
vn 0.4642 -0.8857 -0.0000
vn 0.5081 -0.7484 -0.4264
vn 0.3556 -0.8857 -0.2984
vn 0.3317 -0.7484 -0.5744
vn 0.2321 -0.8857 -0.4020
vn 0.1152 -0.7484 -0.6532
vn 0.0806 -0.8857 -0.4572
vn -0.1152 -0.7484 -0.6532
vn -0.0806 -0.8857 -0.4572
vn -0.3317 -0.7484 -0.5744
vn -0.2321 -0.8857 -0.4021
vn -0.5081 -0.7484 -0.4264
vn -0.3556 -0.8857 -0.2984
vn -0.6233 -0.7484 -0.2269
vn -0.4362 -0.8857 -0.1588
vn -0.6633 -0.7484 -0.0000
vn -0.4642 -0.8857 -0.0000
vn -0.6233 -0.7484 0.2269
vn -0.4363 -0.8857 0.1588
vn -0.5081 -0.7483 0.4264
vn -0.3556 -0.8857 0.2984
vn -0.3317 -0.7483 0.5744
vn -0.2321 -0.8857 0.4021
vn -0.1152 -0.7483 0.6532
vn -0.0806 -0.8857 0.4572
vn 0.1152 -0.7483 0.6532
vn 0.0806 -0.8857 0.4572
vn 0.3317 -0.7483 0.5744
vn 0.2321 -0.8857 0.4021
vn 0.5081 -0.7483 0.4264
vn 0.3556 -0.8857 0.2984
vn 0.6233 -0.7484 0.2269
vn 0.4363 -0.8857 0.1588
vn 0.8883 -0.3261 -0.3233
vn 0.9453 -0.3261 -0.0000
vn 0.7242 -0.3261 -0.6076
vn 0.4727 -0.3261 -0.8187
vn 0.1642 -0.3261 -0.9310
vn -0.1642 -0.3261 -0.9310
vn -0.4727 -0.3261 -0.8187
vn -0.7242 -0.3261 -0.6076
vn -0.8883 -0.3261 -0.3233
vn -0.9453 -0.3261 -0.0000
vn -0.8883 -0.3261 0.3233
vn -0.7242 -0.3261 0.6076
vn -0.4727 -0.3261 0.8187
vn -0.1642 -0.3261 0.9310
vn 0.1642 -0.3261 0.9310
vn 0.4727 -0.3261 0.8187
vn 0.7242 -0.3261 0.6076
vn 0.8883 -0.3261 0.3233
vn 0.8490 0.4286 -0.3090
vn 0.9035 0.4286 -0.0000
vn 0.6921 0.4286 -0.5808
vn 0.4518 0.4286 -0.7825
vn 0.1569 0.4286 -0.8898
vn -0.1569 0.4286 -0.8898
vn -0.4518 0.4286 -0.7825
vn -0.6921 0.4286 -0.5808
vn -0.8490 0.4286 -0.3090
vn -0.9035 0.4286 -0.0000
vn -0.8490 0.4286 0.3090
vn -0.6921 0.4286 0.5808
vn -0.4518 0.4286 0.7825
vn -0.1569 0.4286 0.8898
vn 0.1569 0.4286 0.8898
vn 0.4517 0.4286 0.7825
vn 0.6921 0.4286 0.5808
vn 0.8490 0.4286 0.3090
vn 0.3261 0.9378 -0.1187
vn 0.3471 0.9378 -0.0000
vn 0.2659 0.9378 -0.2231
vn 0.1735 0.9378 -0.3006
vn 0.0603 0.9378 -0.3418
vn -0.0603 0.9378 -0.3418
vn -0.1735 0.9378 -0.3006
vn -0.2659 0.9378 -0.2231
vn -0.3261 0.9378 -0.1187
vn -0.3471 0.9378 -0.0000
vn -0.3261 0.9378 0.1187
vn -0.2659 0.9378 0.2231
vn -0.1735 0.9378 0.3006
vn -0.0603 0.9378 0.3418
vn 0.0603 0.9378 0.3418
vn 0.1735 0.9378 0.3006
vn 0.2659 0.9378 0.2231
vn 0.3261 0.9378 0.1187
vn -0.0000 1.0000 0.0000
vn -0.0327 -0.3514 0.9357
vn 0.0328 -0.3518 0.9355
vn 0.0302 -0.3707 0.9283
vn -0.0314 -0.3672 0.9296
vn 0.9511 -0.3089 -0.0000
vn 0.9819 0.1892 -0.0000
vn 0.9819 0.1892 0.0000
vn -0.9360 -0.3521 -0.0000
vn -0.9802 0.1981 -0.0000
vn -0.7303 -0.0693 0.6796
vn -0.6940 -0.4353 0.5735
vn -0.4270 -0.9043 -0.0000
vn 0.7294 -0.0781 0.6797
vn 0.6982 -0.4118 0.5857
vn 0.0008 -0.8399 0.5427
vn -0.0009 -0.8400 0.5426
vn -0.0062 -0.3970 0.9178
vn 0.0046 -0.3958 0.9183
vn -0.4699 -0.6569 0.5896
vn -0.3303 -0.8305 0.4484
vn 0.3490 -0.8243 0.4458
vn 0.5081 -0.6335 0.5835
vn 0.4471 -0.8945 -0.0000
vn 0.8045 -0.5939 -0.0000
vn -0.7622 -0.6473 -0.0000
vn -0.0457 -0.1696 0.9845
vn 0.0454 -0.1698 0.9844
vn -0.5810 -0.0473 0.8125
vn 0.5840 -0.0503 0.8102
vn -0.0509 0.0000 0.9987
vn 0.0509 0.0000 0.9987
vn -0.6702 0.0000 0.7422
vn 0.6702 0.0000 0.7422
vn -0.7083 0.7059 -0.0024
vn -0.5530 0.5680 0.6096
vn 0.0324 0.7236 0.6894
vn 0.0000 1.0000 -0.0064
vn -0.0324 0.7236 0.6894
vn 0.7083 0.7059 -0.0024
vn 0.5530 0.5680 0.6096
vn -0.7622 -0.6473 0.0000
vn -0.0327 -0.3514 -0.9357
vn -0.0314 -0.3672 -0.9296
vn 0.0302 -0.3707 -0.9283
vn 0.0328 -0.3518 -0.9355
vn -0.7303 -0.0693 -0.6796
vn -0.6940 -0.4353 -0.5735
vn 0.7294 -0.0781 -0.6797
vn 0.6982 -0.4118 -0.5857
vn 0.0008 -0.8399 -0.5427
vn 0.0046 -0.3958 -0.9183
vn -0.0062 -0.3970 -0.9178
vn -0.0009 -0.8400 -0.5426
vn -0.4699 -0.6569 -0.5896
vn -0.3303 -0.8305 -0.4484
vn 0.5081 -0.6335 -0.5835
vn 0.3490 -0.8243 -0.4458
vn 0.0454 -0.1698 -0.9844
vn -0.0457 -0.1696 -0.9845
vn -0.5810 -0.0473 -0.8125
vn 0.5840 -0.0503 -0.8102
vn 0.0509 0.0000 -0.9987
vn -0.0509 0.0000 -0.9987
vn -0.6702 0.0000 -0.7422
vn 0.6702 0.0000 -0.7422
vn 0.0000 1.0000 0.0064
vn 0.7083 0.7059 0.0024
vn -0.7083 0.7059 0.0024
vn 0.0324 0.7236 -0.6894
vn -0.5530 0.5680 -0.6096
vn -0.0324 0.7236 -0.6894
vn 0.5530 0.5680 -0.6096
vn 0.0224 0.2153 -0.9763
vn -0.0224 0.2153 -0.9763
vn -0.0035 0.0048 -1.0000
vn 0.0035 0.0048 -1.0000
vn -0.0224 0.2153 0.9763
vn 0.0224 0.2153 0.9763
vn 0.0035 0.0048 1.0000
vn -0.0035 0.0048 1.0000
vn 0.9712 -0.2381 -0.0000
vn -0.0082 1.0000 0.0000
vn 0.0082 1.0000 0.0000
vn -0.9712 -0.2381 -0.0000
vn -0.0852 0.5040 -0.8595
vn 0.0852 0.5040 -0.8595
vn -0.9939 0.1102 0.0000
vn -0.9939 0.1102 -0.0000
vn 0.0852 0.5040 0.8595
vn -0.0852 0.5040 0.8595
vn 0.9939 0.1102 0.0000
vn 0.9939 0.1102 -0.0000
vn -0.0857 0.6408 -0.7629
vn 0.0857 0.6408 -0.7629
vn -0.7637 0.6455 0.0000
vn 0.0857 0.6408 0.7629
vn -0.0857 0.6408 0.7629
vn 0.7637 0.6455 0.0000
vn -0.5849 0.0322 -0.8105
vn -0.7059 0.0010 -0.7083
vn -0.8126 0.2512 -0.5259
vn -0.5178 0.7511 -0.4096
vn -0.4285 0.9036 0.0000
vn -0.5178 0.7511 0.4096
vn -0.8126 0.2512 0.5259
vn -0.5849 0.0322 0.8105
vn -0.7059 0.0010 0.7083
vn -0.7071 -0.7071 -0.0000
vn 0.5849 0.0322 -0.8105
vn 0.7059 0.0010 -0.7083
vn 0.7071 -0.7071 -0.0000
vn 0.5849 0.0322 0.8105
vn 0.7059 0.0010 0.7083
vn 0.8126 0.2512 0.5259
vn 0.5178 0.7511 0.4096
vn 0.4285 0.9036 0.0000
vn 0.5178 0.7511 -0.4096
vn 0.8126 0.2512 -0.5259
vn -0.0448 0.8895 -0.4547
vn 0.0448 0.8895 -0.4547
vn 0.0448 0.8895 0.4547
vn -0.0448 0.8895 0.4547
vn -0.3854 0.8812 -0.2738
vn -0.3854 0.8812 0.2738
vn 0.3854 0.8812 0.2738
vn 0.3854 0.8812 -0.2738
vn -0.0010 -0.7053 -0.7089
vn 0.0010 -0.7053 -0.7089
vn 0.0010 -0.7053 0.7089
vn -0.0010 -0.7053 0.7089
vn -0.5774 -0.5774 -0.5774
vn -0.5774 -0.5774 0.5774
vn 0.5774 -0.5774 -0.5774
vn 0.5774 -0.5774 0.5774
vn -0.6561 0.7547 0.0001
vn -0.6558 0.2333 -0.7179
vn -1.0000 -0.0001 -0.0004
vn -0.6558 -0.6108 -0.4437
vn -0.6561 -0.6105 0.4436
vn -0.6563 0.2332 0.7176
vn -0.6561 -0.7547 -0.0001
vn -0.6558 -0.2333 0.7179
vn -1.0000 0.0001 0.0004
vn -0.6558 0.6108 0.4437
vn -0.6561 0.6105 -0.4436
vn -0.6563 -0.2332 -0.7176
# 2787 vertex normals

vt 0.1452 0.3401 0.0000
vt 0.1328 0.3246 0.0000
vt 0.1535 0.3281 0.0000
vt 0.2727 0.3281 0.0000
vt 0.2934 0.3246 0.0000
vt 0.2810 0.3401 0.0000
vt 0.1536 0.4128 0.0000
vt 0.1330 0.4163 0.0000
vt 0.1453 0.4008 0.0000
vt 0.2809 0.4008 0.0000
vt 0.2932 0.4164 0.0000
vt 0.2726 0.4128 0.0000
vt 0.1536 0.6614 0.0000
vt 0.1329 0.6649 0.0000
vt 0.1453 0.6494 0.0000
vt 0.2811 0.6494 0.0000
vt 0.2935 0.6649 0.0000
vt 0.2728 0.6614 0.0000
vt 0.1454 0.5887 0.0000
vt 0.1331 0.5731 0.0000
vt 0.1537 0.5767 0.0000
vt 0.2727 0.5767 0.0000
vt 0.2934 0.5732 0.0000
vt 0.2810 0.5887 0.0000
vt 0.1016 0.2610 0.0000
vt 0.0953 0.2941 0.0000
vt 0.0952 0.2937 0.0000
vt 0.0932 0.2527 0.0000
vt 0.0949 0.2939 0.0000
vt 0.0836 0.2584 0.0000
vt 0.3310 0.2937 0.0000
vt 0.3309 0.2941 0.0000
vt 0.3246 0.2610 0.0000
vt 0.3330 0.2527 0.0000
vt 0.3426 0.2585 0.0000
vt 0.3314 0.2939 0.0000
vt 0.0955 0.4473 0.0000
vt 0.0957 0.4468 0.0000
vt 0.1021 0.4798 0.0000
vt 0.0937 0.4881 0.0000
vt 0.0842 0.4824 0.0000
vt 0.0952 0.4471 0.0000
vt 0.3241 0.4798 0.0000
vt 0.3305 0.4468 0.0000
vt 0.3307 0.4473 0.0000
vt 0.3325 0.4881 0.0000
vt 0.3310 0.4471 0.0000
vt 0.3420 0.4824 0.0000
vt 0.0953 0.6958 0.0000
vt 0.0954 0.6954 0.0000
vt 0.1017 0.7286 0.0000
vt 0.0933 0.7368 0.0000
vt 0.0837 0.7311 0.0000
vt 0.0950 0.6956 0.0000
vt 0.3247 0.7285 0.0000
vt 0.3310 0.6954 0.0000
vt 0.3312 0.6958 0.0000
vt 0.3331 0.7368 0.0000
vt 0.3315 0.6956 0.0000
vt 0.3427 0.7310 0.0000
vt 0.1022 0.5097 0.0000
vt 0.0958 0.5427 0.0000
vt 0.0956 0.5422 0.0000
vt 0.0939 0.5014 0.0000
vt 0.0953 0.5424 0.0000
vt 0.0843 0.5071 0.0000
vt 0.3308 0.5422 0.0000
vt 0.3306 0.5427 0.0000
vt 0.3242 0.5097 0.0000
vt 0.3326 0.5014 0.0000
vt 0.3422 0.5071 0.0000
vt 0.3311 0.5424 0.0000
vt 0.0347 0.2745 0.0000
vt 0.0355 0.2744 0.0000
vt 0.0353 0.3204 0.0000
vt 0.0248 0.3222 0.0000
vt 0.3909 0.3204 0.0000
vt 0.3907 0.2745 0.0000
vt 0.3915 0.2746 0.0000
vt 0.4014 0.3223 0.0000
vt 0.0358 0.4210 0.0000
vt 0.0362 0.4667 0.0000
vt 0.0354 0.4666 0.0000
vt 0.0253 0.4192 0.0000
vt 0.3907 0.4666 0.0000
vt 0.3900 0.4667 0.0000
vt 0.3904 0.4210 0.0000
vt 0.4008 0.4192 0.0000
vt 0.0354 0.6691 0.0000
vt 0.0355 0.7151 0.0000
vt 0.0348 0.7150 0.0000
vt 0.0249 0.6673 0.0000
vt 0.3916 0.7149 0.0000
vt 0.3908 0.7150 0.0000
vt 0.3910 0.6691 0.0000
vt 0.4015 0.6672 0.0000
vt 0.0355 0.5229 0.0000
vt 0.0363 0.5228 0.0000
vt 0.0359 0.5685 0.0000
vt 0.0255 0.5703 0.0000
vt 0.3905 0.5685 0.0000
vt 0.3901 0.5228 0.0000
vt 0.3909 0.5229 0.0000
vt 0.4009 0.5703 0.0000
vt 0.2131 0.3244 0.0000
vt 0.2131 0.3407 0.0000
vt 0.1925 0.3395 0.0000
vt 0.1917 0.3254 0.0000
vt 0.2131 0.3168 0.0000
vt 0.1913 0.3177 0.0000
vt 0.1915 0.2697 0.0000
vt 0.2131 0.2699 0.0000
vt 0.2338 0.3395 0.0000
vt 0.2345 0.3254 0.0000
vt 0.2347 0.2697 0.0000
vt 0.2349 0.3177 0.0000
vt 0.1925 0.4014 0.0000
vt 0.2131 0.4001 0.0000
vt 0.2131 0.4164 0.0000
vt 0.1917 0.4154 0.0000
vt 0.2131 0.4240 0.0000
vt 0.2131 0.4708 0.0000
vt 0.1916 0.4709 0.0000
vt 0.1914 0.4231 0.0000
vt 0.2337 0.4014 0.0000
vt 0.2345 0.4154 0.0000
vt 0.2348 0.4231 0.0000
vt 0.2346 0.4709 0.0000
vt 0.1926 0.6500 0.0000
vt 0.2132 0.6488 0.0000
vt 0.2132 0.6651 0.0000
vt 0.1918 0.6641 0.0000
vt 0.2132 0.6727 0.0000
vt 0.2132 0.7196 0.0000
vt 0.1916 0.7198 0.0000
vt 0.1914 0.6718 0.0000
vt 0.2339 0.6500 0.0000
vt 0.2347 0.6641 0.0000
vt 0.2350 0.6718 0.0000
vt 0.2348 0.7198 0.0000
vt 0.2132 0.5731 0.0000
vt 0.2132 0.5894 0.0000
vt 0.1926 0.5881 0.0000
vt 0.1918 0.5741 0.0000
vt 0.2132 0.5655 0.0000
vt 0.1915 0.5664 0.0000
vt 0.1917 0.5186 0.0000
vt 0.2132 0.5187 0.0000
vt 0.2338 0.5881 0.0000
vt 0.2346 0.5741 0.0000
vt 0.2347 0.5186 0.0000
vt 0.2350 0.5664 0.0000
vt 0.1694 0.3282 0.0000
vt 0.1692 0.3395 0.0000
vt 0.1691 0.3202 0.0000
vt 0.1681 0.2692 0.0000
vt 0.2568 0.3282 0.0000
vt 0.2570 0.3395 0.0000
vt 0.2581 0.2692 0.0000
vt 0.2571 0.3202 0.0000
vt 0.1695 0.4126 0.0000
vt 0.1693 0.4014 0.0000
vt 0.1682 0.4715 0.0000
vt 0.1692 0.4206 0.0000
vt 0.2567 0.4126 0.0000
vt 0.2569 0.4014 0.0000
vt 0.2570 0.4206 0.0000
vt 0.2580 0.4715 0.0000
vt 0.1695 0.6613 0.0000
vt 0.1693 0.6500 0.0000
vt 0.1682 0.7203 0.0000
vt 0.1692 0.6693 0.0000
vt 0.2569 0.6613 0.0000
vt 0.2571 0.6500 0.0000
vt 0.2572 0.6693 0.0000
vt 0.2582 0.7203 0.0000
vt 0.1696 0.5769 0.0000
vt 0.1694 0.5881 0.0000
vt 0.1693 0.5689 0.0000
vt 0.1684 0.5180 0.0000
vt 0.2569 0.5769 0.0000
vt 0.2571 0.5881 0.0000
vt 0.2581 0.5180 0.0000
vt 0.2572 0.5689 0.0000
vt 0.1936 0.3617 0.0000
vt 0.2131 0.3621 0.0000
vt 0.1687 0.3614 0.0000
vt 0.2326 0.3617 0.0000
vt 0.2575 0.3614 0.0000
vt 0.1936 0.3792 0.0000
vt 0.2131 0.3788 0.0000
vt 0.1687 0.3794 0.0000
vt 0.2326 0.3792 0.0000
vt 0.2575 0.3794 0.0000
vt 0.1937 0.6278 0.0000
vt 0.2132 0.6274 0.0000
vt 0.1688 0.6281 0.0000
vt 0.2327 0.6278 0.0000
vt 0.2576 0.6281 0.0000
vt 0.1937 0.6103 0.0000
vt 0.2132 0.6107 0.0000
vt 0.1688 0.6101 0.0000
vt 0.2327 0.6103 0.0000
vt 0.2576 0.6101 0.0000
vt 0.1460 0.3616 0.0000
vt 0.2802 0.3616 0.0000
vt 0.1460 0.3793 0.0000
vt 0.2802 0.3794 0.0000
vt 0.1461 0.6279 0.0000
vt 0.2803 0.6279 0.0000
vt 0.1462 0.6101 0.0000
vt 0.2803 0.6101 0.0000
vt 0.1537 0.3199 0.0000
vt 0.1508 0.2689 0.0000
vt 0.2754 0.2689 0.0000
vt 0.2725 0.3200 0.0000
vt 0.1510 0.4718 0.0000
vt 0.1538 0.4209 0.0000
vt 0.2724 0.4209 0.0000
vt 0.2752 0.4718 0.0000
vt 0.1509 0.7206 0.0000
vt 0.1538 0.6696 0.0000
vt 0.2726 0.6695 0.0000
vt 0.2755 0.7206 0.0000
vt 0.1539 0.5686 0.0000
vt 0.1511 0.5177 0.0000
vt 0.2753 0.5177 0.0000
vt 0.2725 0.5686 0.0000
vt 0.1204 0.3404 0.0000
vt 0.1202 0.3179 0.0000
vt 0.1213 0.3614 0.0000
vt 0.1029 0.3409 0.0000
vt 0.1012 0.3053 0.0000
vt 0.1028 0.3613 0.0000
vt 0.3058 0.3404 0.0000
vt 0.3060 0.3179 0.0000
vt 0.3049 0.3614 0.0000
vt 0.3250 0.3053 0.0000
vt 0.3233 0.3409 0.0000
vt 0.3234 0.3613 0.0000
vt 0.1206 0.4006 0.0000
vt 0.1204 0.4231 0.0000
vt 0.1213 0.3796 0.0000
vt 0.1015 0.4357 0.0000
vt 0.1030 0.4001 0.0000
vt 0.1029 0.3798 0.0000
vt 0.3056 0.4006 0.0000
vt 0.3058 0.4231 0.0000
vt 0.3049 0.3796 0.0000
vt 0.3232 0.4001 0.0000
vt 0.3247 0.4357 0.0000
vt 0.3233 0.3798 0.0000
vt 0.1205 0.6491 0.0000
vt 0.1204 0.6716 0.0000
vt 0.1214 0.6281 0.0000
vt 0.1013 0.6842 0.0000
vt 0.1030 0.6486 0.0000
vt 0.1030 0.6282 0.0000
vt 0.3059 0.6491 0.0000
vt 0.3061 0.6716 0.0000
vt 0.3050 0.6281 0.0000
vt 0.3234 0.6486 0.0000
vt 0.3251 0.6842 0.0000
vt 0.3235 0.6282 0.0000
vt 0.1207 0.5889 0.0000
vt 0.1206 0.5664 0.0000
vt 0.1214 0.6099 0.0000
vt 0.1031 0.5894 0.0000
vt 0.1016 0.5538 0.0000
vt 0.1030 0.6097 0.0000
vt 0.3058 0.5889 0.0000
vt 0.3059 0.5664 0.0000
vt 0.3050 0.6099 0.0000
vt 0.3248 0.5538 0.0000
vt 0.3233 0.5894 0.0000
vt 0.3234 0.6097 0.0000
vt 0.1226 0.3109 0.0000
vt 0.1218 0.2680 0.0000
vt 0.1335 0.2681 0.0000
vt 0.1344 0.3166 0.0000
vt 0.1041 0.3003 0.0000
vt 0.1117 0.2667 0.0000
vt 0.3036 0.3109 0.0000
vt 0.2918 0.3166 0.0000
vt 0.2927 0.2681 0.0000
vt 0.3045 0.2680 0.0000
vt 0.3221 0.3003 0.0000
vt 0.3145 0.2667 0.0000
vt 0.1228 0.4300 0.0000
vt 0.1345 0.4243 0.0000
vt 0.1338 0.4727 0.0000
vt 0.1221 0.4728 0.0000
vt 0.1044 0.4406 0.0000
vt 0.1121 0.4741 0.0000
vt 0.3034 0.4300 0.0000
vt 0.3041 0.4728 0.0000
vt 0.2924 0.4727 0.0000
vt 0.2916 0.4243 0.0000
vt 0.3218 0.4406 0.0000
vt 0.3141 0.4741 0.0000
vt 0.1227 0.6786 0.0000
vt 0.1345 0.6729 0.0000
vt 0.1336 0.7214 0.0000
vt 0.1219 0.7216 0.0000
vt 0.1042 0.6892 0.0000
vt 0.1118 0.7228 0.0000
vt 0.3037 0.6786 0.0000
vt 0.3046 0.7215 0.0000
vt 0.2928 0.7214 0.0000
vt 0.2919 0.6729 0.0000
vt 0.3222 0.6891 0.0000
vt 0.3146 0.7227 0.0000
vt 0.1230 0.5595 0.0000
vt 0.1222 0.5167 0.0000
vt 0.1339 0.5168 0.0000
vt 0.1347 0.5652 0.0000
vt 0.1045 0.5489 0.0000
vt 0.1122 0.5154 0.0000
vt 0.3035 0.5595 0.0000
vt 0.2918 0.5652 0.0000
vt 0.2925 0.5168 0.0000
vt 0.3042 0.5167 0.0000
vt 0.3219 0.5489 0.0000
vt 0.3142 0.5154 0.0000
vt 0.0892 0.3408 0.0000
vt 0.0948 0.2995 0.0000
vt 0.0896 0.3614 0.0000
vt 0.3313 0.2996 0.0000
vt 0.3370 0.3408 0.0000
vt 0.3366 0.3614 0.0000
vt 0.0952 0.4414 0.0000
vt 0.0894 0.4003 0.0000
vt 0.0896 0.3798 0.0000
vt 0.3368 0.4003 0.0000
vt 0.3310 0.4414 0.0000
vt 0.3366 0.3798 0.0000
vt 0.0950 0.6900 0.0000
vt 0.0893 0.6487 0.0000
vt 0.0897 0.6281 0.0000
vt 0.3371 0.6487 0.0000
vt 0.3315 0.6899 0.0000
vt 0.3367 0.6281 0.0000
vt 0.0895 0.5892 0.0000
vt 0.0953 0.5481 0.0000
vt 0.0898 0.6097 0.0000
vt 0.3311 0.5481 0.0000
vt 0.3369 0.5892 0.0000
vt 0.3367 0.6097 0.0000
vt 0.0761 0.3111 0.0000
vt 0.0711 0.3408 0.0000
vt 0.0738 0.3046 0.0000
vt 0.0707 0.2633 0.0000
vt 0.3501 0.3111 0.0000
vt 0.3551 0.3409 0.0000
vt 0.3555 0.2634 0.0000
vt 0.3524 0.3047 0.0000
vt 0.0765 0.4300 0.0000
vt 0.0713 0.4004 0.0000
vt 0.0713 0.4776 0.0000
vt 0.0742 0.4364 0.0000
vt 0.3497 0.4300 0.0000
vt 0.3549 0.4004 0.0000
vt 0.3520 0.4365 0.0000
vt 0.3548 0.4776 0.0000
vt 0.0762 0.6784 0.0000
vt 0.0712 0.6487 0.0000
vt 0.0708 0.7262 0.0000
vt 0.0739 0.6848 0.0000
vt 0.3502 0.6784 0.0000
vt 0.3552 0.6486 0.0000
vt 0.3525 0.6848 0.0000
vt 0.3556 0.7261 0.0000
vt 0.0766 0.5595 0.0000
vt 0.0714 0.5891 0.0000
vt 0.0743 0.5530 0.0000
vt 0.0715 0.5119 0.0000
vt 0.3498 0.5595 0.0000
vt 0.3550 0.5891 0.0000
vt 0.3550 0.5119 0.0000
vt 0.3521 0.5531 0.0000
vt 0.0724 0.3612 0.0000
vt 0.3538 0.3612 0.0000
vt 0.0724 0.3801 0.0000
vt 0.3538 0.3801 0.0000
vt 0.0725 0.6283 0.0000
vt 0.3540 0.6283 0.0000
vt 0.0725 0.6094 0.0000
vt 0.3539 0.6094 0.0000
vt 0.0552 0.3212 0.0000
vt 0.0542 0.3412 0.0000
vt 0.0532 0.3140 0.0000
vt 0.0488 0.2708 0.0000
vt 0.3710 0.3212 0.0000
vt 0.3720 0.3412 0.0000
vt 0.3774 0.2708 0.0000
vt 0.3730 0.3141 0.0000
vt 0.0556 0.4201 0.0000
vt 0.0544 0.4001 0.0000
vt 0.0495 0.4703 0.0000
vt 0.0536 0.4272 0.0000
vt 0.3706 0.4201 0.0000
vt 0.3717 0.4002 0.0000
vt 0.3726 0.4272 0.0000
vt 0.3767 0.4703 0.0000
vt 0.0553 0.6683 0.0000
vt 0.0543 0.6483 0.0000
vt 0.0489 0.7187 0.0000
vt 0.0533 0.6755 0.0000
vt 0.3711 0.6683 0.0000
vt 0.3721 0.6483 0.0000
vt 0.3731 0.6754 0.0000
vt 0.3775 0.7187 0.0000
vt 0.0557 0.5694 0.0000
vt 0.0545 0.5893 0.0000
vt 0.0537 0.5623 0.0000
vt 0.0496 0.5192 0.0000
vt 0.3707 0.5694 0.0000
vt 0.3719 0.5894 0.0000
vt 0.3768 0.5193 0.0000
vt 0.3727 0.5623 0.0000
vt 0.0554 0.3613 0.0000
vt 0.3708 0.3613 0.0000
vt 0.0555 0.3801 0.0000
vt 0.3707 0.3801 0.0000
vt 0.0555 0.6282 0.0000
vt 0.3709 0.6282 0.0000
vt 0.0556 0.6094 0.0000
vt 0.3708 0.6094 0.0000
vt 0.0363 0.3279 0.0000
vt 0.0368 0.3426 0.0000
vt 0.0362 0.3627 0.0000
vt 0.3898 0.3279 0.0000
vt 0.3894 0.3427 0.0000
vt 0.3900 0.3628 0.0000
vt 0.0368 0.4135 0.0000
vt 0.0372 0.3988 0.0000
vt 0.0363 0.3789 0.0000
vt 0.3894 0.4135 0.0000
vt 0.3890 0.3989 0.0000
vt 0.3899 0.3789 0.0000
vt 0.0364 0.6616 0.0000
vt 0.0369 0.6468 0.0000
vt 0.0363 0.6267 0.0000
vt 0.3900 0.6616 0.0000
vt 0.3895 0.6468 0.0000
vt 0.3901 0.6267 0.0000
vt 0.0369 0.5759 0.0000
vt 0.0373 0.5906 0.0000
vt 0.0364 0.6106 0.0000
vt 0.3895 0.5760 0.0000
vt 0.3891 0.5907 0.0000
vt 0.3900 0.6106 0.0000
vt 0.0242 0.3302 0.0000
vt 0.0236 0.3421 0.0000
vt 0.4019 0.3302 0.0000
vt 0.4026 0.3421 0.0000
vt 0.0248 0.4113 0.0000
vt 0.0241 0.3995 0.0000
vt 0.4014 0.4113 0.0000
vt 0.4021 0.3995 0.0000
vt 0.0243 0.6593 0.0000
vt 0.0237 0.6474 0.0000
vt 0.4021 0.6593 0.0000
vt 0.4027 0.6474 0.0000
vt 0.0249 0.5782 0.0000
vt 0.0242 0.5900 0.0000
vt 0.4015 0.5782 0.0000
vt 0.4022 0.5900 0.0000
vt 0.0238 0.3632 0.0000
vt 0.4023 0.3632 0.0000
vt 0.0240 0.3786 0.0000
vt 0.4021 0.3786 0.0000
vt 0.0240 0.6263 0.0000
vt 0.4024 0.6263 0.0000
vt 0.0242 0.6109 0.0000
vt 0.4022 0.6109 0.0000
vt 0.0180 0.3301 0.0000
vt 0.0206 0.3302 0.0000
vt 0.0204 0.3423 0.0000
vt 0.0178 0.3424 0.0000
vt 0.0216 0.3224 0.0000
vt 0.0190 0.3225 0.0000
vt 0.0277 0.2747 0.0000
vt 0.0309 0.2746 0.0000
vt 0.4081 0.3302 0.0000
vt 0.4083 0.3424 0.0000
vt 0.4058 0.3423 0.0000
vt 0.4055 0.3302 0.0000
vt 0.3985 0.2748 0.0000
vt 0.4072 0.3226 0.0000
vt 0.4046 0.3225 0.0000
vt 0.3953 0.2747 0.0000
vt 0.0187 0.4113 0.0000
vt 0.0184 0.3993 0.0000
vt 0.0209 0.3994 0.0000
vt 0.0212 0.4113 0.0000
vt 0.0285 0.4664 0.0000
vt 0.0196 0.4189 0.0000
vt 0.0222 0.4190 0.0000
vt 0.0316 0.4665 0.0000
vt 0.4076 0.4114 0.0000
vt 0.4050 0.4114 0.0000
vt 0.4053 0.3994 0.0000
vt 0.4078 0.3993 0.0000
vt 0.4040 0.4190 0.0000
vt 0.4066 0.4189 0.0000
vt 0.3977 0.4664 0.0000
vt 0.3946 0.4665 0.0000
vt 0.0182 0.6593 0.0000
vt 0.0179 0.6471 0.0000
vt 0.0205 0.6472 0.0000
vt 0.0207 0.6593 0.0000
vt 0.0278 0.7148 0.0000
vt 0.0191 0.6669 0.0000
vt 0.0217 0.6671 0.0000
vt 0.0310 0.7149 0.0000
vt 0.4083 0.6593 0.0000
vt 0.4057 0.6593 0.0000
vt 0.4059 0.6472 0.0000
vt 0.4085 0.6471 0.0000
vt 0.4047 0.6670 0.0000
vt 0.4073 0.6669 0.0000
vt 0.3986 0.7147 0.0000
vt 0.3954 0.7148 0.0000
vt 0.0187 0.5781 0.0000
vt 0.0213 0.5781 0.0000
vt 0.0210 0.5901 0.0000
vt 0.0185 0.5902 0.0000
vt 0.0223 0.5705 0.0000
vt 0.0197 0.5706 0.0000
vt 0.0286 0.5230 0.0000
vt 0.0317 0.5230 0.0000
vt 0.4076 0.5782 0.0000
vt 0.4079 0.5902 0.0000
vt 0.4054 0.5901 0.0000
vt 0.4051 0.5782 0.0000
vt 0.3978 0.5231 0.0000
vt 0.4067 0.5706 0.0000
vt 0.4041 0.5705 0.0000
vt 0.3947 0.5230 0.0000
vt 0.0204 0.3633 0.0000
vt 0.0176 0.3634 0.0000
vt 0.4058 0.3633 0.0000
vt 0.4086 0.3634 0.0000
vt 0.0207 0.3786 0.0000
vt 0.0179 0.3785 0.0000
vt 0.4055 0.3786 0.0000
vt 0.4083 0.3785 0.0000
vt 0.0205 0.6262 0.0000
vt 0.0177 0.6261 0.0000
vt 0.4059 0.6262 0.0000
vt 0.4087 0.6261 0.0000
vt 0.0208 0.6109 0.0000
vt 0.0180 0.6110 0.0000
vt 0.4056 0.6109 0.0000
vt 0.4084 0.6110 0.0000
vt 0.1887 0.7505 0.0000
vt 0.2097 0.7504 0.0000
vt 0.2098 0.8560 0.0000
vt 0.1887 0.8559 0.0000
vt 0.2308 0.7505 0.0000
vt 0.2309 0.8558 0.0000
vt 0.2102 0.9802 0.0000
vt 0.1892 0.9801 0.0000
vt 0.1891 0.8748 0.0000
vt 0.2102 0.8746 0.0000
vt 0.2313 0.9801 0.0000
vt 0.2312 0.8748 0.0000
vt 0.1656 0.7509 0.0000
vt 0.1657 0.8555 0.0000
vt 0.2538 0.7508 0.0000
vt 0.2539 0.8555 0.0000
vt 0.1661 0.9798 0.0000
vt 0.1661 0.8752 0.0000
vt 0.2543 0.9797 0.0000
vt 0.2542 0.8751 0.0000
vt 0.1485 0.7510 0.0000
vt 0.1486 0.8554 0.0000
vt 0.2710 0.8553 0.0000
vt 0.2709 0.7509 0.0000
vt 0.1489 0.8753 0.0000
vt 0.1490 0.9797 0.0000
vt 0.2715 0.9796 0.0000
vt 0.2714 0.8752 0.0000
vt 0.1316 0.7511 0.0000
vt 0.1317 0.8553 0.0000
vt 0.2878 0.7510 0.0000
vt 0.2879 0.8552 0.0000
vt 0.1321 0.9796 0.0000
vt 0.1321 0.8754 0.0000
vt 0.2883 0.9795 0.0000
vt 0.2883 0.8753 0.0000
vt 0.1200 0.8558 0.0000
vt 0.1199 0.7507 0.0000
vt 0.2995 0.7506 0.0000
vt 0.2996 0.8557 0.0000
vt 0.1204 0.9800 0.0000
vt 0.1203 0.8749 0.0000
vt 0.3000 0.8748 0.0000
vt 0.3000 0.9799 0.0000
vt 0.1110 0.8564 0.0000
vt 0.1109 0.7501 0.0000
vt 0.3085 0.7499 0.0000
vt 0.3086 0.8563 0.0000
vt 0.1114 0.9807 0.0000
vt 0.1114 0.8743 0.0000
vt 0.3090 0.8742 0.0000
vt 0.3090 0.9805 0.0000
vt 0.0996 0.7498 0.0000
vt 0.0997 0.8567 0.0000
vt 0.3198 0.7496 0.0000
vt 0.3199 0.8566 0.0000
vt 0.1001 0.9810 0.0000
vt 0.1000 0.8740 0.0000
vt 0.3203 0.9808 0.0000
vt 0.3203 0.8739 0.0000
vt 0.0874 0.7525 0.0000
vt 0.0874 0.8541 0.0000
vt 0.0758 0.8560 0.0000
vt 0.0757 0.7505 0.0000
vt 0.3322 0.8539 0.0000
vt 0.3321 0.7523 0.0000
vt 0.3438 0.7504 0.0000
vt 0.3438 0.8558 0.0000
vt 0.0878 0.8767 0.0000
vt 0.0879 0.9783 0.0000
vt 0.0762 0.9803 0.0000
vt 0.0761 0.8748 0.0000
vt 0.3326 0.9782 0.0000
vt 0.3325 0.8765 0.0000
vt 0.3442 0.8746 0.0000
vt 0.3443 0.9801 0.0000
vt 0.0628 0.7509 0.0000
vt 0.0629 0.8557 0.0000
vt 0.3566 0.7507 0.0000
vt 0.3567 0.8555 0.0000
vt 0.0633 0.9799 0.0000
vt 0.0632 0.8751 0.0000
vt 0.3571 0.9797 0.0000
vt 0.3571 0.8749 0.0000
vt 0.0390 0.7510 0.0000
vt 0.0391 0.8557 0.0000
vt 0.3805 0.8554 0.0000
vt 0.3804 0.7507 0.0000
vt 0.0395 0.8752 0.0000
vt 0.0395 0.9799 0.0000
vt 0.3809 0.9797 0.0000
vt 0.3808 0.8750 0.0000
vt 0.0253 0.7510 0.0000
vt 0.0254 0.8556 0.0000
vt 0.3942 0.8553 0.0000
vt 0.3941 0.7508 0.0000
vt 0.0257 0.8753 0.0000
vt 0.0258 0.9799 0.0000
vt 0.3946 0.9796 0.0000
vt 0.3946 0.8750 0.0000
vt 0.0214 0.7510 0.0000
vt 0.0214 0.8556 0.0000
vt 0.0182 0.8556 0.0000
vt 0.0181 0.7511 0.0000
vt 0.4013 0.7508 0.0000
vt 0.4014 0.8553 0.0000
vt 0.3982 0.8553 0.0000
vt 0.3981 0.7508 0.0000
vt 0.0186 0.9798 0.0000
vt 0.0186 0.8753 0.0000
vt 0.0218 0.8753 0.0000
vt 0.0219 0.9798 0.0000
vt 0.3986 0.9796 0.0000
vt 0.3985 0.8750 0.0000
vt 0.4017 0.8750 0.0000
vt 0.4018 0.9795 0.0000
vt 0.4223 0.9297 0.0000
vt 0.5634 0.9283 0.0000
vt 0.5469 0.9742 0.0000
vt 0.4397 0.9754 0.0000
vt 0.5636 0.6447 0.0000
vt 0.4224 0.6447 0.0000
vt 0.4394 0.5989 0.0000
vt 0.5466 0.5989 0.0000
vt 0.5625 0.8424 0.0000
vt 0.4214 0.8439 0.0000
vt 0.4379 0.7979 0.0000
vt 0.5451 0.7968 0.0000
vt 0.4224 0.7306 0.0000
vt 0.5636 0.7306 0.0000
vt 0.5466 0.7764 0.0000
vt 0.4394 0.7764 0.0000
vt 0.5557 0.9120 0.0000
vt 0.5647 0.9208 0.0000
vt 0.4208 0.9223 0.0000
vt 0.4296 0.9133 0.0000
vt 0.4300 0.6611 0.0000
vt 0.4211 0.6521 0.0000
vt 0.5649 0.6521 0.0000
vt 0.5560 0.6611 0.0000
vt 0.4291 0.8601 0.0000
vt 0.4201 0.8513 0.0000
vt 0.5639 0.8498 0.0000
vt 0.5551 0.8588 0.0000
vt 0.5560 0.7142 0.0000
vt 0.5649 0.7232 0.0000
vt 0.4211 0.7232 0.0000
vt 0.4300 0.7143 0.0000
vt 0.5509 0.8926 0.0000
vt 0.4340 0.8938 0.0000
vt 0.4345 0.6805 0.0000
vt 0.5515 0.6805 0.0000
vt 0.4338 0.8796 0.0000
vt 0.5508 0.8783 0.0000
vt 0.5515 0.6948 0.0000
vt 0.4345 0.6948 0.0000
vt 0.1887 0.7463 0.0000
vt 0.2097 0.7462 0.0000
vt 0.2098 0.8602 0.0000
vt 0.1887 0.8601 0.0000
vt 0.2308 0.7463 0.0000
vt 0.2309 0.8600 0.0000
vt 0.2102 0.9844 0.0000
vt 0.1892 0.9843 0.0000
vt 0.1891 0.8706 0.0000
vt 0.2102 0.8704 0.0000
vt 0.2313 0.9843 0.0000
vt 0.2312 0.8706 0.0000
vt 0.1656 0.7468 0.0000
vt 0.1657 0.8597 0.0000
vt 0.2538 0.7467 0.0000
vt 0.2539 0.8596 0.0000
vt 0.1661 0.9839 0.0000
vt 0.1661 0.8710 0.0000
vt 0.2543 0.9839 0.0000
vt 0.2542 0.8709 0.0000
vt 0.1485 0.7469 0.0000
vt 0.1486 0.8596 0.0000
vt 0.2710 0.8595 0.0000
vt 0.2709 0.7468 0.0000
vt 0.1489 0.8711 0.0000
vt 0.1490 0.9838 0.0000
vt 0.2715 0.9837 0.0000
vt 0.2714 0.8710 0.0000
vt 0.1316 0.7470 0.0000
vt 0.1317 0.8595 0.0000
vt 0.2878 0.7469 0.0000
vt 0.2879 0.8594 0.0000
vt 0.1321 0.9837 0.0000
vt 0.1320 0.8712 0.0000
vt 0.2883 0.9836 0.0000
vt 0.2883 0.8711 0.0000
vt 0.1200 0.8600 0.0000
vt 0.1199 0.7465 0.0000
vt 0.2995 0.7464 0.0000
vt 0.2996 0.8598 0.0000
vt 0.1204 0.9842 0.0000
vt 0.1203 0.8708 0.0000
vt 0.3000 0.8706 0.0000
vt 0.3000 0.9841 0.0000
vt 0.1110 0.8607 0.0000
vt 0.1109 0.7459 0.0000
vt 0.3085 0.7457 0.0000
vt 0.3086 0.8605 0.0000
vt 0.1114 0.9849 0.0000
vt 0.1113 0.8701 0.0000
vt 0.3090 0.8700 0.0000
vt 0.3090 0.9848 0.0000
vt 0.0996 0.7456 0.0000
vt 0.0997 0.8610 0.0000
vt 0.3198 0.7454 0.0000
vt 0.3199 0.8608 0.0000
vt 0.1001 0.9852 0.0000
vt 0.1000 0.8698 0.0000
vt 0.3203 0.9851 0.0000
vt 0.3203 0.8696 0.0000
vt 0.0874 0.7484 0.0000
vt 0.0874 0.8581 0.0000
vt 0.0758 0.8602 0.0000
vt 0.0757 0.7464 0.0000
vt 0.3322 0.8579 0.0000
vt 0.3321 0.7482 0.0000
vt 0.3438 0.7462 0.0000
vt 0.3438 0.8600 0.0000
vt 0.0878 0.8727 0.0000
vt 0.0879 0.9824 0.0000
vt 0.0762 0.9845 0.0000
vt 0.0761 0.8706 0.0000
vt 0.3326 0.9822 0.0000
vt 0.3325 0.8725 0.0000
vt 0.3442 0.8704 0.0000
vt 0.3443 0.9843 0.0000
vt 0.0628 0.7467 0.0000
vt 0.0629 0.8599 0.0000
vt 0.3566 0.7465 0.0000
vt 0.3567 0.8596 0.0000
vt 0.0633 0.9841 0.0000
vt 0.0632 0.8710 0.0000
vt 0.3571 0.9839 0.0000
vt 0.3571 0.8708 0.0000
vt 0.0390 0.7468 0.0000
vt 0.0391 0.8598 0.0000
vt 0.3805 0.8596 0.0000
vt 0.3804 0.7466 0.0000
vt 0.0395 0.8710 0.0000
vt 0.0396 0.9841 0.0000
vt 0.3809 0.9838 0.0000
vt 0.3808 0.8708 0.0000
vt 0.0253 0.7469 0.0000
vt 0.0254 0.8598 0.0000
vt 0.3942 0.8595 0.0000
vt 0.3941 0.7466 0.0000
vt 0.0257 0.8711 0.0000
vt 0.0258 0.9840 0.0000
vt 0.3946 0.9837 0.0000
vt 0.3946 0.8708 0.0000
vt 0.0214 0.7469 0.0000
vt 0.0181 0.7469 0.0000
vt 0.0182 0.8597 0.0000
vt 0.0214 0.8598 0.0000
vt 0.4013 0.7466 0.0000
vt 0.3981 0.7466 0.0000
vt 0.3982 0.8595 0.0000
vt 0.4014 0.8595 0.0000
vt 0.0186 0.9840 0.0000
vt 0.0219 0.9840 0.0000
vt 0.0218 0.8711 0.0000
vt 0.0186 0.8711 0.0000
vt 0.3986 0.9837 0.0000
vt 0.4018 0.9837 0.0000
vt 0.4017 0.8709 0.0000
vt 0.3985 0.8709 0.0000
vt 0.4355 0.9754 0.0000
vt 0.4166 0.9298 0.0000
vt 0.5512 0.9742 0.0000
vt 0.5690 0.9282 0.0000
vt 0.5508 0.5989 0.0000
vt 0.5692 0.6447 0.0000
vt 0.4351 0.5989 0.0000
vt 0.4168 0.6447 0.0000
vt 0.5493 0.7967 0.0000
vt 0.5681 0.8423 0.0000
vt 0.4336 0.7980 0.0000
vt 0.4157 0.8439 0.0000
vt 0.4351 0.7764 0.0000
vt 0.4168 0.7306 0.0000
vt 0.5508 0.7764 0.0000
vt 0.5692 0.7306 0.0000
vt 0.5607 0.9120 0.0000
vt 0.5691 0.9208 0.0000
vt 0.4164 0.9224 0.0000
vt 0.4246 0.9134 0.0000
vt 0.4249 0.6611 0.0000
vt 0.4166 0.6521 0.0000
vt 0.5694 0.6521 0.0000
vt 0.5610 0.6611 0.0000
vt 0.4241 0.8602 0.0000
vt 0.4156 0.8513 0.0000
vt 0.5684 0.8498 0.0000
vt 0.5601 0.8588 0.0000
vt 0.5610 0.7142 0.0000
vt 0.5694 0.7232 0.0000
vt 0.4166 0.7232 0.0000
vt 0.4249 0.7143 0.0000
vt 0.5556 0.8925 0.0000
vt 0.4293 0.8938 0.0000
vt 0.4299 0.6805 0.0000
vt 0.5561 0.6805 0.0000
vt 0.4292 0.8796 0.0000
vt 0.5554 0.8783 0.0000
vt 0.5561 0.6948 0.0000
vt 0.4299 0.6948 0.0000
vt 0.0952 0.2959 0.0000
vt 0.0930 0.2492 0.0000
vt 0.1020 0.2581 0.0000
vt 0.0827 0.2554 0.0000
vt 0.3310 0.2959 0.0000
vt 0.3242 0.2581 0.0000
vt 0.3332 0.2492 0.0000
vt 0.3435 0.2555 0.0000
vt 0.0956 0.4450 0.0000
vt 0.1025 0.4827 0.0000
vt 0.0935 0.4916 0.0000
vt 0.0833 0.4854 0.0000
vt 0.3306 0.4450 0.0000
vt 0.3327 0.4916 0.0000
vt 0.3237 0.4827 0.0000
vt 0.3429 0.4854 0.0000
vt 0.0954 0.6936 0.0000
vt 0.1021 0.7314 0.0000
vt 0.0931 0.7403 0.0000
vt 0.0828 0.7341 0.0000
vt 0.3311 0.6936 0.0000
vt 0.3333 0.7403 0.0000
vt 0.3243 0.7314 0.0000
vt 0.3436 0.7340 0.0000
vt 0.0957 0.5444 0.0000
vt 0.0937 0.4979 0.0000
vt 0.1026 0.5068 0.0000
vt 0.0834 0.5041 0.0000
vt 0.3307 0.5445 0.0000
vt 0.3238 0.5068 0.0000
vt 0.3328 0.4979 0.0000
vt 0.3430 0.5041 0.0000
vt 0.0355 0.2708 0.0000
vt 0.0353 0.3241 0.0000
vt 0.0239 0.3262 0.0000
vt 0.3907 0.2708 0.0000
vt 0.4023 0.3263 0.0000
vt 0.3909 0.3242 0.0000
vt 0.0362 0.4703 0.0000
vt 0.0245 0.4152 0.0000
vt 0.0358 0.4172 0.0000
vt 0.3899 0.4703 0.0000
vt 0.3904 0.4173 0.0000
vt 0.4017 0.4153 0.0000
vt 0.0356 0.7187 0.0000
vt 0.0240 0.6633 0.0000
vt 0.0354 0.6653 0.0000
vt 0.3908 0.7187 0.0000
vt 0.3910 0.6653 0.0000
vt 0.4024 0.6633 0.0000
vt 0.0363 0.5192 0.0000
vt 0.0359 0.5722 0.0000
vt 0.0246 0.5742 0.0000
vt 0.3901 0.5192 0.0000
vt 0.4018 0.5743 0.0000
vt 0.3905 0.5723 0.0000
vt 0.2131 0.3205 0.0000
vt 0.1913 0.3215 0.0000
vt 0.1915 0.2659 0.0000
vt 0.2131 0.2662 0.0000
vt 0.2347 0.2659 0.0000
vt 0.2349 0.3215 0.0000
vt 0.2131 0.4745 0.0000
vt 0.1916 0.4747 0.0000
vt 0.1914 0.4193 0.0000
vt 0.2131 0.4203 0.0000
vt 0.2348 0.4193 0.0000
vt 0.2346 0.4747 0.0000
vt 0.2132 0.7234 0.0000
vt 0.1917 0.7236 0.0000
vt 0.1914 0.6680 0.0000
vt 0.2132 0.6690 0.0000
vt 0.2350 0.6680 0.0000
vt 0.2348 0.7236 0.0000
vt 0.2132 0.5692 0.0000
vt 0.1915 0.5702 0.0000
vt 0.1917 0.5148 0.0000
vt 0.2132 0.5150 0.0000
vt 0.2347 0.5148 0.0000
vt 0.2350 0.5702 0.0000
vt 0.1692 0.3243 0.0000
vt 0.1680 0.2652 0.0000
vt 0.2582 0.2652 0.0000
vt 0.2570 0.3243 0.0000
vt 0.1682 0.4755 0.0000
vt 0.1692 0.4165 0.0000
vt 0.2570 0.4165 0.0000
vt 0.2581 0.4755 0.0000
vt 0.1681 0.7243 0.0000
vt 0.1693 0.6652 0.0000
vt 0.2572 0.6652 0.0000
vt 0.2583 0.7243 0.0000
vt 0.1694 0.5729 0.0000
vt 0.1683 0.5140 0.0000
vt 0.2582 0.5140 0.0000
vt 0.2571 0.5730 0.0000
vt 0.1539 0.3241 0.0000
vt 0.1506 0.2649 0.0000
vt 0.2757 0.2649 0.0000
vt 0.2723 0.3241 0.0000
vt 0.1508 0.4758 0.0000
vt 0.1540 0.4168 0.0000
vt 0.2722 0.4168 0.0000
vt 0.2754 0.4758 0.0000
vt 0.1507 0.7246 0.0000
vt 0.1540 0.6654 0.0000
vt 0.2724 0.6654 0.0000
vt 0.2758 0.7246 0.0000
vt 0.1541 0.5727 0.0000
vt 0.1509 0.5137 0.0000
vt 0.2756 0.5137 0.0000
vt 0.2723 0.5727 0.0000
vt 0.1217 0.2644 0.0000
vt 0.1335 0.2642 0.0000
vt 0.1342 0.3207 0.0000
vt 0.1223 0.3144 0.0000
vt 0.1123 0.2638 0.0000
vt 0.1032 0.3026 0.0000
vt 0.3039 0.3145 0.0000
vt 0.2920 0.3207 0.0000
vt 0.2928 0.2642 0.0000
vt 0.3046 0.2645 0.0000
vt 0.3230 0.3026 0.0000
vt 0.3140 0.2639 0.0000
vt 0.1225 0.4265 0.0000
vt 0.1344 0.4202 0.0000
vt 0.1337 0.4765 0.0000
vt 0.1220 0.4763 0.0000
vt 0.1035 0.4383 0.0000
vt 0.1127 0.4769 0.0000
vt 0.3042 0.4763 0.0000
vt 0.2925 0.4765 0.0000
vt 0.2918 0.4202 0.0000
vt 0.3037 0.4265 0.0000
vt 0.3135 0.4769 0.0000
vt 0.3227 0.4383 0.0000
vt 0.1224 0.6750 0.0000
vt 0.1343 0.6688 0.0000
vt 0.1336 0.7253 0.0000
vt 0.1218 0.7251 0.0000
vt 0.1033 0.6869 0.0000
vt 0.1124 0.7257 0.0000
vt 0.3047 0.7250 0.0000
vt 0.2929 0.7253 0.0000
vt 0.2921 0.6688 0.0000
vt 0.3040 0.6750 0.0000
vt 0.3141 0.7256 0.0000
vt 0.3231 0.6868 0.0000
vt 0.1221 0.5132 0.0000
vt 0.1339 0.5130 0.0000
vt 0.1345 0.5693 0.0000
vt 0.1226 0.5630 0.0000
vt 0.1128 0.5126 0.0000
vt 0.1037 0.5512 0.0000
vt 0.3038 0.5630 0.0000
vt 0.2919 0.5693 0.0000
vt 0.2926 0.5130 0.0000
vt 0.3043 0.5132 0.0000
vt 0.3228 0.5512 0.0000
vt 0.3137 0.5126 0.0000
vt 0.0743 0.3078 0.0000
vt 0.0705 0.2599 0.0000
vt 0.3557 0.2600 0.0000
vt 0.3519 0.3079 0.0000
vt 0.0711 0.4810 0.0000
vt 0.0747 0.4332 0.0000
vt 0.3515 0.4332 0.0000
vt 0.3550 0.4810 0.0000
vt 0.0706 0.7296 0.0000
vt 0.0744 0.6816 0.0000
vt 0.3520 0.6816 0.0000
vt 0.3558 0.7295 0.0000
vt 0.0748 0.5562 0.0000
vt 0.0713 0.5085 0.0000
vt 0.3552 0.5086 0.0000
vt 0.3516 0.5563 0.0000
vt 0.0537 0.3176 0.0000
vt 0.0485 0.2673 0.0000
vt 0.3777 0.2674 0.0000
vt 0.3725 0.3176 0.0000
vt 0.0492 0.4737 0.0000
vt 0.0541 0.4236 0.0000
vt 0.3721 0.4236 0.0000
vt 0.3770 0.4737 0.0000
vt 0.0486 0.7222 0.0000
vt 0.0538 0.6719 0.0000
vt 0.3726 0.6719 0.0000
vt 0.3778 0.7221 0.0000
vt 0.0542 0.5658 0.0000
vt 0.0493 0.5158 0.0000
vt 0.3771 0.5158 0.0000
vt 0.3722 0.5659 0.0000
vt 0.0207 0.3263 0.0000
vt 0.0181 0.3263 0.0000
vt 0.0284 0.2709 0.0000
vt 0.0316 0.2709 0.0000
vt 0.3978 0.2710 0.0000
vt 0.3946 0.2709 0.0000
vt 0.4055 0.3263 0.0000
vt 0.4081 0.3264 0.0000
vt 0.0292 0.4702 0.0000
vt 0.0324 0.4702 0.0000
vt 0.0212 0.4152 0.0000
vt 0.0186 0.4151 0.0000
vt 0.4049 0.4152 0.0000
vt 0.4075 0.4152 0.0000
vt 0.3970 0.4702 0.0000
vt 0.3938 0.4702 0.0000
vt 0.0285 0.7186 0.0000
vt 0.0317 0.7186 0.0000
vt 0.0207 0.6632 0.0000
vt 0.0181 0.6631 0.0000
vt 0.4056 0.6632 0.0000
vt 0.4082 0.6632 0.0000
vt 0.3979 0.7185 0.0000
vt 0.3947 0.7186 0.0000
vt 0.0214 0.5743 0.0000
vt 0.0188 0.5743 0.0000
vt 0.0293 0.5193 0.0000
vt 0.0325 0.5192 0.0000
vt 0.3971 0.5193 0.0000
vt 0.3939 0.5193 0.0000
vt 0.4051 0.5743 0.0000
vt 0.4076 0.5744 0.0000
vt 0.4209 0.9261 0.0000
vt 0.5647 0.9246 0.0000
vt 0.5456 0.9779 0.0000
vt 0.4411 0.9790 0.0000
vt 0.5649 0.6484 0.0000
vt 0.4211 0.6483 0.0000
vt 0.4407 0.5953 0.0000
vt 0.5452 0.5953 0.0000
vt 0.5639 0.8460 0.0000
vt 0.4200 0.8475 0.0000
vt 0.4392 0.7943 0.0000
vt 0.5437 0.7932 0.0000
vt 0.4211 0.7270 0.0000
vt 0.5649 0.7270 0.0000
vt 0.5452 0.7800 0.0000
vt 0.4407 0.7800 0.0000
vt 0.4152 0.9262 0.0000
vt 0.4370 0.9790 0.0000
vt 0.5497 0.9778 0.0000
vt 0.5704 0.9246 0.0000
vt 0.5706 0.6484 0.0000
vt 0.5494 0.5953 0.0000
vt 0.4366 0.5953 0.0000
vt 0.4153 0.6483 0.0000
vt 0.5696 0.8460 0.0000
vt 0.5478 0.7931 0.0000
vt 0.4350 0.7943 0.0000
vt 0.4143 0.8476 0.0000
vt 0.4153 0.7270 0.0000
vt 0.4366 0.7800 0.0000
vt 0.5494 0.7800 0.0000
vt 0.5706 0.7270 0.0000
vt 0.4115 0.3302 0.0000
vt 0.4115 0.3426 0.0000
vt 0.4023 0.2749 0.0000
vt 0.4103 0.3227 0.0000
vt 0.4110 0.3991 0.0000
vt 0.4110 0.4114 0.0000
vt 0.4096 0.4188 0.0000
vt 0.4015 0.4664 0.0000
vt 0.4116 0.6469 0.0000
vt 0.4117 0.6593 0.0000
vt 0.4104 0.6668 0.0000
vt 0.4024 0.7146 0.0000
vt 0.4110 0.5781 0.0000
vt 0.4110 0.5904 0.0000
vt 0.4016 0.5232 0.0000
vt 0.4098 0.5707 0.0000
vt 0.4121 0.3635 -23.0583
vt 0.4117 0.3785 0.0000
vt 0.4122 0.6259 -23.0574
vt 0.4118 0.6110 0.0000
vt 0.4053 0.7508 0.0000
vt 0.4053 0.8553 -28.5044
vt 0.4057 0.8750 0.0000
vt 0.4058 0.9795 -11.5334
vt 0.4053 0.7466 0.0000
vt 0.4053 0.8594 0.0000
vt 0.4058 0.9837 0.0000
vt 0.4057 0.8709 0.0000
vt 0.4017 0.2711 0.0000
vt 0.4112 0.3263 0.0000
vt 0.4105 0.4152 0.0000
vt 0.4008 0.4701 0.0000
vt 0.4113 0.6632 0.0000
vt 0.4018 0.7184 0.0000
vt 0.4010 0.5194 0.0000
vt 0.4107 0.5743 0.0000
vt 0.0146 0.3426 0.0000
vt 0.0146 0.3302 0.0000
vt 0.0159 0.3227 0.0000
vt 0.0239 0.2748 0.0000
vt 0.0153 0.4114 0.0000
vt 0.0152 0.3991 0.0000
vt 0.0247 0.4664 0.0000
vt 0.0165 0.4188 0.0000
vt 0.0147 0.6593 0.0000
vt 0.0148 0.6469 0.0000
vt 0.0240 0.7147 0.0000
vt 0.0160 0.6668 0.0000
vt 0.0153 0.5904 0.0000
vt 0.0153 0.5781 0.0000
vt 0.0166 0.5707 0.0000
vt 0.0248 0.5231 0.0000
vt 0.0141 0.3635 -23.0583
vt 0.0145 0.3785 0.0000
vt 0.0142 0.6259 -23.0574
vt 0.0146 0.6110 0.0000
vt 0.0142 0.8556 0.0000
vt 0.0142 0.7511 -28.5044
vt 0.0147 0.9798 0.0000
vt 0.0146 0.8753 -11.5334
vt 0.0142 0.7469 0.0000
vt 0.0142 0.8597 0.0000
vt 0.0147 0.9840 0.0000
vt 0.0146 0.8712 0.0000
vt 0.0150 0.3263 0.0000
vt 0.0245 0.2710 0.0000
vt 0.0253 0.4701 0.0000
vt 0.0156 0.4152 0.0000
vt 0.0246 0.7185 0.0000
vt 0.0151 0.6632 0.0000
vt 0.0158 0.5743 0.0000
vt 0.0255 0.5194 0.0000
vt 0.4924 0.3611 0.3421
vt 0.4775 0.3638 0.3421
vt 0.4772 0.3349 0.3421
vt 0.4844 0.3339 0.3421
vt 0.5085 0.3518 0.3421
vt 0.4910 0.3306 0.3421
vt 0.5181 0.3406 0.3421
vt 0.4964 0.3262 0.3421
vt 0.5230 0.3282 0.3421
vt 0.5006 0.3204 0.3421
vt 0.5249 0.3109 0.3421
vt 0.5016 0.3101 0.3421
vt 0.9300 0.4863 0.0452
vt 0.9276 0.4789 0.0452
vt 0.9415 0.4757 0.0452
vt 0.9420 0.4782 0.0452
vt 0.9446 0.4828 0.0452
vt 0.9357 0.4949 0.0452
vt 0.9477 0.4857 0.0452
vt 0.9430 0.5002 0.0452
vt 0.9512 0.4867 0.0452
vt 0.9509 0.5021 0.0452
vt 0.9589 0.5006 0.0452
vt 0.9547 0.4858 0.0452
vt 0.9580 0.4831 0.0452
vt 0.9674 0.4943 0.0452
vt 0.9615 0.4761 0.0452
vt 0.9733 0.4804 0.0452
vt 0.4308 0.3093 0.3421
vt 0.4522 0.3093 0.3421
vt 0.4519 0.3135 0.3421
vt 0.4306 0.3149 0.3421
vt 0.4538 0.3202 0.3421
vt 0.4329 0.3280 0.3421
vt 0.4578 0.3262 0.3421
vt 0.4383 0.3407 0.3421
vt 0.4633 0.3307 0.3421
vt 0.4479 0.3518 0.3421
vt 0.4699 0.3339 0.3421
vt 0.4618 0.3606 0.3421
vt 0.9220 0.4808 0.0452
vt 0.9246 0.4905 0.0452
vt 0.9315 0.5025 0.0452
vt 0.9420 0.5110 0.0452
vt 0.9514 0.5125 0.0452
vt 0.9609 0.5099 0.0452
vt 0.9714 0.4998 0.0452
vt 0.9784 0.4829 0.0452
vt 0.4775 0.3684 0.3421
vt 0.4958 0.3658 0.3421
vt 0.5131 0.3553 0.3421
vt 0.5233 0.3428 0.3421
vt 0.5287 0.3293 0.3421
vt 0.5313 0.3160 0.3421
vt 0.4247 0.3153 0.3421
vt 0.4276 0.3290 0.3421
vt 0.4332 0.3427 0.3421
vt 0.4439 0.3548 0.3421
vt 0.4590 0.3647 0.3421
vt 0.9263 0.4709 0.0452
vt 0.9210 0.4711 0.0452
vt 0.9795 0.4735 0.0452
vt 0.9753 0.4731 0.0452
vt 0.4775 0.3727 0.3421
vt 0.4973 0.3695 0.3421
vt 0.5164 0.3591 0.3421
vt 0.5281 0.3463 -0.3421
vt 0.5331 0.3326 0.3421
vt 0.5353 0.3173 0.3421
vt 0.4206 0.3168 0.3421
vt 0.4229 0.3326 0.3421
vt 0.4281 0.3463 -0.3421
vt 0.4399 0.3587 0.3421
vt 0.4573 0.3688 0.3421
vt 0.9295 0.4679 0.0452
vt 0.8341 0.4873 -0.0581
vt 0.8341 0.4502 -0.0581
vt 0.8496 0.4522 -0.0581
vt 0.8487 0.4866 -0.0581
vt 0.8659 0.4582 -0.0581
vt 0.8659 0.4849 -0.0581
vt 0.8778 0.4652 -0.0581
vt 0.8774 0.4836 -0.0581
vt 0.8882 0.4729 0.0581
vt 0.8897 0.4829 -0.0581
vt 0.8996 0.4826 -0.0581
vt 0.7812 0.4731 0.0581
vt 0.7801 0.4831 -0.0581
vt 0.7690 0.4826 -0.0581
vt 0.7920 0.4837 -0.0581
vt 0.7916 0.4652 -0.0581
vt 0.8034 0.4849 -0.0581
vt 0.8031 0.4580 -0.0581
vt 0.8186 0.4862 -0.0581
vt 0.8180 0.4520 -0.0581
vt 0.9516 0.4064 0.0452
vt 0.9524 0.4120 0.0452
vt 0.9434 0.4164 0.0452
vt 0.9393 0.4124 0.0452
vt 0.9354 0.4304 0.0452
vt 0.9285 0.4261 0.0452
vt 0.9312 0.4422 0.0452
vt 0.9228 0.4420 0.0452
vt 0.9299 0.4564 0.0452
vt 0.9208 0.4575 0.0452
vt 0.9723 0.4698 0.0452
vt 0.9722 0.4568 0.0452
vt 0.9800 0.4567 0.0452
vt 0.9719 0.4426 0.0452
vt 0.9779 0.4407 0.0452
vt 0.9687 0.4302 0.0452
vt 0.9736 0.4274 0.0452
vt 0.9651 0.4140 0.0452
vt 0.9617 0.4176 0.0452
vt 0.9236 0.4909 0.0452
vt 0.9207 0.4808 0.0452
vt 0.9310 0.5033 0.0452
vt 0.9419 0.5119 0.0452
vt 0.9515 0.5137 0.0452
vt 0.9612 0.5108 0.0452
vt 0.9721 0.5005 0.0452
vt 0.9797 0.4829 0.0452
vt 0.9194 0.4707 0.0452
vt 0.9811 0.4731 0.0452
vt 0.9386 0.4104 0.0452
vt 0.9516 0.4042 0.0452
vt 0.9274 0.4244 0.0452
vt 0.9214 0.4407 0.0452
vt 0.9192 0.4567 0.0452
vt 0.9816 0.4560 0.0452
vt 0.9795 0.4394 0.0452
vt 0.9751 0.4257 0.0452
vt 0.9661 0.4121 0.0452
vt 0.9198 0.4918 0.0452
vt 0.9161 0.4802 0.0452
vt 0.9283 0.5055 0.0452
vt 0.9407 0.5152 0.0452
vt 0.9519 0.5176 0.0452
vt 0.9631 0.5137 0.0452
vt 0.9752 0.5020 0.0452
vt 0.9839 0.4828 0.0452
vt 0.9145 0.4690 0.0452
vt 0.9859 0.4718 0.0452
vt 0.9372 0.4045 0.0452
vt 0.9520 0.3994 0.0452
vt 0.9241 0.4191 0.0452
vt 0.9171 0.4368 0.0452
vt 0.9143 0.4539 0.0452
vt 0.9867 0.4534 0.0452
vt 0.9842 0.4359 0.0452
vt 0.9790 0.4216 0.0452
vt 0.9685 0.4068 0.0452
vt 0.9160 0.4925 0.0452
vt 0.9119 0.4799 0.0452
vt 0.9251 0.5076 0.0452
vt 0.9388 0.5190 0.0452
vt 0.9521 0.5226 -0.0452
vt 0.9654 0.5173 0.0452
vt 0.9786 0.5036 0.0452
vt 0.9879 0.4830 0.0452
vt 0.9102 0.4678 0.0452
vt 0.9904 0.4708 0.0452
vt 0.9521 0.3951 -0.0452
vt 0.9344 0.4017 0.0452
vt 0.9214 0.4165 0.0452
vt 0.9136 0.4346 0.0452
vt 0.9103 0.4521 0.0452
vt 0.9910 0.4518 0.0452
vt 0.9880 0.4337 0.0452
vt 0.9820 0.4188 0.0452
vt 0.9707 0.4037 0.0452
vt 0.8274 0.5510 0.0000
vt 0.8186 0.5524 0.0000
vt 0.8130 0.5229 0.0000
vt 0.8222 0.5162 0.0000
vt 0.8424 0.5486 0.0000
vt 0.8382 0.5069 0.0000
vt 0.8602 0.5472 0.0000
vt 0.8587 0.5005 0.0000
vt 0.8743 0.5468 0.0000
vt 0.8752 0.4997 0.0000
vt 0.8918 0.5016 0.0000
vt 0.8884 0.5472 0.0000
vt 0.9124 0.5097 0.0000
vt 0.9070 0.5488 0.0000
vt 0.9312 0.5223 0.0000
vt 0.9254 0.5516 0.0000
vt 0.8116 0.5539 0.0000
vt 0.8061 0.5286 0.0000
vt 0.9387 0.5281 0.0000
vt 0.9352 0.5539 0.0000
vt 0.7945 0.5594 0.0000
vt 0.7842 0.5636 0.0000
vt 0.7793 0.5544 0.0000
vt 0.7893 0.5442 0.0000
vt 0.8034 0.5565 0.0000
vt 0.7981 0.5357 0.0000
vt 0.9482 0.5370 0.0000
vt 0.9433 0.5565 0.0000
vt 0.9569 0.5455 0.0000
vt 0.9530 0.5600 0.0000
vt 0.9648 0.5532 0.0000
vt 0.9604 0.5632 0.0000
vt 0.9758 0.5630 0.0000
vt 0.9728 0.5696 0.0000
vt 0.7709 0.5700 0.0000
vt 0.7549 0.5775 0.0000
vt 0.7520 0.5730 0.0000
vt 0.7675 0.5649 0.0000
vt 0.9917 0.5730 0.0000
vt 0.9888 0.5774 0.0000
vt 0.6691 0.9390 0.3421
vt 0.6821 0.9362 0.3421
vt 0.6823 0.9657 0.3421
vt 0.6760 0.9667 0.3421
vt 0.6551 0.9484 0.3421
vt 0.6703 0.9700 0.3421
vt 0.6468 0.9598 0.3421
vt 0.6656 0.9745 0.3421
vt 0.6425 0.9725 0.3421
vt 0.6620 0.9804 0.3421
vt 0.6409 0.9901 0.3421
vt 0.6611 0.9909 0.3421
vt 0.8665 0.2962 0.0452
vt 0.8689 0.3025 0.0452
vt 0.8550 0.3052 0.0452
vt 0.8544 0.3031 0.0452
vt 0.8519 0.2992 0.0452
vt 0.8607 0.2889 0.0452
vt 0.8487 0.2967 0.0452
vt 0.8535 0.2843 0.0452
vt 0.8453 0.2959 0.0452
vt 0.8455 0.2828 0.0452
vt 0.8375 0.2840 0.0452
vt 0.8418 0.2966 0.0452
vt 0.8385 0.2989 0.0452
vt 0.8290 0.2894 0.0452
vt 0.8350 0.3048 0.0452
vt 0.8231 0.3012 0.0452
vt 0.7226 0.9917 0.3421
vt 0.7040 0.9917 0.3421
vt 0.7042 0.9874 0.3421
vt 0.7227 0.9860 0.3421
vt 0.7026 0.9806 0.3421
vt 0.7207 0.9727 0.3421
vt 0.6992 0.9745 0.3421
vt 0.7160 0.9597 0.3421
vt 0.6943 0.9699 0.3421
vt 0.7077 0.9484 0.3421
vt 0.6886 0.9667 0.3421
vt 0.6957 0.9394 0.3421
vt 0.8745 0.3008 0.0452
vt 0.8719 0.2926 0.0452
vt 0.8650 0.2824 0.0452
vt 0.8544 0.2751 0.0452
vt 0.8451 0.2739 0.0452
vt 0.8356 0.2761 0.0452
vt 0.8250 0.2847 0.0452
vt 0.8181 0.2991 0.0452
vt 0.6821 0.9315 0.3421
vt 0.6661 0.9342 0.3421
vt 0.6512 0.9449 0.3421
vt 0.6423 0.9576 0.3421
vt 0.6376 0.9714 0.3421
vt 0.6354 0.9849 0.3421
vt 0.7279 0.9856 0.3421
vt 0.7254 0.9717 0.3421
vt 0.7205 0.9577 0.3421
vt 0.7112 0.9454 0.3421
vt 0.6981 0.9353 0.3421
vt 0.8702 0.3093 0.0452
vt 0.8755 0.3091 0.0452
vt 0.8169 0.3071 0.0452
vt 0.8212 0.3075 0.0452
vt 0.6820 0.9271 0.3421
vt 0.6649 0.9304 0.3421
vt 0.6483 0.9410 0.3421
vt 0.6381 0.9541 -0.3421
vt 0.6338 0.9680 0.3421
vt 0.6319 0.9835 0.3421
vt 0.7314 0.9841 0.3421
vt 0.7294 0.9680 0.3421
vt 0.7249 0.9541 -0.3421
vt 0.7147 0.9414 0.3421
vt 0.6996 0.9311 0.3421
vt 0.8670 0.3118 0.0452
vt 0.6412 0.3475 -0.0581
vt 0.6412 0.3098 -0.0581
vt 0.6546 0.3118 -0.0581
vt 0.6539 0.3468 -0.0581
vt 0.6688 0.3179 -0.0581
vt 0.6688 0.3451 -0.0581
vt 0.6791 0.3251 -0.0581
vt 0.6787 0.3438 -0.0581
vt 0.6881 0.3329 0.0581
vt 0.6894 0.3431 -0.0581
vt 0.6981 0.3427 -0.0581
vt 0.5953 0.3330 0.0581
vt 0.5943 0.3432 -0.0581
vt 0.5847 0.3427 -0.0581
vt 0.6047 0.3439 -0.0581
vt 0.6043 0.3251 -0.0581
vt 0.6145 0.3451 -0.0581
vt 0.6143 0.3177 -0.0581
vt 0.6278 0.3464 -0.0581
vt 0.6272 0.3116 -0.0581
vt 0.8449 0.3642 0.0452
vt 0.8440 0.3595 0.0452
vt 0.8530 0.3557 0.0452
vt 0.8572 0.3591 0.0452
vt 0.8610 0.3437 0.0452
vt 0.8680 0.3474 0.0452
vt 0.8652 0.3337 0.0452
vt 0.8736 0.3339 0.0452
vt 0.8666 0.3216 0.0452
vt 0.8756 0.3207 0.0452
vt 0.8241 0.3103 0.0452
vt 0.8243 0.3213 0.0452
vt 0.8165 0.3214 0.0452
vt 0.8245 0.3334 0.0452
vt 0.8186 0.3350 0.0452
vt 0.8278 0.3440 0.0452
vt 0.8229 0.3464 0.0452
vt 0.8314 0.3577 0.0452
vt 0.8348 0.3547 0.0452
vt 0.8728 0.2922 0.0452
vt 0.8758 0.3009 0.0452
vt 0.8655 0.2818 0.0452
vt 0.8546 0.2744 0.0452
vt 0.8450 0.2729 0.0452
vt 0.8353 0.2753 0.0452
vt 0.8244 0.2841 0.0452
vt 0.8168 0.2991 0.0452
vt 0.8770 0.3095 0.0452
vt 0.8154 0.3074 0.0452
vt 0.8578 0.3608 0.0452
vt 0.8449 0.3661 0.0452
vt 0.8691 0.3489 0.0452
vt 0.8751 0.3350 0.0452
vt 0.8772 0.3214 0.0452
vt 0.8148 0.3220 0.0452
vt 0.8170 0.3361 0.0452
vt 0.8214 0.3478 0.0452
vt 0.8304 0.3594 0.0452
vt 0.8766 0.2915 0.0452
vt 0.8803 0.3014 0.0452
vt 0.8681 0.2798 0.0452
vt 0.8558 0.2716 0.0452
vt 0.8446 0.2695 0.0452
vt 0.8334 0.2728 0.0452
vt 0.8212 0.2828 0.0452
vt 0.8126 0.2992 0.0452
vt 0.8820 0.3109 0.0452
vt 0.8105 0.3086 0.0452
vt 0.8593 0.3658 0.0452
vt 0.8445 0.3702 0.0452
vt 0.8724 0.3534 0.0452
vt 0.8793 0.3383 0.0452
vt 0.8821 0.3238 0.0452
vt 0.8097 0.3242 0.0452
vt 0.8123 0.3391 0.0452
vt 0.8175 0.3513 0.0452
vt 0.8280 0.3638 0.0452
vt 0.8804 0.2909 0.0452
vt 0.8845 0.3017 0.0452
vt 0.8713 0.2781 0.0452
vt 0.8577 0.2684 0.0452
vt 0.8443 0.2653 -0.0452
vt 0.8311 0.2698 0.0452
vt 0.8179 0.2815 0.0452
vt 0.8086 0.2990 0.0452
vt 0.8863 0.3119 0.0452
vt 0.8061 0.3094 0.0452
vt 0.8443 0.3738 -0.0452
vt 0.8621 0.3682 0.0452
vt 0.8750 0.3557 0.0452
vt 0.8828 0.3402 0.0452
vt 0.8862 0.3253 0.0452
vt 0.8055 0.3256 0.0452
vt 0.8085 0.3410 0.0452
vt 0.8145 0.3536 0.0452
vt 0.8258 0.3665 0.0452
vt 0.6376 0.9261 0.0000
vt 0.6300 0.9275 0.0000
vt 0.6251 0.8974 0.0000
vt 0.6331 0.8907 0.0000
vt 0.6507 0.9236 0.0000
vt 0.6470 0.8812 0.0000
vt 0.6660 0.9222 0.0000
vt 0.6647 0.8746 0.0000
vt 0.6783 0.9218 0.0000
vt 0.6791 0.8738 0.0000
vt 0.6935 0.8758 0.0000
vt 0.6905 0.9222 0.0000
vt 0.7113 0.8840 0.0000
vt 0.7066 0.9238 0.0000
vt 0.7277 0.8968 0.0000
vt 0.7226 0.9267 0.0000
vt 0.6239 0.9291 0.0000
vt 0.6191 0.9032 0.0000
vt 0.7342 0.9028 0.0000
vt 0.7311 0.9291 0.0000
vt 0.6091 0.9347 0.0000
vt 0.6001 0.9389 0.0000
vt 0.5959 0.9295 0.0000
vt 0.6045 0.9191 0.0000
vt 0.6168 0.9317 0.0000
vt 0.6122 0.9105 0.0000
vt 0.7425 0.9118 0.0000
vt 0.7382 0.9317 0.0000
vt 0.7500 0.9204 0.0000
vt 0.7466 0.9353 0.0000
vt 0.7568 0.9283 0.0000
vt 0.7530 0.9385 0.0000
vt 0.7664 0.9383 0.0000
vt 0.7637 0.9450 0.0000
vt 0.5886 0.9454 0.0000
vt 0.5747 0.9530 0.0000
vt 0.5722 0.9485 0.0000
vt 0.5856 0.9402 0.0000
vt 0.7802 0.9485 0.0000
vt 0.7777 0.9530 0.0000
vt 0.5999 0.9499 -0.1459
vt 0.5999 0.9705 -0.1459
vt 0.6205 0.9647 0.1459
vt 0.6103 0.9866 -0.1459
vt 0.5895 0.9866 -0.1459
vt 0.5793 0.9647 0.1459
vt 0.5872 0.9057 0.1459
vt 0.5872 0.8851 0.1459
vt 0.5667 0.8909 -0.1459
vt 0.5768 0.8690 0.1459
vt 0.5977 0.8690 0.1459
vt 0.6078 0.8909 -0.1459
vt 0.5937 0.0369 -0.0931
vt 0.5937 0.0240 -0.0937
vt 0.5982 0.0240 -0.0681
vt 0.5982 0.0369 -0.0674
vt 0.5937 0.0111 -0.0940
vt 0.5982 0.0111 -0.0684
vt 0.5937 0.2415 -0.0940
vt 0.5937 0.2286 -0.0937
vt 0.5982 0.2286 -0.0680
vt 0.5982 0.2415 -0.0684
vt 0.5937 0.2157 -0.0930
vt 0.5982 0.2157 -0.0673
vt 0.5937 0.2029 -0.0923
vt 0.5982 0.2029 -0.0664
vt 0.5937 0.1903 -0.0918
vt 0.5982 0.1903 -0.0659
vt 0.5937 0.1776 -0.0918
vt 0.5982 0.1776 -0.0659
vt 0.5937 0.1649 -0.0923
vt 0.5982 0.1649 -0.0665
vt 0.5937 0.1521 -0.0931
vt 0.5982 0.1521 -0.0674
vt 0.5937 0.1392 -0.0937
vt 0.5982 0.1392 -0.0681
vt 0.5937 0.1263 -0.0940
vt 0.5982 0.1263 -0.0684
vt 0.5937 0.1134 -0.0937
vt 0.5982 0.1134 -0.0680
vt 0.5937 0.1005 -0.0930
vt 0.5982 0.1005 -0.0673
vt 0.5937 0.0877 -0.0923
vt 0.5982 0.0877 -0.0664
vt 0.5937 0.0751 -0.0918
vt 0.5982 0.0751 -0.0659
vt 0.5937 0.0624 -0.0918
vt 0.5982 0.0624 -0.0659
vt 0.5937 0.0497 -0.0923
vt 0.5982 0.0497 -0.0665
vt 0.6448 0.0240 -0.0642
vt 0.6448 0.0369 -0.0635
vt 0.6448 0.0111 -0.0645
vt 0.6448 0.2286 -0.0641
vt 0.6448 0.2415 -0.0645
vt 0.6448 0.2157 -0.0633
vt 0.6448 0.2029 -0.0625
vt 0.6448 0.1903 -0.0620
vt 0.6448 0.1776 -0.0620
vt 0.6448 0.1649 -0.0626
vt 0.6448 0.1521 -0.0635
vt 0.6448 0.1392 -0.0642
vt 0.6448 0.1263 -0.0645
vt 0.6448 0.1134 -0.0641
vt 0.6448 0.1005 -0.0633
vt 0.6448 0.0877 -0.0625
vt 0.6448 0.0751 -0.0620
vt 0.6448 0.0624 -0.0620
vt 0.6448 0.0497 -0.0626
vt 0.6526 0.0240 -0.1091
vt 0.6526 0.0369 -0.1085
vt 0.6526 0.0111 -0.1094
vt 0.6526 0.2286 -0.1091
vt 0.6526 0.2415 -0.1094
vt 0.6526 0.2157 -0.1084
vt 0.6526 0.2029 -0.1078
vt 0.6526 0.1903 -0.1073
vt 0.6526 0.1776 -0.1074
vt 0.6526 0.1649 -0.1078
vt 0.6526 0.1521 -0.1085
vt 0.6526 0.1392 -0.1091
vt 0.6526 0.1263 -0.1093
vt 0.6526 0.1134 -0.1091
vt 0.6526 0.1005 -0.1084
vt 0.6526 0.0877 -0.1078
vt 0.6526 0.0751 -0.1073
vt 0.6526 0.0624 -0.1074
vt 0.6526 0.0497 -0.1078
vt 0.5798 0.0369 -0.0223
vt 0.5798 0.0240 -0.0231
vt 0.5798 0.0111 -0.0234
vt 0.5798 0.2415 -0.0234
vt 0.5798 0.2286 -0.0230
vt 0.5798 0.2157 -0.0221
vt 0.5798 0.2029 -0.0211
vt 0.5798 0.1903 -0.0205
vt 0.5798 0.1776 -0.0205
vt 0.5798 0.1649 -0.0212
vt 0.5798 0.1521 -0.0223
vt 0.5798 0.1392 -0.0231
vt 0.5798 0.1263 -0.0234
vt 0.5798 0.1134 -0.0230
vt 0.5798 0.1005 -0.0221
vt 0.5798 0.0877 -0.0211
vt 0.5798 0.0751 -0.0205
vt 0.5798 0.0624 -0.0205
vt 0.5798 0.0497 -0.0212
vt 0.5769 0.0240 -0.0145
vt 0.5769 0.0369 -0.0136
vt 0.5682 0.0369 0.0123
vt 0.5682 0.0240 0.0113
vt 0.5769 0.0111 -0.0148
vt 0.5682 0.0111 0.0110
vt 0.5769 0.2286 -0.0144
vt 0.5769 0.2415 -0.0148
vt 0.5682 0.2415 0.0110
vt 0.5682 0.2286 0.0114
vt 0.5769 0.2157 -0.0134
vt 0.5682 0.2157 0.0125
vt 0.5769 0.2029 -0.0124
vt 0.5682 0.2029 0.0136
vt 0.5769 0.1903 -0.0118
vt 0.5682 0.1903 0.0143
vt 0.5769 0.1776 -0.0118
vt 0.5682 0.1776 0.0143
vt 0.5769 0.1649 -0.0125
vt 0.5682 0.1649 0.0135
vt 0.5769 0.1521 -0.0136
vt 0.5682 0.1521 0.0123
vt 0.5769 0.1392 -0.0145
vt 0.5682 0.1392 0.0113
vt 0.5769 0.1263 -0.0148
vt 0.5682 0.1263 0.0110
vt 0.5769 0.1134 -0.0144
vt 0.5682 0.1134 0.0114
vt 0.5769 0.1005 -0.0134
vt 0.5682 0.1005 0.0125
vt 0.5769 0.0877 -0.0124
vt 0.5682 0.0877 0.0136
vt 0.5769 0.0751 -0.0118
vt 0.5682 0.0751 0.0143
vt 0.5769 0.0624 -0.0118
vt 0.5682 0.0624 0.0143
vt 0.5769 0.0497 -0.0125
vt 0.5682 0.0497 0.0135
vt 0.5558 0.0369 -0.0681
vt 0.5558 0.0240 -0.0688
vt 0.5615 0.0240 -0.0036
vt 0.5615 0.0369 -0.0026
vt 0.5558 0.0111 -0.0691
vt 0.5615 0.0111 -0.0039
vt 0.5558 0.2415 -0.0691
vt 0.5558 0.2286 -0.0688
vt 0.5615 0.2286 -0.0035
vt 0.5615 0.2415 -0.0039
vt 0.5558 0.2157 -0.0680
vt 0.5615 0.2157 -0.0025
vt 0.5558 0.2029 -0.0672
vt 0.5615 0.2029 -0.0014
vt 0.5558 0.1903 -0.0666
vt 0.5615 0.1903 -0.0007
vt 0.5558 0.1776 -0.0667
vt 0.5615 0.1776 -0.0008
vt 0.5558 0.1649 -0.0673
vt 0.5615 0.1649 -0.0015
vt 0.5558 0.1521 -0.0681
vt 0.5615 0.1521 -0.0026
vt 0.5558 0.1392 -0.0688
vt 0.5615 0.1392 -0.0036
vt 0.5558 0.1263 -0.0691
vt 0.5615 0.1263 -0.0039
vt 0.5558 0.1134 -0.0688
vt 0.5615 0.1134 -0.0035
vt 0.5558 0.1005 -0.0680
vt 0.5615 0.1005 -0.0025
vt 0.5558 0.0877 -0.0672
vt 0.5615 0.0877 -0.0014
vt 0.5558 0.0751 -0.0666
vt 0.5615 0.0751 -0.0007
vt 0.5558 0.0624 -0.0667
vt 0.5615 0.0624 -0.0008
vt 0.5558 0.0497 -0.0673
vt 0.5615 0.0497 -0.0015
vt 0.4705 0.0369 -0.0845
vt 0.4705 0.0240 -0.0851
vt 0.5495 0.0240 -0.0859
vt 0.5495 0.0369 -0.0852
vt 0.4705 0.0111 -0.0854
vt 0.5495 0.0111 -0.0861
vt 0.4705 0.2415 -0.0854
vt 0.4705 0.2286 -0.0851
vt 0.5495 0.2286 -0.0858
vt 0.5495 0.2415 -0.0861
vt 0.4705 0.2157 -0.0843
vt 0.5495 0.2157 -0.0851
vt 0.4705 0.2029 -0.0836
vt 0.5495 0.2029 -0.0843
vt 0.4705 0.1903 -0.0831
vt 0.5495 0.1903 -0.0838
vt 0.4705 0.1776 -0.0831
vt 0.5495 0.1776 -0.0839
vt 0.4705 0.1649 -0.0837
vt 0.5495 0.1649 -0.0844
vt 0.4705 0.1521 -0.0845
vt 0.5495 0.1521 -0.0852
vt 0.4705 0.1392 -0.0851
vt 0.5495 0.1392 -0.0859
vt 0.4705 0.1263 -0.0854
vt 0.5495 0.1263 -0.0861
vt 0.4705 0.1134 -0.0851
vt 0.5495 0.1134 -0.0858
vt 0.4705 0.1005 -0.0843
vt 0.5495 0.1005 -0.0851
vt 0.4705 0.0877 -0.0836
vt 0.5495 0.0877 -0.0843
vt 0.4705 0.0751 -0.0831
vt 0.5495 0.0751 -0.0838
vt 0.4705 0.0624 -0.0831
vt 0.5495 0.0624 -0.0839
vt 0.4705 0.0497 -0.0837
vt 0.5495 0.0497 -0.0844
vt 0.3177 0.0369 -0.0295
vt 0.3177 0.0240 -0.0303
vt 0.3322 0.0240 -0.0310
vt 0.3322 0.0369 -0.0302
vt 0.3177 0.0111 -0.0306
vt 0.3322 0.0111 -0.0313
vt 0.3177 0.2415 -0.0306
vt 0.3177 0.2286 -0.0302
vt 0.3322 0.2286 -0.0309
vt 0.3322 0.2415 -0.0313
vt 0.3177 0.2157 -0.0293
vt 0.3322 0.2157 -0.0300
vt 0.3177 0.2029 -0.0284
vt 0.3322 0.2029 -0.0290
vt 0.3177 0.1903 -0.0278
vt 0.3322 0.1903 -0.0284
vt 0.3177 0.1776 -0.0278
vt 0.3322 0.1776 -0.0285
vt 0.3177 0.1649 -0.0285
vt 0.3322 0.1649 -0.0292
vt 0.3177 0.1521 -0.0295
vt 0.3322 0.1521 -0.0302
vt 0.3177 0.1392 -0.0303
vt 0.3322 0.1392 -0.0310
vt 0.3177 0.1263 -0.0306
vt 0.3322 0.1263 -0.0313
vt 0.3177 0.1134 -0.0302
vt 0.3322 0.1134 -0.0309
vt 0.3177 0.1005 -0.0293
vt 0.3322 0.1005 -0.0300
vt 0.3177 0.0877 -0.0284
vt 0.3322 0.0877 -0.0290
vt 0.3177 0.0751 -0.0278
vt 0.3322 0.0751 -0.0284
vt 0.3177 0.0624 -0.0278
vt 0.3322 0.0624 -0.0285
vt 0.3177 0.0497 -0.0285
vt 0.3322 0.0497 -0.0292
vt 0.1710 0.0369 -0.0502
vt 0.1710 0.0240 -0.0510
vt 0.1849 0.0240 -0.0516
vt 0.1849 0.0369 -0.0508
vt 0.1916 0.0369 -0.0241
vt 0.1916 0.0240 -0.0250
vt 0.2060 0.0240 -0.0257
vt 0.2060 0.0369 -0.0248
vt 0.2126 0.0369 -0.0519
vt 0.2126 0.0240 -0.0527
vt 0.2271 0.0240 -0.0534
vt 0.2271 0.0369 -0.0526
vt 0.2333 0.0369 -0.0259
vt 0.2333 0.0240 -0.0268
vt 0.2478 0.0240 -0.0275
vt 0.2478 0.0369 -0.0266
vt 0.2540 0.0369 -0.0537
vt 0.2540 0.0240 -0.0545
vt 0.2685 0.0240 -0.0552
vt 0.2685 0.0369 -0.0544
vt 0.2751 0.0369 -0.0277
vt 0.2751 0.0240 -0.0286
vt 0.2895 0.0240 -0.0292
vt 0.2895 0.0369 -0.0284
vt 0.2963 0.0369 -0.0555
vt 0.2963 0.0240 -0.0563
vt 0.3107 0.0240 -0.0570
vt 0.3107 0.0369 -0.0562
vt 0.4594 0.0240 -0.0363
vt 0.4594 0.0369 -0.0355
vt 0.4449 0.0369 -0.0348
vt 0.4449 0.0240 -0.0357
vt 0.4381 0.0240 -0.0623
vt 0.4381 0.0369 -0.0615
vt 0.4236 0.0369 -0.0609
vt 0.4236 0.0240 -0.0616
vt 0.4171 0.0240 -0.0346
vt 0.4171 0.0369 -0.0337
vt 0.4026 0.0369 -0.0330
vt 0.4026 0.0240 -0.0339
vt 0.3958 0.0240 -0.0605
vt 0.3958 0.0369 -0.0598
vt 0.3814 0.0369 -0.0591
vt 0.3814 0.0240 -0.0598
vt 0.3744 0.0240 -0.0328
vt 0.3744 0.0369 -0.0319
vt 0.3600 0.0369 -0.0313
vt 0.3600 0.0240 -0.0321
vt 0.3534 0.0240 -0.0587
vt 0.3534 0.0369 -0.0580
vt 0.3389 0.0369 -0.0573
vt 0.3389 0.0240 -0.0580
vt 0.1710 0.0111 -0.0513
vt 0.1849 0.0111 -0.0519
vt 0.1916 0.0111 -0.0253
vt 0.2060 0.0111 -0.0260
vt 0.2126 0.0111 -0.0530
vt 0.2271 0.0111 -0.0537
vt 0.2333 0.0111 -0.0271
vt 0.2478 0.0111 -0.0278
vt 0.2540 0.0111 -0.0548
vt 0.2685 0.0111 -0.0554
vt 0.2751 0.0111 -0.0289
vt 0.2895 0.0111 -0.0295
vt 0.2963 0.0111 -0.0565
vt 0.3107 0.0111 -0.0572
vt 0.4594 0.0111 -0.0366
vt 0.4449 0.0111 -0.0360
vt 0.4381 0.0111 -0.0625
vt 0.4236 0.0111 -0.0619
vt 0.4171 0.0111 -0.0349
vt 0.4026 0.0111 -0.0342
vt 0.3958 0.0111 -0.0608
vt 0.3814 0.0111 -0.0601
vt 0.3744 0.0111 -0.0331
vt 0.3600 0.0111 -0.0324
vt 0.3534 0.0111 -0.0590
vt 0.3389 0.0111 -0.0583
vt 0.1710 0.2415 -0.0513
vt 0.1710 0.2286 -0.0509
vt 0.1849 0.2286 -0.0515
vt 0.1849 0.2415 -0.0519
vt 0.1916 0.2415 -0.0253
vt 0.1916 0.2286 -0.0249
vt 0.2060 0.2286 -0.0256
vt 0.2060 0.2415 -0.0260
vt 0.2126 0.2415 -0.0530
vt 0.2126 0.2286 -0.0526
vt 0.2271 0.2286 -0.0533
vt 0.2271 0.2415 -0.0537
vt 0.2333 0.2415 -0.0271
vt 0.2333 0.2286 -0.0267
vt 0.2478 0.2286 -0.0274
vt 0.2478 0.2415 -0.0278
vt 0.2540 0.2415 -0.0548
vt 0.2540 0.2286 -0.0544
vt 0.2685 0.2286 -0.0551
vt 0.2685 0.2415 -0.0554
vt 0.2751 0.2415 -0.0289
vt 0.2751 0.2286 -0.0285
vt 0.2895 0.2286 -0.0291
vt 0.2895 0.2415 -0.0295
vt 0.2963 0.2415 -0.0565
vt 0.2963 0.2286 -0.0562
vt 0.3107 0.2286 -0.0569
vt 0.3107 0.2415 -0.0572
vt 0.4594 0.2286 -0.0363
vt 0.4594 0.2415 -0.0366
vt 0.4449 0.2415 -0.0360
vt 0.4449 0.2286 -0.0356
vt 0.4381 0.2286 -0.0622
vt 0.4381 0.2415 -0.0625
vt 0.4236 0.2415 -0.0619
vt 0.4236 0.2286 -0.0615
vt 0.4171 0.2286 -0.0345
vt 0.4171 0.2415 -0.0349
vt 0.4026 0.2415 -0.0342
vt 0.4026 0.2286 -0.0338
vt 0.3958 0.2286 -0.0604
vt 0.3958 0.2415 -0.0608
vt 0.3814 0.2415 -0.0601
vt 0.3814 0.2286 -0.0597
vt 0.3744 0.2286 -0.0327
vt 0.3744 0.2415 -0.0331
vt 0.3600 0.2415 -0.0324
vt 0.3600 0.2286 -0.0320
vt 0.3534 0.2286 -0.0587
vt 0.3534 0.2415 -0.0590
vt 0.3389 0.2415 -0.0583
vt 0.3389 0.2286 -0.0580
vt 0.1710 0.2157 -0.0501
vt 0.1849 0.2157 -0.0507
vt 0.1916 0.2157 -0.0240
vt 0.2060 0.2157 -0.0247
vt 0.2126 0.2157 -0.0518
vt 0.2271 0.2157 -0.0525
vt 0.2333 0.2157 -0.0258
vt 0.2478 0.2157 -0.0265
vt 0.2540 0.2157 -0.0536
vt 0.2685 0.2157 -0.0543
vt 0.2751 0.2157 -0.0276
vt 0.2895 0.2157 -0.0282
vt 0.2963 0.2157 -0.0554
vt 0.3107 0.2157 -0.0561
vt 0.4594 0.2157 -0.0354
vt 0.4449 0.2157 -0.0347
vt 0.4381 0.2157 -0.0614
vt 0.4236 0.2157 -0.0607
vt 0.4171 0.2157 -0.0336
vt 0.4026 0.2157 -0.0329
vt 0.3958 0.2157 -0.0596
vt 0.3814 0.2157 -0.0590
vt 0.3744 0.2157 -0.0318
vt 0.3600 0.2157 -0.0311
vt 0.3534 0.2157 -0.0579
vt 0.3389 0.2157 -0.0572
vt 0.1710 0.2029 -0.0492
vt 0.1849 0.2029 -0.0498
vt 0.1916 0.2029 -0.0230
vt 0.2060 0.2029 -0.0237
vt 0.2126 0.2029 -0.0509
vt 0.2271 0.2029 -0.0516
vt 0.2333 0.2029 -0.0248
vt 0.2478 0.2029 -0.0255
vt 0.2540 0.2029 -0.0527
vt 0.2685 0.2029 -0.0534
vt 0.2751 0.2029 -0.0266
vt 0.2895 0.2029 -0.0273
vt 0.2963 0.2029 -0.0545
vt 0.3107 0.2029 -0.0552
vt 0.4594 0.2029 -0.0344
vt 0.4449 0.2029 -0.0337
vt 0.4381 0.2029 -0.0606
vt 0.4236 0.2029 -0.0599
vt 0.4171 0.2029 -0.0326
vt 0.4026 0.2029 -0.0319
vt 0.3958 0.2029 -0.0588
vt 0.3814 0.2029 -0.0581
vt 0.3744 0.2029 -0.0308
vt 0.3600 0.2029 -0.0302
vt 0.3534 0.2029 -0.0570
vt 0.3389 0.2029 -0.0563
vt 0.1710 0.1903 -0.0486
vt 0.1849 0.1903 -0.0493
vt 0.1916 0.1903 -0.0224
vt 0.2060 0.1903 -0.0231
vt 0.2126 0.1903 -0.0504
vt 0.2271 0.1903 -0.0511
vt 0.2333 0.1903 -0.0242
vt 0.2478 0.1903 -0.0249
vt 0.2540 0.1903 -0.0522
vt 0.2685 0.1903 -0.0528
vt 0.2751 0.1903 -0.0260
vt 0.2895 0.1903 -0.0266
vt 0.2963 0.1903 -0.0540
vt 0.3107 0.1903 -0.0546
vt 0.4594 0.1903 -0.0338
vt 0.4449 0.1903 -0.0331
vt 0.4381 0.1903 -0.0600
vt 0.4236 0.1903 -0.0593
vt 0.4171 0.1903 -0.0320
vt 0.4026 0.1903 -0.0313
vt 0.3958 0.1903 -0.0582
vt 0.3814 0.1903 -0.0575
vt 0.3744 0.1903 -0.0302
vt 0.3600 0.1903 -0.0295
vt 0.3534 0.1903 -0.0564
vt 0.3389 0.1903 -0.0557
vt 0.1710 0.1776 -0.0486
vt 0.1849 0.1776 -0.0493
vt 0.1916 0.1776 -0.0224
vt 0.2060 0.1776 -0.0231
vt 0.2126 0.1776 -0.0504
vt 0.2271 0.1776 -0.0511
vt 0.2333 0.1776 -0.0242
vt 0.2478 0.1776 -0.0249
vt 0.2540 0.1776 -0.0522
vt 0.2685 0.1776 -0.0529
vt 0.2751 0.1776 -0.0260
vt 0.2895 0.1776 -0.0267
vt 0.2963 0.1776 -0.0540
vt 0.3107 0.1776 -0.0547
vt 0.4594 0.1776 -0.0339
vt 0.4449 0.1776 -0.0332
vt 0.4381 0.1776 -0.0601
vt 0.4236 0.1776 -0.0594
vt 0.4171 0.1776 -0.0321
vt 0.4026 0.1776 -0.0314
vt 0.3958 0.1776 -0.0583
vt 0.3814 0.1776 -0.0576
vt 0.3744 0.1776 -0.0303
vt 0.3600 0.1776 -0.0296
vt 0.3534 0.1776 -0.0565
vt 0.3389 0.1776 -0.0558
vt 0.1710 0.1649 -0.0493
vt 0.1849 0.1649 -0.0499
vt 0.1916 0.1649 -0.0231
vt 0.2060 0.1649 -0.0238
vt 0.2126 0.1649 -0.0510
vt 0.2271 0.1649 -0.0517
vt 0.2333 0.1649 -0.0249
vt 0.2478 0.1649 -0.0256
vt 0.2540 0.1649 -0.0528
vt 0.2685 0.1649 -0.0535
vt 0.2751 0.1649 -0.0267
vt 0.2895 0.1649 -0.0274
vt 0.2963 0.1649 -0.0546
vt 0.3107 0.1649 -0.0553
vt 0.4594 0.1649 -0.0345
vt 0.4449 0.1649 -0.0338
vt 0.4381 0.1649 -0.0607
vt 0.4236 0.1649 -0.0600
vt 0.4171 0.1649 -0.0327
vt 0.4026 0.1649 -0.0321
vt 0.3958 0.1649 -0.0589
vt 0.3814 0.1649 -0.0582
vt 0.3744 0.1649 -0.0310
vt 0.3600 0.1649 -0.0303
vt 0.3534 0.1649 -0.0571
vt 0.3389 0.1649 -0.0564
vt 0.1710 0.1521 -0.0502
vt 0.1849 0.1521 -0.0508
vt 0.1916 0.1521 -0.0241
vt 0.2060 0.1521 -0.0248
vt 0.2126 0.1521 -0.0519
vt 0.2271 0.1521 -0.0526
vt 0.2333 0.1521 -0.0259
vt 0.2478 0.1521 -0.0266
vt 0.2540 0.1521 -0.0537
vt 0.2685 0.1521 -0.0544
vt 0.2751 0.1521 -0.0277
vt 0.2895 0.1521 -0.0284
vt 0.2963 0.1521 -0.0555
vt 0.3107 0.1521 -0.0562
vt 0.4594 0.1521 -0.0355
vt 0.4449 0.1521 -0.0348
vt 0.4381 0.1521 -0.0615
vt 0.4236 0.1521 -0.0609
vt 0.4171 0.1521 -0.0337
vt 0.4026 0.1521 -0.0330
vt 0.3958 0.1521 -0.0598
vt 0.3814 0.1521 -0.0591
vt 0.3744 0.1521 -0.0319
vt 0.3600 0.1521 -0.0313
vt 0.3534 0.1521 -0.0580
vt 0.3389 0.1521 -0.0573
vt 0.1710 0.1392 -0.0510
vt 0.1849 0.1392 -0.0516
vt 0.1916 0.1392 -0.0250
vt 0.2060 0.1392 -0.0257
vt 0.2126 0.1392 -0.0527
vt 0.2271 0.1392 -0.0534
vt 0.2333 0.1392 -0.0268
vt 0.2478 0.1392 -0.0275
vt 0.2540 0.1392 -0.0545
vt 0.2685 0.1392 -0.0552
vt 0.2751 0.1392 -0.0286
vt 0.2895 0.1392 -0.0292
vt 0.2963 0.1392 -0.0563
vt 0.3107 0.1392 -0.0570
vt 0.4594 0.1392 -0.0363
vt 0.4449 0.1392 -0.0357
vt 0.4381 0.1392 -0.0623
vt 0.4236 0.1392 -0.0616
vt 0.4171 0.1392 -0.0346
vt 0.4026 0.1392 -0.0339
vt 0.3958 0.1392 -0.0605
vt 0.3814 0.1392 -0.0598
vt 0.3744 0.1392 -0.0328
vt 0.3600 0.1392 -0.0321
vt 0.3534 0.1392 -0.0587
vt 0.3389 0.1392 -0.0580
vt 0.1710 0.1263 -0.0513
vt 0.1849 0.1263 -0.0519
vt 0.1916 0.1263 -0.0253
vt 0.2060 0.1263 -0.0260
vt 0.2126 0.1263 -0.0530
vt 0.2271 0.1263 -0.0537
vt 0.2333 0.1263 -0.0271
vt 0.2478 0.1263 -0.0278
vt 0.2540 0.1263 -0.0548
vt 0.2685 0.1263 -0.0554
vt 0.2751 0.1263 -0.0289
vt 0.2895 0.1263 -0.0295
vt 0.2963 0.1263 -0.0565
vt 0.3107 0.1263 -0.0572
vt 0.4594 0.1263 -0.0366
vt 0.4449 0.1263 -0.0360
vt 0.4381 0.1263 -0.0625
vt 0.4236 0.1263 -0.0619
vt 0.4171 0.1263 -0.0349
vt 0.4026 0.1263 -0.0342
vt 0.3958 0.1263 -0.0608
vt 0.3814 0.1263 -0.0601
vt 0.3744 0.1263 -0.0331
vt 0.3600 0.1263 -0.0324
vt 0.3534 0.1263 -0.0590
vt 0.3389 0.1263 -0.0583
vt 0.1710 0.1134 -0.0509
vt 0.1849 0.1134 -0.0515
vt 0.1916 0.1134 -0.0249
vt 0.2060 0.1134 -0.0256
vt 0.2126 0.1134 -0.0526
vt 0.2271 0.1134 -0.0533
vt 0.2333 0.1134 -0.0267
vt 0.2478 0.1134 -0.0274
vt 0.2540 0.1134 -0.0544
vt 0.2685 0.1134 -0.0551
vt 0.2751 0.1134 -0.0285
vt 0.2895 0.1134 -0.0291
vt 0.2963 0.1134 -0.0562
vt 0.3107 0.1134 -0.0569
vt 0.4594 0.1134 -0.0363
vt 0.4449 0.1134 -0.0356
vt 0.4381 0.1134 -0.0622
vt 0.4236 0.1134 -0.0615
vt 0.4171 0.1134 -0.0345
vt 0.4026 0.1134 -0.0338
vt 0.3958 0.1134 -0.0604
vt 0.3814 0.1134 -0.0597
vt 0.3744 0.1134 -0.0327
vt 0.3600 0.1134 -0.0320
vt 0.3534 0.1134 -0.0587
vt 0.3389 0.1134 -0.0580
vt 0.1710 0.1005 -0.0501
vt 0.1849 0.1005 -0.0507
vt 0.1916 0.1005 -0.0240
vt 0.2060 0.1005 -0.0247
vt 0.2126 0.1005 -0.0518
vt 0.2271 0.1005 -0.0525
vt 0.2333 0.1005 -0.0258
vt 0.2478 0.1005 -0.0265
vt 0.2540 0.1005 -0.0536
vt 0.2685 0.1005 -0.0543
vt 0.2751 0.1005 -0.0276
vt 0.2895 0.1005 -0.0282
vt 0.2963 0.1005 -0.0554
vt 0.3107 0.1005 -0.0561
vt 0.4594 0.1005 -0.0354
vt 0.4449 0.1005 -0.0347
vt 0.4381 0.1005 -0.0614
vt 0.4236 0.1005 -0.0607
vt 0.4171 0.1005 -0.0336
vt 0.4026 0.1005 -0.0329
vt 0.3958 0.1005 -0.0596
vt 0.3814 0.1005 -0.0590
vt 0.3744 0.1005 -0.0318
vt 0.3600 0.1005 -0.0311
vt 0.3534 0.1005 -0.0579
vt 0.3389 0.1005 -0.0572
vt 0.1710 0.0877 -0.0492
vt 0.1849 0.0877 -0.0498
vt 0.1916 0.0877 -0.0230
vt 0.2060 0.0877 -0.0237
vt 0.2126 0.0877 -0.0509
vt 0.2271 0.0877 -0.0516
vt 0.2333 0.0877 -0.0248
vt 0.2478 0.0877 -0.0255
vt 0.2540 0.0877 -0.0527
vt 0.2685 0.0877 -0.0534
vt 0.2751 0.0877 -0.0266
vt 0.2895 0.0877 -0.0273
vt 0.2963 0.0877 -0.0545
vt 0.3107 0.0877 -0.0552
vt 0.4594 0.0877 -0.0344
vt 0.4449 0.0877 -0.0337
vt 0.4381 0.0877 -0.0606
vt 0.4236 0.0877 -0.0599
vt 0.4171 0.0877 -0.0326
vt 0.4026 0.0877 -0.0319
vt 0.3958 0.0877 -0.0588
vt 0.3814 0.0877 -0.0581
vt 0.3744 0.0877 -0.0308
vt 0.3600 0.0877 -0.0302
vt 0.3534 0.0877 -0.0570
vt 0.3389 0.0877 -0.0563
vt 0.1710 0.0751 -0.0486
vt 0.1849 0.0751 -0.0493
vt 0.1916 0.0751 -0.0224
vt 0.2060 0.0751 -0.0231
vt 0.2126 0.0751 -0.0504
vt 0.2271 0.0751 -0.0511
vt 0.2333 0.0751 -0.0242
vt 0.2478 0.0751 -0.0249
vt 0.2540 0.0751 -0.0522
vt 0.2685 0.0751 -0.0528
vt 0.2751 0.0751 -0.0260
vt 0.2895 0.0751 -0.0266
vt 0.2963 0.0751 -0.0540
vt 0.3107 0.0751 -0.0546
vt 0.4594 0.0751 -0.0338
vt 0.4449 0.0751 -0.0331
vt 0.4381 0.0751 -0.0600
vt 0.4236 0.0751 -0.0593
vt 0.4171 0.0751 -0.0320
vt 0.4026 0.0751 -0.0313
vt 0.3958 0.0751 -0.0582
vt 0.3814 0.0751 -0.0575
vt 0.3744 0.0751 -0.0302
vt 0.3600 0.0751 -0.0295
vt 0.3534 0.0751 -0.0564
vt 0.3389 0.0751 -0.0557
vt 0.1710 0.0624 -0.0486
vt 0.1849 0.0624 -0.0493
vt 0.1916 0.0624 -0.0224
vt 0.2060 0.0624 -0.0231
vt 0.2126 0.0624 -0.0504
vt 0.2271 0.0624 -0.0511
vt 0.2333 0.0624 -0.0242
vt 0.2478 0.0624 -0.0249
vt 0.2540 0.0624 -0.0522
vt 0.2685 0.0624 -0.0529
vt 0.2751 0.0624 -0.0260
vt 0.2895 0.0624 -0.0267
vt 0.2963 0.0624 -0.0540
vt 0.3107 0.0624 -0.0547
vt 0.4594 0.0624 -0.0339
vt 0.4449 0.0624 -0.0332
vt 0.4381 0.0624 -0.0601
vt 0.4236 0.0624 -0.0594
vt 0.4171 0.0624 -0.0321
vt 0.4026 0.0624 -0.0314
vt 0.3958 0.0624 -0.0583
vt 0.3814 0.0624 -0.0576
vt 0.3744 0.0624 -0.0303
vt 0.3600 0.0624 -0.0296
vt 0.3534 0.0624 -0.0565
vt 0.3389 0.0624 -0.0558
vt 0.1710 0.0497 -0.0493
vt 0.1849 0.0497 -0.0499
vt 0.1916 0.0497 -0.0231
vt 0.2060 0.0497 -0.0238
vt 0.2126 0.0497 -0.0510
vt 0.2271 0.0497 -0.0517
vt 0.2333 0.0497 -0.0249
vt 0.2478 0.0497 -0.0256
vt 0.2540 0.0497 -0.0528
vt 0.2685 0.0497 -0.0535
vt 0.2751 0.0497 -0.0267
vt 0.2895 0.0497 -0.0274
vt 0.2963 0.0497 -0.0546
vt 0.3107 0.0497 -0.0553
vt 0.4594 0.0497 -0.0345
vt 0.4449 0.0497 -0.0338
vt 0.4381 0.0497 -0.0607
vt 0.4236 0.0497 -0.0600
vt 0.4171 0.0497 -0.0327
vt 0.4026 0.0497 -0.0321
vt 0.3958 0.0497 -0.0589
vt 0.3814 0.0497 -0.0582
vt 0.3744 0.0497 -0.0310
vt 0.3600 0.0497 -0.0303
vt 0.3534 0.0497 -0.0571
vt 0.3389 0.0497 -0.0564
vt 0.3130 0.0369 -0.0563
vt 0.3130 0.0240 -0.0571
vt 0.3155 0.0240 -0.0302
vt 0.3155 0.0369 -0.0294
vt 0.3130 0.0111 -0.0573
vt 0.3155 0.0111 -0.0305
vt 0.3130 0.2415 -0.0573
vt 0.3130 0.2286 -0.0570
vt 0.3155 0.2286 -0.0301
vt 0.3155 0.2415 -0.0305
vt 0.3130 0.2157 -0.0562
vt 0.3155 0.2157 -0.0292
vt 0.3130 0.2029 -0.0553
vt 0.3155 0.2029 -0.0283
vt 0.3130 0.1903 -0.0547
vt 0.3155 0.1903 -0.0276
vt 0.3130 0.1776 -0.0548
vt 0.3155 0.1776 -0.0277
vt 0.3130 0.1649 -0.0554
vt 0.3155 0.1649 -0.0284
vt 0.3130 0.1521 -0.0563
vt 0.3155 0.1521 -0.0294
vt 0.3130 0.1392 -0.0571
vt 0.3155 0.1392 -0.0302
vt 0.3130 0.1263 -0.0573
vt 0.3155 0.1263 -0.0305
vt 0.3130 0.1134 -0.0570
vt 0.3155 0.1134 -0.0301
vt 0.3130 0.1005 -0.0562
vt 0.3155 0.1005 -0.0292
vt 0.3130 0.0877 -0.0553
vt 0.3155 0.0877 -0.0283
vt 0.3130 0.0751 -0.0547
vt 0.3155 0.0751 -0.0276
vt 0.3130 0.0624 -0.0548
vt 0.3155 0.0624 -0.0277
vt 0.3130 0.0497 -0.0554
vt 0.3155 0.0497 -0.0284
vt 0.3367 0.0240 -0.0579
vt 0.3367 0.0369 -0.0572
vt 0.3344 0.0369 -0.0303
vt 0.3344 0.0240 -0.0311
vt 0.3367 0.0497 -0.0563
vt 0.3344 0.0497 -0.0293
vt 0.3367 0.0624 -0.0557
vt 0.3344 0.0624 -0.0286
vt 0.3367 0.0751 -0.0556
vt 0.3344 0.0751 -0.0285
vt 0.3367 0.0877 -0.0562
vt 0.3344 0.0877 -0.0292
vt 0.3367 0.1005 -0.0571
vt 0.3344 0.1005 -0.0301
vt 0.3367 0.1134 -0.0579
vt 0.3344 0.1134 -0.0310
vt 0.3367 0.1263 -0.0582
vt 0.3344 0.1263 -0.0314
vt 0.3367 0.1392 -0.0579
vt 0.3344 0.1392 -0.0311
vt 0.3367 0.1521 -0.0572
vt 0.3344 0.1521 -0.0303
vt 0.3367 0.1649 -0.0563
vt 0.3344 0.1649 -0.0293
vt 0.3367 0.1776 -0.0557
vt 0.3344 0.1776 -0.0286
vt 0.3367 0.1903 -0.0556
vt 0.3344 0.1903 -0.0285
vt 0.3367 0.2029 -0.0562
vt 0.3344 0.2029 -0.0292
vt 0.3367 0.2157 -0.0571
vt 0.3344 0.2157 -0.0301
vt 0.3367 0.2286 -0.0579
vt 0.3344 0.2286 -0.0310
vt 0.3367 0.2415 -0.0582
vt 0.3344 0.2415 -0.0314
vt 0.3367 0.0111 -0.0582
vt 0.3344 0.0111 -0.0314
vt 0.1870 0.0369 -0.0509
vt 0.1870 0.0240 -0.0517
vt 0.1893 0.0240 -0.0249
vt 0.1893 0.0369 -0.0240
vt 0.1870 0.0111 -0.0520
vt 0.1893 0.0111 -0.0252
vt 0.1870 0.2415 -0.0520
vt 0.1870 0.2286 -0.0516
vt 0.1893 0.2286 -0.0248
vt 0.1893 0.2415 -0.0252
vt 0.1870 0.2157 -0.0508
vt 0.1893 0.2157 -0.0239
vt 0.1870 0.2029 -0.0499
vt 0.1893 0.2029 -0.0229
vt 0.1870 0.1903 -0.0494
vt 0.1893 0.1903 -0.0223
vt 0.1870 0.1776 -0.0494
vt 0.1893 0.1776 -0.0223
vt 0.1870 0.1649 -0.0500
vt 0.1893 0.1649 -0.0230
vt 0.1870 0.1521 -0.0509
vt 0.1893 0.1521 -0.0240
vt 0.1870 0.1392 -0.0517
vt 0.1893 0.1392 -0.0249
vt 0.1870 0.1263 -0.0520
vt 0.1893 0.1263 -0.0252
vt 0.1870 0.1134 -0.0516
vt 0.1893 0.1134 -0.0248
vt 0.1870 0.1005 -0.0508
vt 0.1893 0.1005 -0.0239
vt 0.1870 0.0877 -0.0499
vt 0.1893 0.0877 -0.0229
vt 0.1870 0.0751 -0.0494
vt 0.1893 0.0751 -0.0223
vt 0.1870 0.0624 -0.0494
vt 0.1893 0.0624 -0.0223
vt 0.1870 0.0497 -0.0500
vt 0.1893 0.0497 -0.0230
vt 0.2104 0.0240 -0.0526
vt 0.2104 0.0369 -0.0518
vt 0.2082 0.0369 -0.0249
vt 0.2082 0.0240 -0.0258
vt 0.2104 0.0497 -0.0509
vt 0.2082 0.0497 -0.0239
vt 0.2104 0.0624 -0.0503
vt 0.2082 0.0624 -0.0232
vt 0.2104 0.0751 -0.0503
vt 0.2082 0.0751 -0.0232
vt 0.2104 0.0877 -0.0508
vt 0.2082 0.0877 -0.0238
vt 0.2104 0.1005 -0.0517
vt 0.2082 0.1005 -0.0248
vt 0.2104 0.1134 -0.0525
vt 0.2082 0.1134 -0.0257
vt 0.2104 0.1263 -0.0529
vt 0.2082 0.1263 -0.0261
vt 0.2104 0.1392 -0.0526
vt 0.2082 0.1392 -0.0258
vt 0.2104 0.1521 -0.0518
vt 0.2082 0.1521 -0.0249
vt 0.2104 0.1649 -0.0509
vt 0.2082 0.1649 -0.0239
vt 0.2104 0.1776 -0.0503
vt 0.2082 0.1776 -0.0232
vt 0.2104 0.1903 -0.0503
vt 0.2082 0.1903 -0.0232
vt 0.2104 0.2029 -0.0508
vt 0.2082 0.2029 -0.0238
vt 0.2104 0.2157 -0.0517
vt 0.2082 0.2157 -0.0248
vt 0.2104 0.2286 -0.0525
vt 0.2082 0.2286 -0.0257
vt 0.2104 0.2415 -0.0529
vt 0.2082 0.2415 -0.0261
vt 0.2104 0.0111 -0.0529
vt 0.2082 0.0111 -0.0261
vt 0.2293 0.0369 -0.0527
vt 0.2293 0.0240 -0.0535
vt 0.2311 0.0240 -0.0267
vt 0.2311 0.0369 -0.0258
vt 0.2293 0.0111 -0.0538
vt 0.2311 0.0111 -0.0270
vt 0.2293 0.2415 -0.0538
vt 0.2293 0.2286 -0.0534
vt 0.2311 0.2286 -0.0266
vt 0.2311 0.2415 -0.0270
vt 0.2293 0.2157 -0.0526
vt 0.2311 0.2157 -0.0257
vt 0.2293 0.2029 -0.0517
vt 0.2311 0.2029 -0.0247
vt 0.2293 0.1903 -0.0512
vt 0.2311 0.1903 -0.0241
vt 0.2293 0.1776 -0.0512
vt 0.2311 0.1776 -0.0241
vt 0.2293 0.1649 -0.0518
vt 0.2311 0.1649 -0.0248
vt 0.2293 0.1521 -0.0527
vt 0.2311 0.1521 -0.0258
vt 0.2293 0.1392 -0.0535
vt 0.2311 0.1392 -0.0267
vt 0.2293 0.1263 -0.0538
vt 0.2311 0.1263 -0.0270
vt 0.2293 0.1134 -0.0534
vt 0.2311 0.1134 -0.0266
vt 0.2293 0.1005 -0.0526
vt 0.2311 0.1005 -0.0257
vt 0.2293 0.0877 -0.0517
vt 0.2311 0.0877 -0.0247
vt 0.2293 0.0751 -0.0512
vt 0.2311 0.0751 -0.0241
vt 0.2293 0.0624 -0.0512
vt 0.2311 0.0624 -0.0241
vt 0.2293 0.0497 -0.0518
vt 0.2311 0.0497 -0.0248
vt 0.2518 0.0240 -0.0544
vt 0.2518 0.0369 -0.0536
vt 0.2500 0.0369 -0.0267
vt 0.2500 0.0240 -0.0276
vt 0.2518 0.0497 -0.0527
vt 0.2500 0.0497 -0.0257
vt 0.2518 0.0624 -0.0521
vt 0.2500 0.0624 -0.0250
vt 0.2518 0.0751 -0.0521
vt 0.2500 0.0751 -0.0250
vt 0.2518 0.0877 -0.0526
vt 0.2500 0.0877 -0.0256
vt 0.2518 0.1005 -0.0535
vt 0.2500 0.1005 -0.0266
vt 0.2518 0.1134 -0.0543
vt 0.2500 0.1134 -0.0275
vt 0.2518 0.1263 -0.0547
vt 0.2500 0.1263 -0.0279
vt 0.2518 0.1392 -0.0544
vt 0.2500 0.1392 -0.0276
vt 0.2518 0.1521 -0.0536
vt 0.2500 0.1521 -0.0267
vt 0.2518 0.1649 -0.0527
vt 0.2500 0.1649 -0.0257
vt 0.2518 0.1776 -0.0521
vt 0.2500 0.1776 -0.0250
vt 0.2518 0.1903 -0.0521
vt 0.2500 0.1903 -0.0250
vt 0.2518 0.2029 -0.0526
vt 0.2500 0.2029 -0.0256
vt 0.2518 0.2157 -0.0535
vt 0.2500 0.2157 -0.0266
vt 0.2518 0.2286 -0.0543
vt 0.2500 0.2286 -0.0275
vt 0.2518 0.2415 -0.0547
vt 0.2500 0.2415 -0.0279
vt 0.2518 0.0111 -0.0547
vt 0.2500 0.0111 -0.0279
vt 0.2707 0.0369 -0.0545
vt 0.2707 0.0240 -0.0553
vt 0.2728 0.0240 -0.0284
vt 0.2728 0.0369 -0.0276
vt 0.2707 0.0111 -0.0556
vt 0.2728 0.0111 -0.0288
vt 0.2707 0.2415 -0.0556
vt 0.2707 0.2286 -0.0552
vt 0.2728 0.2286 -0.0284
vt 0.2728 0.2415 -0.0288
vt 0.2707 0.2157 -0.0544
vt 0.2728 0.2157 -0.0275
vt 0.2707 0.2029 -0.0535
vt 0.2728 0.2029 -0.0265
vt 0.2707 0.1903 -0.0530
vt 0.2728 0.1903 -0.0259
vt 0.2707 0.1776 -0.0530
vt 0.2728 0.1776 -0.0259
vt 0.2707 0.1649 -0.0536
vt 0.2728 0.1649 -0.0266
vt 0.2707 0.1521 -0.0545
vt 0.2728 0.1521 -0.0276
vt 0.2707 0.1392 -0.0553
vt 0.2728 0.1392 -0.0284
vt 0.2707 0.1263 -0.0556
vt 0.2728 0.1263 -0.0288
vt 0.2707 0.1134 -0.0552
vt 0.2728 0.1134 -0.0284
vt 0.2707 0.1005 -0.0544
vt 0.2728 0.1005 -0.0275
vt 0.2707 0.0877 -0.0535
vt 0.2728 0.0877 -0.0265
vt 0.2707 0.0751 -0.0530
vt 0.2728 0.0751 -0.0259
vt 0.2707 0.0624 -0.0530
vt 0.2728 0.0624 -0.0259
vt 0.2707 0.0497 -0.0536
vt 0.2728 0.0497 -0.0266
vt 0.2940 0.0240 -0.0562
vt 0.2940 0.0369 -0.0554
vt 0.2917 0.0369 -0.0285
vt 0.2917 0.0240 -0.0293
vt 0.2940 0.0497 -0.0545
vt 0.2917 0.0497 -0.0275
vt 0.2940 0.0624 -0.0539
vt 0.2917 0.0624 -0.0268
vt 0.2940 0.0751 -0.0538
vt 0.2917 0.0751 -0.0268
vt 0.2940 0.0877 -0.0544
vt 0.2917 0.0877 -0.0274
vt 0.2940 0.1005 -0.0553
vt 0.2917 0.1005 -0.0283
vt 0.2940 0.1134 -0.0561
vt 0.2917 0.1134 -0.0292
vt 0.2940 0.1263 -0.0564
vt 0.2917 0.1263 -0.0296
vt 0.2940 0.1392 -0.0562
vt 0.2917 0.1392 -0.0293
vt 0.2940 0.1521 -0.0554
vt 0.2917 0.1521 -0.0285
vt 0.2940 0.1649 -0.0545
vt 0.2917 0.1649 -0.0275
vt 0.2940 0.1776 -0.0539
vt 0.2917 0.1776 -0.0268
vt 0.2940 0.1903 -0.0538
vt 0.2917 0.1903 -0.0268
vt 0.2940 0.2029 -0.0544
vt 0.2917 0.2029 -0.0274
vt 0.2940 0.2157 -0.0553
vt 0.2917 0.2157 -0.0283
vt 0.2940 0.2286 -0.0561
vt 0.2917 0.2286 -0.0292
vt 0.2940 0.2415 -0.0564
vt 0.2917 0.2415 -0.0296
vt 0.2940 0.0111 -0.0564
vt 0.2917 0.0111 -0.0296
vt 0.4682 0.0240 -0.0851
vt 0.4682 0.0369 -0.0844
vt 0.4616 0.0369 -0.0356
vt 0.4616 0.0240 -0.0364
vt 0.4682 0.0497 -0.0836
vt 0.4616 0.0497 -0.0346
vt 0.4682 0.0624 -0.0831
vt 0.4616 0.0624 -0.0340
vt 0.4682 0.0751 -0.0831
vt 0.4616 0.0751 -0.0339
vt 0.4682 0.0877 -0.0836
vt 0.4616 0.0877 -0.0345
vt 0.4682 0.1005 -0.0843
vt 0.4616 0.1005 -0.0355
vt 0.4682 0.1134 -0.0850
vt 0.4616 0.1134 -0.0364
vt 0.4682 0.1263 -0.0853
vt 0.4616 0.1263 -0.0367
vt 0.4682 0.1392 -0.0851
vt 0.4616 0.1392 -0.0364
vt 0.4682 0.1521 -0.0844
vt 0.4616 0.1521 -0.0356
vt 0.4682 0.1649 -0.0836
vt 0.4616 0.1649 -0.0346
vt 0.4682 0.1776 -0.0831
vt 0.4616 0.1776 -0.0340
vt 0.4682 0.1903 -0.0831
vt 0.4616 0.1903 -0.0339
vt 0.4682 0.2029 -0.0836
vt 0.4616 0.2029 -0.0345
vt 0.4682 0.2157 -0.0843
vt 0.4616 0.2157 -0.0355
vt 0.4682 0.2286 -0.0850
vt 0.4616 0.2286 -0.0364
vt 0.4682 0.2415 -0.0853
vt 0.4616 0.2415 -0.0367
vt 0.4682 0.0111 -0.0853
vt 0.4616 0.0111 -0.0367
vt 0.4403 0.0369 -0.0616
vt 0.4403 0.0240 -0.0624
vt 0.4427 0.0240 -0.0356
vt 0.4427 0.0369 -0.0347
vt 0.4403 0.0111 -0.0627
vt 0.4427 0.0111 -0.0358
vt 0.4403 0.2415 -0.0627
vt 0.4403 0.2286 -0.0623
vt 0.4427 0.2286 -0.0355
vt 0.4427 0.2415 -0.0358
vt 0.4403 0.2157 -0.0615
vt 0.4427 0.2157 -0.0346
vt 0.4403 0.2029 -0.0607
vt 0.4427 0.2029 -0.0336
vt 0.4403 0.1903 -0.0601
vt 0.4427 0.1903 -0.0330
vt 0.4403 0.1776 -0.0602
vt 0.4427 0.1776 -0.0331
vt 0.4403 0.1649 -0.0608
vt 0.4427 0.1649 -0.0337
vt 0.4403 0.1521 -0.0616
vt 0.4427 0.1521 -0.0347
vt 0.4403 0.1392 -0.0624
vt 0.4427 0.1392 -0.0356
vt 0.4403 0.1263 -0.0627
vt 0.4427 0.1263 -0.0358
vt 0.4403 0.1134 -0.0623
vt 0.4427 0.1134 -0.0355
vt 0.4403 0.1005 -0.0615
vt 0.4427 0.1005 -0.0346
vt 0.4403 0.0877 -0.0607
vt 0.4427 0.0877 -0.0336
vt 0.4403 0.0751 -0.0601
vt 0.4427 0.0751 -0.0330
vt 0.4403 0.0624 -0.0602
vt 0.4427 0.0624 -0.0331
vt 0.4403 0.0497 -0.0608
vt 0.4427 0.0497 -0.0337
vt 0.4214 0.0240 -0.0615
vt 0.4214 0.0369 -0.0607
vt 0.4193 0.0369 -0.0338
vt 0.4193 0.0240 -0.0347
vt 0.4214 0.0497 -0.0599
vt 0.4193 0.0497 -0.0328
vt 0.4214 0.0624 -0.0593
vt 0.4193 0.0624 -0.0322
vt 0.4214 0.0751 -0.0592
vt 0.4193 0.0751 -0.0321
vt 0.4214 0.0877 -0.0598
vt 0.4193 0.0877 -0.0327
vt 0.4214 0.1005 -0.0606
vt 0.4193 0.1005 -0.0337
vt 0.4214 0.1134 -0.0614
vt 0.4193 0.1134 -0.0346
vt 0.4214 0.1263 -0.0618
vt 0.4193 0.1263 -0.0350
vt 0.4214 0.1392 -0.0615
vt 0.4193 0.1392 -0.0347
vt 0.4214 0.1521 -0.0607
vt 0.4193 0.1521 -0.0338
vt 0.4214 0.1649 -0.0599
vt 0.4193 0.1649 -0.0328
vt 0.4214 0.1776 -0.0593
vt 0.4193 0.1776 -0.0322
vt 0.4214 0.1903 -0.0592
vt 0.4193 0.1903 -0.0321
vt 0.4214 0.2029 -0.0598
vt 0.4193 0.2029 -0.0327
vt 0.4214 0.2157 -0.0606
vt 0.4193 0.2157 -0.0337
vt 0.4214 0.2286 -0.0614
vt 0.4193 0.2286 -0.0346
vt 0.4214 0.2415 -0.0618
vt 0.4193 0.2415 -0.0350
vt 0.4214 0.0111 -0.0618
vt 0.4193 0.0111 -0.0350
vt 0.3981 0.0369 -0.0599
vt 0.3981 0.0240 -0.0606
vt 0.4004 0.0240 -0.0338
vt 0.4004 0.0369 -0.0329
vt 0.3981 0.0111 -0.0609
vt 0.4004 0.0111 -0.0341
vt 0.3981 0.2415 -0.0609
vt 0.3981 0.2286 -0.0605
vt 0.4004 0.2286 -0.0337
vt 0.4004 0.2415 -0.0341
vt 0.3981 0.2157 -0.0597
vt 0.4004 0.2157 -0.0328
vt 0.3981 0.2029 -0.0589
vt 0.4004 0.2029 -0.0318
vt 0.3981 0.1903 -0.0583
vt 0.4004 0.1903 -0.0312
vt 0.3981 0.1776 -0.0584
vt 0.4004 0.1776 -0.0313
vt 0.3981 0.1649 -0.0590
vt 0.4004 0.1649 -0.0320
vt 0.3981 0.1521 -0.0599
vt 0.4004 0.1521 -0.0329
vt 0.3981 0.1392 -0.0606
vt 0.4004 0.1392 -0.0338
vt 0.3981 0.1263 -0.0609
vt 0.4004 0.1263 -0.0341
vt 0.3981 0.1134 -0.0605
vt 0.4004 0.1134 -0.0337
vt 0.3981 0.1005 -0.0597
vt 0.4004 0.1005 -0.0328
vt 0.3981 0.0877 -0.0589
vt 0.4004 0.0877 -0.0318
vt 0.3981 0.0751 -0.0583
vt 0.4004 0.0751 -0.0312
vt 0.3981 0.0624 -0.0584
vt 0.4004 0.0624 -0.0313
vt 0.3981 0.0497 -0.0590
vt 0.4004 0.0497 -0.0320
vt 0.3791 0.0240 -0.0597
vt 0.3791 0.0369 -0.0590
vt 0.3767 0.0369 -0.0320
vt 0.3767 0.0240 -0.0329
vt 0.3791 0.0497 -0.0581
vt 0.3767 0.0497 -0.0311
vt 0.3791 0.0624 -0.0575
vt 0.3767 0.0624 -0.0304
vt 0.3791 0.0751 -0.0574
vt 0.3767 0.0751 -0.0303
vt 0.3791 0.0877 -0.0580
vt 0.3767 0.0877 -0.0309
vt 0.3791 0.1005 -0.0588
vt 0.3767 0.1005 -0.0319
vt 0.3791 0.1134 -0.0596
vt 0.3767 0.1134 -0.0328
vt 0.3791 0.1263 -0.0600
vt 0.3767 0.1263 -0.0332
vt 0.3791 0.1392 -0.0597
vt 0.3767 0.1392 -0.0329
vt 0.3791 0.1521 -0.0590
vt 0.3767 0.1521 -0.0320
vt 0.3791 0.1649 -0.0581
vt 0.3767 0.1649 -0.0311
vt 0.3791 0.1776 -0.0575
vt 0.3767 0.1776 -0.0304
vt 0.3791 0.1903 -0.0574
vt 0.3767 0.1903 -0.0303
vt 0.3791 0.2029 -0.0580
vt 0.3767 0.2029 -0.0309
vt 0.3791 0.2157 -0.0588
vt 0.3767 0.2157 -0.0319
vt 0.3791 0.2286 -0.0596
vt 0.3767 0.2286 -0.0328
vt 0.3791 0.2415 -0.0600
vt 0.3767 0.2415 -0.0332
vt 0.3791 0.0111 -0.0600
vt 0.3767 0.0111 -0.0332
vt 0.3556 0.0369 -0.0581
vt 0.3556 0.0240 -0.0588
vt 0.3578 0.0240 -0.0320
vt 0.3578 0.0369 -0.0312
vt 0.3556 0.0111 -0.0591
vt 0.3578 0.0111 -0.0323
vt 0.3556 0.2415 -0.0591
vt 0.3556 0.2286 -0.0588
vt 0.3578 0.2286 -0.0319
vt 0.3578 0.2415 -0.0323
vt 0.3556 0.2157 -0.0580
vt 0.3578 0.2157 -0.0310
vt 0.3556 0.2029 -0.0571
vt 0.3578 0.2029 -0.0300
vt 0.3556 0.1903 -0.0565
vt 0.3578 0.1903 -0.0294
vt 0.3556 0.1776 -0.0566
vt 0.3578 0.1776 -0.0295
vt 0.3556 0.1649 -0.0572
vt 0.3578 0.1649 -0.0302
vt 0.3556 0.1521 -0.0581
vt 0.3578 0.1521 -0.0312
vt 0.3556 0.1392 -0.0588
vt 0.3578 0.1392 -0.0320
vt 0.3556 0.1263 -0.0591
vt 0.3578 0.1263 -0.0323
vt 0.3556 0.1134 -0.0588
vt 0.3578 0.1134 -0.0319
vt 0.3556 0.1005 -0.0580
vt 0.3578 0.1005 -0.0310
vt 0.3556 0.0877 -0.0571
vt 0.3578 0.0877 -0.0300
vt 0.3556 0.0751 -0.0565
vt 0.3578 0.0751 -0.0294
vt 0.3556 0.0624 -0.0566
vt 0.3578 0.0624 -0.0295
vt 0.3556 0.0497 -0.0572
vt 0.3578 0.0497 -0.0302
vt 0.1068 0.0369 -0.0155
vt 0.1068 0.0240 -0.0164
vt 0.1636 0.0240 -0.0164
vt 0.1636 0.0369 -0.0155
vt 0.1068 0.0111 -0.0167
vt 0.1636 0.0111 -0.0167
vt 0.1068 0.2415 -0.0167
vt 0.1068 0.2286 -0.0163
vt 0.1636 0.2286 -0.0163
vt 0.1636 0.2415 -0.0167
vt 0.1068 0.2157 -0.0154
vt 0.1636 0.2157 -0.0154
vt 0.1068 0.2029 -0.0143
vt 0.1636 0.2029 -0.0143
vt 0.1068 0.1903 -0.0137
vt 0.1636 0.1903 -0.0137
vt 0.1068 0.1776 -0.0138
vt 0.1636 0.1776 -0.0138
vt 0.1068 0.1649 -0.0145
vt 0.1636 0.1649 -0.0145
vt 0.1068 0.1521 -0.0155
vt 0.1636 0.1521 -0.0155
vt 0.1068 0.1392 -0.0164
vt 0.1636 0.1392 -0.0164
vt 0.1068 0.1263 -0.0167
vt 0.1636 0.1263 -0.0167
vt 0.1068 0.1134 -0.0163
vt 0.1636 0.1134 -0.0163
vt 0.1068 0.1005 -0.0154
vt 0.1636 0.1005 -0.0154
vt 0.1068 0.0877 -0.0143
vt 0.1636 0.0877 -0.0143
vt 0.1068 0.0751 -0.0137
vt 0.1636 0.0751 -0.0137
vt 0.1068 0.0624 -0.0138
vt 0.1636 0.0624 -0.0138
vt 0.1068 0.0497 -0.0145
vt 0.1636 0.0497 -0.0145
vt 0.1689 0.0240 -0.0509
vt 0.1689 0.0369 -0.0501
vt 0.1660 0.0369 -0.0155
vt 0.1660 0.0240 -0.0164
vt 0.1689 0.0497 -0.0492
vt 0.1660 0.0497 -0.0145
vt 0.1689 0.0624 -0.0485
vt 0.1660 0.0624 -0.0138
vt 0.1689 0.0751 -0.0485
vt 0.1660 0.0751 -0.0137
vt 0.1689 0.0877 -0.0491
vt 0.1660 0.0877 -0.0143
vt 0.1689 0.1005 -0.0500
vt 0.1660 0.1005 -0.0154
vt 0.1689 0.1134 -0.0508
vt 0.1660 0.1134 -0.0163
vt 0.1689 0.1263 -0.0512
vt 0.1660 0.1263 -0.0167
vt 0.1689 0.1392 -0.0509
vt 0.1660 0.1392 -0.0164
vt 0.1689 0.1521 -0.0501
vt 0.1660 0.1521 -0.0155
vt 0.1689 0.1649 -0.0492
vt 0.1660 0.1649 -0.0145
vt 0.1689 0.1776 -0.0485
vt 0.1660 0.1776 -0.0138
vt 0.1689 0.1903 -0.0485
vt 0.1660 0.1903 -0.0137
vt 0.1689 0.2029 -0.0491
vt 0.1660 0.2029 -0.0143
vt 0.1689 0.2157 -0.0500
vt 0.1660 0.2157 -0.0154
vt 0.1689 0.2286 -0.0508
vt 0.1660 0.2286 -0.0163
vt 0.1689 0.2415 -0.0512
vt 0.1660 0.2415 -0.0167
vt 0.1689 0.0111 -0.0512
vt 0.1660 0.0111 -0.0167
vt 0.1018 0.0369 0.0155
vt 0.1018 0.0240 0.0145
vt 0.1018 0.0111 0.0142
vt 0.1018 0.2415 0.0142
vt 0.1018 0.2286 0.0146
vt 0.1018 0.2157 0.0157
vt 0.1018 0.2029 0.0168
vt 0.1018 0.1903 0.0175
vt 0.1018 0.1776 0.0175
vt 0.1018 0.1649 0.0167
vt 0.1018 0.1521 0.0155
vt 0.1018 0.1392 0.0145
vt 0.1018 0.1263 0.0142
vt 0.1018 0.1134 0.0146
vt 0.1018 0.1005 0.0157
vt 0.1018 0.0877 0.0168
vt 0.1018 0.0751 0.0175
vt 0.1018 0.0624 0.0175
vt 0.1018 0.0497 0.0167
vt 0.0981 0.0369 0.0155
vt 0.0981 0.0240 0.0145
vt 0.0981 0.0111 0.0142
vt 0.0981 0.2415 0.0142
vt 0.0981 0.2286 0.0146
vt 0.0981 0.2157 0.0157
vt 0.0981 0.2029 0.0168
vt 0.0981 0.1903 0.0175
vt 0.0981 0.1776 0.0175
vt 0.0981 0.1649 0.0167
vt 0.0981 0.1521 0.0155
vt 0.0981 0.1392 0.0145
vt 0.0981 0.1263 0.0142
vt 0.0981 0.1134 0.0146
vt 0.0981 0.1005 0.0157
vt 0.0981 0.0877 0.0168
vt 0.0981 0.0751 0.0175
vt 0.0981 0.0624 0.0175
vt 0.0981 0.0497 0.0167
vt 0.0916 0.0369 -0.0323
vt 0.0916 0.0240 -0.0331
vt 0.0916 0.0111 -0.0334
vt 0.0916 0.2415 -0.0334
vt 0.0916 0.2286 -0.0330
vt 0.0916 0.2157 -0.0321
vt 0.0916 0.2029 -0.0312
vt 0.0916 0.1903 -0.0306
vt 0.0916 0.1776 -0.0306
vt 0.0916 0.1649 -0.0313
vt 0.0916 0.1521 -0.0323
vt 0.0916 0.1392 -0.0331
vt 0.0916 0.1263 -0.0334
vt 0.0916 0.1134 -0.0330
vt 0.0916 0.1005 -0.0321
vt 0.0916 0.0877 -0.0312
vt 0.0916 0.0751 -0.0306
vt 0.0916 0.0624 -0.0306
vt 0.0916 0.0497 -0.0313
vt 0.0858 0.0369 -0.0569
vt 0.0858 0.0240 -0.0577
vt 0.0858 0.0111 -0.0579
vt 0.0858 0.2415 -0.0579
vt 0.0858 0.2286 -0.0576
vt 0.0858 0.2157 -0.0568
vt 0.0858 0.2029 -0.0559
vt 0.0858 0.1903 -0.0554
vt 0.0858 0.1776 -0.0554
vt 0.0858 0.1649 -0.0560
vt 0.0858 0.1521 -0.0569
vt 0.0858 0.1392 -0.0577
vt 0.0858 0.1263 -0.0579
vt 0.0858 0.1134 -0.0576
vt 0.0858 0.1005 -0.0568
vt 0.0858 0.0877 -0.0559
vt 0.0858 0.0751 -0.0554
vt 0.0858 0.0624 -0.0554
vt 0.0858 0.0497 -0.0560
vt 0.0762 0.0369 -0.0569
vt 0.0762 0.0240 -0.0577
vt 0.0810 0.0240 -0.0640
vt 0.0810 0.0369 -0.0633
vt 0.0762 0.0111 -0.0579
vt 0.0810 0.0111 -0.0643
vt 0.0762 0.2415 -0.0579
vt 0.0762 0.2286 -0.0576
vt 0.0810 0.2286 -0.0640
vt 0.0810 0.2415 -0.0643
vt 0.0762 0.2157 -0.0568
vt 0.0810 0.2157 -0.0632
vt 0.0762 0.2029 -0.0559
vt 0.0810 0.2029 -0.0623
vt 0.0762 0.1903 -0.0554
vt 0.0810 0.1903 -0.0618
vt 0.0762 0.1776 -0.0554
vt 0.0810 0.1776 -0.0618
vt 0.0762 0.1649 -0.0560
vt 0.0810 0.1649 -0.0624
vt 0.0762 0.1521 -0.0569
vt 0.0810 0.1521 -0.0633
vt 0.0762 0.1392 -0.0577
vt 0.0810 0.1392 -0.0640
vt 0.0762 0.1263 -0.0579
vt 0.0810 0.1263 -0.0643
vt 0.0762 0.1134 -0.0576
vt 0.0810 0.1134 -0.0640
vt 0.0762 0.1005 -0.0568
vt 0.0810 0.1005 -0.0632
vt 0.0762 0.0877 -0.0559
vt 0.0810 0.0877 -0.0623
vt 0.0762 0.0751 -0.0554
vt 0.0810 0.0751 -0.0618
vt 0.0762 0.0624 -0.0554
vt 0.0810 0.0624 -0.0618
vt 0.0762 0.0497 -0.0560
vt 0.0810 0.0497 -0.0624
vt 0.0698 0.0369 -0.0323
vt 0.0698 0.0240 -0.0331
vt 0.0698 0.0111 -0.0334
vt 0.0698 0.2415 -0.0334
vt 0.0698 0.2286 -0.0330
vt 0.0698 0.2157 -0.0321
vt 0.0698 0.2029 -0.0312
vt 0.0698 0.1903 -0.0306
vt 0.0698 0.1776 -0.0306
vt 0.0698 0.1649 -0.0313
vt 0.0698 0.1521 -0.0323
vt 0.0698 0.1392 -0.0331
vt 0.0698 0.1263 -0.0334
vt 0.0698 0.1134 -0.0330
vt 0.0698 0.1005 -0.0321
vt 0.0698 0.0877 -0.0312
vt 0.0698 0.0751 -0.0306
vt 0.0698 0.0624 -0.0306
vt 0.0698 0.0497 -0.0313
vt 0.0668 0.0369 0.0055
vt 0.0668 0.0240 0.0045
vt 0.0668 0.0111 0.0042
vt 0.0668 0.2415 0.0042
vt 0.0668 0.2286 0.0046
vt 0.0668 0.2157 0.0056
vt 0.0668 0.2029 0.0067
vt 0.0668 0.1903 0.0074
vt 0.0668 0.1776 0.0074
vt 0.0668 0.1649 0.0066
vt 0.0668 0.1521 0.0055
vt 0.0668 0.1392 0.0045
vt 0.0668 0.1263 0.0042
vt 0.0668 0.1134 0.0046
vt 0.0668 0.1005 0.0056
vt 0.0668 0.0877 0.0067
vt 0.0668 0.0751 0.0074
vt 0.0668 0.0624 0.0074
vt 0.0668 0.0497 0.0066
vt 0.0497 0.0369 0.0055
vt 0.0497 0.0240 0.0045
vt 0.0497 0.0111 0.0042
vt 0.0497 0.2415 0.0042
vt 0.0497 0.2286 0.0046
vt 0.0497 0.2157 0.0056
vt 0.0497 0.2029 0.0067
vt 0.0497 0.1903 0.0074
vt 0.0497 0.1776 0.0074
vt 0.0497 0.1649 0.0066
vt 0.0497 0.1521 0.0055
vt 0.0497 0.1392 0.0045
vt 0.0497 0.1263 0.0042
vt 0.0497 0.1134 0.0046
vt 0.0497 0.1005 0.0056
vt 0.0497 0.0877 0.0067
vt 0.0497 0.0751 0.0074
vt 0.0497 0.0624 0.0074
vt 0.0497 0.0497 0.0066
vt 0.0454 0.0369 0.0312
vt 0.0430 0.0369 0.0358
vt 0.0430 0.0242 0.0342
vt 0.0454 0.0240 0.0302
vt 0.0430 0.0114 0.0325
vt 0.0454 0.0111 0.0298
vt 0.0454 0.2415 0.0298
vt 0.0430 0.2418 0.0325
vt 0.0430 0.2288 0.0314
vt 0.0454 0.2286 0.0303
vt 0.0430 0.2158 0.0315
vt 0.0454 0.2157 0.0314
vt 0.0430 0.2029 0.0327
vt 0.0454 0.2029 0.0326
vt 0.0430 0.1900 0.0345
vt 0.0454 0.1903 0.0334
vt 0.0430 0.1773 0.0360
vt 0.0454 0.1776 0.0333
vt 0.0430 0.1647 0.0365
vt 0.0454 0.1649 0.0325
vt 0.0430 0.1521 0.0358
vt 0.0454 0.1521 0.0312
vt 0.0430 0.1394 0.0342
vt 0.0454 0.1392 0.0302
vt 0.0430 0.1266 0.0325
vt 0.0454 0.1263 0.0298
vt 0.0430 0.1136 0.0314
vt 0.0454 0.1134 0.0303
vt 0.0430 0.1006 0.0315
vt 0.0454 0.1005 0.0314
vt 0.0430 0.0877 0.0327
vt 0.0454 0.0877 0.0326
vt 0.0430 0.0748 0.0345
vt 0.0454 0.0751 0.0334
vt 0.0430 0.0621 0.0360
vt 0.0454 0.0624 0.0333
vt 0.0430 0.0495 0.0365
vt 0.0454 0.0497 0.0325
vt 0.0382 0.0369 0.0055
vt 0.0382 0.0240 0.0045
vt 0.0407 0.0240 0.0302
vt 0.0407 0.0369 0.0312
vt 0.0382 0.0111 0.0042
vt 0.0407 0.0111 0.0298
vt 0.0382 0.2415 0.0042
vt 0.0382 0.2286 0.0046
vt 0.0407 0.2286 0.0303
vt 0.0407 0.2415 0.0298
vt 0.0382 0.2157 0.0056
vt 0.0407 0.2157 0.0314
vt 0.0382 0.2029 0.0067
vt 0.0407 0.2029 0.0326
vt 0.0382 0.1903 0.0074
vt 0.0407 0.1903 0.0334
vt 0.0382 0.1776 0.0074
vt 0.0407 0.1776 0.0333
vt 0.0382 0.1649 0.0066
vt 0.0407 0.1649 0.0325
vt 0.0382 0.1521 0.0055
vt 0.0407 0.1521 0.0312
vt 0.0382 0.1392 0.0045
vt 0.0407 0.1392 0.0302
vt 0.0382 0.1263 0.0042
vt 0.0407 0.1263 0.0298
vt 0.0382 0.1134 0.0046
vt 0.0407 0.1134 0.0303
vt 0.0382 0.1005 0.0056
vt 0.0407 0.1005 0.0314
vt 0.0382 0.0877 0.0067
vt 0.0407 0.0877 0.0326
vt 0.0382 0.0751 0.0074
vt 0.0407 0.0751 0.0334
vt 0.0382 0.0624 0.0074
vt 0.0407 0.0624 0.0333
vt 0.0382 0.0497 0.0066
vt 0.0407 0.0497 0.0325
vt 0.0277 0.0369 0.0055
vt 0.0277 0.0240 0.0045
vt 0.0277 0.0111 0.0042
vt 0.0277 0.2415 0.0042
vt 0.0277 0.2286 0.0046
vt 0.0277 0.2157 0.0056
vt 0.0277 0.2029 0.0067
vt 0.0277 0.1903 0.0074
vt 0.0277 0.1776 0.0074
vt 0.0277 0.1649 0.0066
vt 0.0277 0.1521 0.0055
vt 0.0277 0.1392 0.0045
vt 0.0277 0.1263 0.0042
vt 0.0277 0.1134 0.0046
vt 0.0277 0.1005 0.0056
vt 0.0277 0.0877 0.0067
vt 0.0277 0.0751 0.0074
vt 0.0277 0.0624 0.0074
vt 0.0277 0.0497 0.0066
vt 0.0092 0.0369 0.0256
vt 0.0092 0.0240 0.0246
vt 0.0236 0.0240 0.0246
vt 0.0236 0.0369 0.0256
vt 0.0092 0.0111 0.0242
vt 0.0236 0.0111 0.0242
vt 0.0092 0.2415 0.0242
vt 0.0092 0.2286 0.0247
vt 0.0236 0.2286 0.0247
vt 0.0236 0.2415 0.0242
vt 0.0092 0.2157 0.0258
vt 0.0236 0.2157 0.0258
vt 0.0092 0.2029 0.0270
vt 0.0236 0.2029 0.0270
vt 0.0092 0.1903 0.0277
vt 0.0236 0.1903 0.0277
vt 0.0092 0.1776 0.0277
vt 0.0236 0.1776 0.0277
vt 0.0092 0.1649 0.0268
vt 0.0236 0.1649 0.0268
vt 0.0092 0.1521 0.0256
vt 0.0236 0.1521 0.0256
vt 0.0092 0.1392 0.0246
vt 0.0236 0.1392 0.0246
vt 0.0092 0.1263 0.0242
vt 0.0236 0.1263 0.0242
vt 0.0092 0.1134 0.0247
vt 0.0236 0.1134 0.0247
vt 0.0092 0.1005 0.0258
vt 0.0236 0.1005 0.0258
vt 0.0092 0.0877 0.0270
vt 0.0236 0.0877 0.0270
vt 0.0092 0.0751 0.0277
vt 0.0236 0.0751 0.0277
vt 0.0092 0.0624 0.0277
vt 0.0236 0.0624 0.0277
vt 0.0092 0.0497 0.0268
vt 0.0236 0.0497 0.0268
vt 0.8998 0.2997 36.4174
vt 0.9030 0.3155 36.4174
vt 0.8988 0.3172 36.4174
vt 0.8950 0.2997 -36.4174
vt 0.9113 0.3289 36.4174
vt 0.9080 0.3318 36.4174
vt 0.9233 0.3385 36.4174
vt 0.9212 0.3423 36.4174
vt 0.9378 0.3436 36.4174
vt 0.9371 0.3479 36.4174
vt 0.9531 0.3436 36.4174
vt 0.9538 0.3479 36.4174
vt 0.9675 0.3385 36.4174
vt 0.9697 0.3423 36.4174
vt 0.9796 0.3289 36.4174
vt 0.9829 0.3318 36.4174
vt 0.9879 0.3155 36.4174
vt 0.9921 0.3172 36.4174
vt 0.9911 0.2997 36.4174
vt 0.9959 0.2997 -36.4174
vt 0.9879 0.2839 36.4174
vt 0.9921 0.2822 36.4174
vt 0.9796 0.2705 36.4174
vt 0.9829 0.2676 36.4174
vt 0.9676 0.2609 36.4174
vt 0.9697 0.2570 36.4174
vt 0.9531 0.2558 36.4174
vt 0.9538 0.2515 36.4174
vt 0.9378 0.2558 36.4174
vt 0.9371 0.2515 36.4174
vt 0.9233 0.2609 36.4174
vt 0.9212 0.2570 36.4174
vt 0.9113 0.2705 36.4174
vt 0.9080 0.2676 36.4174
vt 0.9030 0.2839 36.4174
vt 0.8988 0.2822 36.4174
vt 0.9036 0.2997 36.4174
vt 0.9064 0.3141 36.4174
vt 0.9140 0.3265 36.4174
vt 0.9251 0.3354 36.4174
vt 0.9384 0.3401 36.4174
vt 0.9525 0.3401 36.4174
vt 0.9658 0.3354 36.4174
vt 0.9769 0.3265 36.4174
vt 0.9845 0.3142 36.4174
vt 0.9873 0.2997 36.4174
vt 0.9845 0.2853 36.4174
vt 0.9769 0.2729 36.4174
vt 0.9658 0.2640 36.4174
vt 0.9525 0.2593 36.4174
vt 0.9384 0.2593 36.4174
vt 0.9251 0.2640 36.4174
vt 0.9140 0.2729 36.4174
vt 0.9064 0.2852 36.4174
vt 0.9126 0.2996 36.4174
vt 0.9147 0.3109 36.4174
vt 0.9205 0.3207 36.4174
vt 0.9293 0.3278 36.4174
vt 0.9398 0.3316 36.4174
vt 0.9510 0.3316 36.4174
vt 0.9616 0.3279 36.4174
vt 0.9703 0.3208 36.4174
vt 0.9762 0.3110 36.4174
vt 0.9783 0.2997 36.4174
vt 0.9762 0.2885 36.4174
vt 0.9704 0.2787 36.4174
vt 0.9616 0.2715 36.4174
vt 0.9511 0.2678 36.4174
vt 0.9399 0.2678 36.4174
vt 0.9293 0.2715 36.4174
vt 0.9206 0.2786 36.4174
vt 0.9147 0.2884 36.4174
vt 0.9241 0.2996 36.4174
vt 0.9254 0.3069 36.4174
vt 0.9291 0.3133 36.4174
vt 0.9348 0.3180 36.4174
vt 0.9417 0.3206 36.4174
vt 0.9490 0.3206 36.4174
vt 0.9560 0.3181 36.4174
vt 0.9617 0.3135 36.4174
vt 0.9654 0.3071 36.4174
vt 0.9668 0.2998 36.4174
vt 0.9655 0.2925 36.4174
vt 0.9618 0.2861 36.4174
vt 0.9561 0.2814 36.4174
vt 0.9492 0.2788 36.4174
vt 0.9419 0.2788 36.4174
vt 0.9349 0.2813 36.4174
vt 0.9292 0.2859 36.4174
vt 0.9254 0.2923 36.4174
vt 0.9319 0.2996 36.4174
vt 0.9327 0.3042 36.4174
vt 0.9351 0.3083 36.4174
vt 0.9386 0.3113 36.4174
vt 0.9430 0.3129 36.4174
vt 0.9477 0.3129 36.4174
vt 0.9521 0.3114 36.4174
vt 0.9557 0.3084 36.4174
vt 0.9581 0.3044 36.4174
vt 0.9589 0.2998 36.4174
vt 0.9582 0.2952 36.4174
vt 0.9558 0.2911 36.4174
vt 0.9523 0.2881 36.4174
vt 0.9479 0.2865 36.4174
vt 0.9432 0.2865 36.4174
vt 0.9388 0.2880 36.4174
vt 0.9352 0.2910 36.4174
vt 0.9328 0.2950 36.4174
vt 0.9382 0.2996 36.4174
vt 0.9386 0.3021 36.4174
vt 0.9399 0.3042 36.4174
vt 0.9418 0.3059 36.4174
vt 0.9441 0.3067 36.4174
vt 0.9466 0.3068 36.4174
vt 0.9490 0.3059 36.4174
vt 0.9509 0.3044 36.4174
vt 0.9522 0.3022 36.4174
vt 0.9526 0.2998 36.4174
vt 0.9522 0.2973 36.4174
vt 0.9510 0.2951 36.4174
vt 0.9491 0.2935 36.4174
vt 0.9468 0.2926 36.4174
vt 0.9443 0.2926 36.4174
vt 0.9419 0.2934 36.4174
vt 0.9400 0.2950 36.4174
vt 0.9387 0.2972 36.4174
vt 0.9454 0.2997 36.4174
vt 0.5533 0.0369 -0.0852
vt 0.5533 0.0240 -0.0859
vt 0.5652 0.0240 0.0159
vt 0.5652 0.0369 0.0169
vt 0.5533 0.0111 -0.0861
vt 0.5652 0.0111 0.0156
vt 0.5533 0.2415 -0.0861
vt 0.5533 0.2286 -0.0858
vt 0.5652 0.2286 0.0160
vt 0.5652 0.2415 0.0156
vt 0.5533 0.2157 -0.0851
vt 0.5652 0.2157 0.0171
vt 0.5533 0.2029 -0.0843
vt 0.5652 0.2029 0.0182
vt 0.5533 0.1903 -0.0838
vt 0.5652 0.1903 0.0190
vt 0.5533 0.1776 -0.0839
vt 0.5652 0.1776 0.0189
vt 0.5533 0.1649 -0.0844
vt 0.5652 0.1649 0.0181
vt 0.5533 0.1521 -0.0852
vt 0.5652 0.1521 0.0169
vt 0.5533 0.1392 -0.0859
vt 0.5652 0.1392 0.0159
vt 0.5533 0.1263 -0.0861
vt 0.5652 0.1263 0.0156
vt 0.5533 0.1134 -0.0858
vt 0.5652 0.1134 0.0160
vt 0.5533 0.1005 -0.0851
vt 0.5652 0.1005 0.0171
vt 0.5533 0.0877 -0.0843
vt 0.5652 0.0877 0.0182
vt 0.5533 0.0751 -0.0838
vt 0.5652 0.0751 0.0190
vt 0.5533 0.0624 -0.0839
vt 0.5652 0.0624 0.0189
vt 0.5533 0.0497 -0.0844
vt 0.5652 0.0497 0.0181
vt 0.6674 0.0240 -0.0666
vt 0.6674 0.0369 -0.0659
vt 0.6674 0.0111 -0.0669
vt 0.6674 0.2286 -0.0665
vt 0.6674 0.2415 -0.0669
vt 0.6674 0.2157 -0.0658
vt 0.6674 0.2029 -0.0649
vt 0.6674 0.1903 -0.0644
vt 0.6674 0.1776 -0.0644
vt 0.6674 0.1649 -0.0650
vt 0.6674 0.1521 -0.0659
vt 0.6674 0.1392 -0.0666
vt 0.6674 0.1263 -0.0669
vt 0.6674 0.1134 -0.0665
vt 0.6674 0.1005 -0.0658
vt 0.6674 0.0877 -0.0649
vt 0.6674 0.0751 -0.0644
vt 0.6674 0.0624 -0.0644
vt 0.6674 0.0497 -0.0650
vt 0.6859 0.0240 -0.0339
vt 0.6859 0.0369 -0.0330
vt 0.6859 0.0111 -0.0342
vt 0.6859 0.2286 -0.0338
vt 0.6859 0.2415 -0.0342
vt 0.6859 0.2157 -0.0329
vt 0.6859 0.2029 -0.0319
vt 0.6859 0.1903 -0.0313
vt 0.6859 0.1776 -0.0314
vt 0.6859 0.1649 -0.0320
vt 0.6859 0.1521 -0.0330
vt 0.6859 0.1392 -0.0339
vt 0.6859 0.1263 -0.0342
vt 0.6859 0.1134 -0.0338
vt 0.6859 0.1005 -0.0329
vt 0.6859 0.0877 -0.0319
vt 0.6859 0.0751 -0.0313
vt 0.6859 0.0624 -0.0314
vt 0.6859 0.0497 -0.0320
vt 0.6913 0.0240 -0.0339
vt 0.6913 0.0369 -0.0330
vt 0.6913 0.0111 -0.0342
vt 0.6913 0.2286 -0.0338
vt 0.6913 0.2415 -0.0342
vt 0.6913 0.2157 -0.0329
vt 0.6913 0.2029 -0.0319
vt 0.6913 0.1903 -0.0313
vt 0.6913 0.1776 -0.0314
vt 0.6913 0.1649 -0.0320
vt 0.6913 0.1521 -0.0330
vt 0.6913 0.1392 -0.0339
vt 0.6913 0.1263 -0.0342
vt 0.6913 0.1134 -0.0338
vt 0.6913 0.1005 -0.0329
vt 0.6913 0.0877 -0.0319
vt 0.6913 0.0751 -0.0313
vt 0.6913 0.0624 -0.0314
vt 0.6913 0.0497 -0.0320
vt 0.7059 0.0240 -0.0964
vt 0.7059 0.0369 -0.0958
vt 0.7059 0.0111 -0.0966
vt 0.7059 0.2286 -0.0963
vt 0.7059 0.2415 -0.0966
vt 0.7059 0.2157 -0.0957
vt 0.7059 0.2029 -0.0949
vt 0.7059 0.1903 -0.0945
vt 0.7059 0.1776 -0.0945
vt 0.7059 0.1649 -0.0950
vt 0.7059 0.1521 -0.0958
vt 0.7059 0.1392 -0.0964
vt 0.7059 0.1263 -0.0966
vt 0.7059 0.1134 -0.0963
vt 0.7059 0.1005 -0.0957
vt 0.7059 0.0877 -0.0949
vt 0.7059 0.0751 -0.0945
vt 0.7059 0.0624 -0.0945
vt 0.7059 0.0497 -0.0950
vt 0.7171 0.0240 -0.0358
vt 0.7171 0.0369 -0.0349
vt 0.7171 0.0111 -0.0360
vt 0.7171 0.2286 -0.0357
vt 0.7171 0.2415 -0.0360
vt 0.7171 0.2157 -0.0348
vt 0.7171 0.2029 -0.0338
vt 0.7171 0.1903 -0.0332
vt 0.7171 0.1776 -0.0333
vt 0.7171 0.1649 -0.0339
vt 0.7171 0.1521 -0.0349
vt 0.7171 0.1392 -0.0357
vt 0.7171 0.1263 -0.0360
vt 0.7171 0.1134 -0.0357
vt 0.7171 0.1005 -0.0348
vt 0.7171 0.0877 -0.0338
vt 0.7171 0.0751 -0.0332
vt 0.7171 0.0624 -0.0333
vt 0.7171 0.0497 -0.0339
vt 0.7315 0.0240 0.0097
vt 0.7315 0.0369 0.0106
vt 0.7315 0.0111 0.0093
vt 0.7315 0.2286 0.0098
vt 0.7315 0.2415 0.0093
vt 0.7315 0.2157 0.0108
vt 0.7315 0.2029 0.0119
vt 0.7315 0.1903 0.0126
vt 0.7315 0.1776 0.0126
vt 0.7315 0.1649 0.0118
vt 0.7315 0.1521 0.0106
vt 0.7315 0.1392 0.0097
vt 0.7315 0.1263 0.0093
vt 0.7315 0.1134 0.0098
vt 0.7315 0.1005 0.0108
vt 0.7315 0.0877 0.0119
vt 0.7315 0.0751 0.0126
vt 0.7315 0.0624 0.0126
vt 0.7315 0.0497 0.0118
vt 0.7494 0.0240 0.0359
vt 0.7494 0.0369 0.0370
vt 0.7349 0.0369 0.0370
vt 0.7349 0.0240 0.0359
vt 0.7494 0.0111 0.0356
vt 0.7349 0.0111 0.0356
vt 0.7494 0.2286 0.0361
vt 0.7494 0.2415 0.0356
vt 0.7349 0.2415 0.0356
vt 0.7349 0.2286 0.0361
vt 0.7494 0.2157 0.0372
vt 0.7349 0.2157 0.0372
vt 0.7494 0.2029 0.0384
vt 0.7349 0.2029 0.0384
vt 0.7494 0.1903 0.0392
vt 0.7349 0.1903 0.0392
vt 0.7494 0.1776 0.0391
vt 0.7349 0.1776 0.0391
vt 0.7494 0.1649 0.0383
vt 0.7349 0.1649 0.0383
vt 0.7494 0.1521 0.0370
vt 0.7349 0.1521 0.0370
vt 0.7494 0.1392 0.0359
vt 0.7349 0.1392 0.0359
vt 0.7494 0.1263 0.0356
vt 0.7349 0.1263 0.0356
vt 0.7494 0.1134 0.0361
vt 0.7349 0.1134 0.0361
vt 0.7494 0.1005 0.0372
vt 0.7349 0.1005 0.0372
vt 0.7494 0.0877 0.0384
vt 0.7349 0.0877 0.0384
vt 0.7494 0.0751 0.0392
vt 0.7349 0.0751 0.0392
vt 0.7494 0.0624 0.0391
vt 0.7349 0.0624 0.0391
vt 0.7494 0.0497 0.0383
vt 0.7349 0.0497 0.0383
vt 0.7609 0.0240 -0.0124
vt 0.7609 0.0369 -0.0115
vt 0.7562 0.0369 -0.0026
vt 0.7562 0.0240 -0.0035
vt 0.7609 0.0111 -0.0127
vt 0.7562 0.0111 -0.0038
vt 0.7609 0.2286 -0.0123
vt 0.7609 0.2415 -0.0127
vt 0.7562 0.2415 -0.0038
vt 0.7562 0.2286 -0.0034
vt 0.7609 0.2157 -0.0113
vt 0.7562 0.2157 -0.0024
vt 0.7609 0.2029 -0.0103
vt 0.7562 0.2029 -0.0013
vt 0.7609 0.1903 -0.0096
vt 0.7562 0.1903 -0.0007
vt 0.7609 0.1776 -0.0097
vt 0.7562 0.1776 -0.0007
vt 0.7609 0.1649 -0.0104
vt 0.7562 0.1649 -0.0015
vt 0.7609 0.1521 -0.0115
vt 0.7562 0.1521 -0.0026
vt 0.7609 0.1392 -0.0124
vt 0.7562 0.1392 -0.0035
vt 0.7609 0.1263 -0.0127
vt 0.7562 0.1263 -0.0038
vt 0.7609 0.1134 -0.0123
vt 0.7562 0.1134 -0.0034
vt 0.7609 0.1005 -0.0113
vt 0.7562 0.1005 -0.0024
vt 0.7609 0.0877 -0.0103
vt 0.7562 0.0877 -0.0013
vt 0.7609 0.0751 -0.0096
vt 0.7562 0.0751 -0.0007
vt 0.7609 0.0624 -0.0097
vt 0.7562 0.0624 -0.0007
vt 0.7609 0.0497 -0.0104
vt 0.7562 0.0497 -0.0015
vt 0.7649 0.0240 -0.0145
vt 0.7649 0.0369 -0.0136
vt 0.7522 0.0369 0.0106
vt 0.7522 0.0240 0.0097
vt 0.7649 0.0111 -0.0149
vt 0.7522 0.0111 0.0093
vt 0.7649 0.2286 -0.0144
vt 0.7649 0.2415 -0.0149
vt 0.7522 0.2415 0.0093
vt 0.7522 0.2286 0.0098
vt 0.7649 0.2157 -0.0135
vt 0.7522 0.2157 0.0108
vt 0.7649 0.2029 -0.0124
vt 0.7522 0.2029 0.0119
vt 0.7649 0.1903 -0.0118
vt 0.7522 0.1903 0.0126
vt 0.7649 0.1776 -0.0119
vt 0.7522 0.1776 0.0126
vt 0.7649 0.1649 -0.0126
vt 0.7522 0.1649 0.0118
vt 0.7649 0.1521 -0.0136
vt 0.7522 0.1521 0.0106
vt 0.7649 0.1392 -0.0145
vt 0.7522 0.1392 0.0097
vt 0.7649 0.1263 -0.0149
vt 0.7522 0.1263 0.0093
vt 0.7649 0.1134 -0.0144
vt 0.7522 0.1134 0.0098
vt 0.7649 0.1005 -0.0135
vt 0.7522 0.1005 0.0108
vt 0.7649 0.0877 -0.0124
vt 0.7522 0.0877 0.0119
vt 0.7649 0.0751 -0.0118
vt 0.7522 0.0751 0.0126
vt 0.7649 0.0624 -0.0119
vt 0.7522 0.0624 0.0126
vt 0.7649 0.0497 -0.0126
vt 0.7522 0.0497 0.0118
vt 0.7686 0.0240 0.0123
vt 0.7686 0.0369 0.0133
vt 0.7686 0.0111 0.0120
vt 0.7686 0.2286 0.0124
vt 0.7686 0.2415 0.0120
vt 0.7686 0.2157 0.0135
vt 0.7686 0.2029 0.0146
vt 0.7686 0.1903 0.0153
vt 0.7686 0.1776 0.0153
vt 0.7686 0.1649 0.0145
vt 0.7686 0.1521 0.0133
vt 0.7686 0.1392 0.0123
vt 0.7686 0.1263 0.0120
vt 0.7686 0.1134 0.0124
vt 0.7686 0.1005 0.0135
vt 0.7686 0.0877 0.0146
vt 0.7686 0.0751 0.0153
vt 0.7686 0.0624 0.0153
vt 0.7686 0.0497 0.0145
vt 0.7736 0.0240 0.0392
vt 0.7860 0.0240 0.0547
vt 0.7860 0.0369 0.0558
vt 0.7736 0.0369 0.0403
vt 0.7736 0.0111 0.0388
vt 0.7860 0.0111 0.0543
vt 0.7736 0.2286 0.0393
vt 0.7860 0.2286 0.0548
vt 0.7860 0.2415 0.0543
vt 0.7736 0.2415 0.0388
vt 0.7736 0.2157 0.0405
vt 0.7860 0.2157 0.0560
vt 0.7736 0.2029 0.0417
vt 0.7860 0.2029 0.0573
vt 0.7736 0.1903 0.0425
vt 0.7860 0.1903 0.0581
vt 0.7736 0.1776 0.0424
vt 0.7860 0.1776 0.0580
vt 0.7736 0.1649 0.0416
vt 0.7860 0.1649 0.0571
vt 0.7736 0.1521 0.0403
vt 0.7860 0.1521 0.0558
vt 0.7736 0.1392 0.0392
vt 0.7860 0.1392 0.0547
vt 0.7736 0.1263 0.0388
vt 0.7860 0.1263 0.0543
vt 0.7736 0.1134 0.0393
vt 0.7860 0.1134 0.0548
vt 0.7736 0.1005 0.0405
vt 0.7860 0.1005 0.0560
vt 0.7736 0.0877 0.0417
vt 0.7860 0.0877 0.0573
vt 0.7736 0.0751 0.0425
vt 0.7860 0.0751 0.0581
vt 0.7736 0.0624 0.0424
vt 0.7860 0.0624 0.0580
vt 0.7736 0.0497 0.0416
vt 0.7860 0.0497 0.0571
vt 0.7957 0.0240 0.0880
vt 0.7957 0.0369 0.0893
vt 0.7957 0.0111 0.0876
vt 0.7957 0.2286 0.0882
vt 0.7957 0.2415 0.0876
vt 0.7957 0.2157 0.0895
vt 0.7957 0.2029 0.0909
vt 0.7957 0.1903 0.0918
vt 0.7957 0.1776 0.0917
vt 0.7957 0.1649 0.0907
vt 0.7957 0.1521 0.0893
vt 0.7957 0.1392 0.0880
vt 0.7957 0.1263 0.0876
vt 0.7957 0.1134 0.0882
vt 0.7957 0.1005 0.0895
vt 0.7957 0.0877 0.0909
vt 0.7957 0.0751 0.0918
vt 0.7957 0.0624 0.0917
vt 0.7957 0.0497 0.0907
vt 0.7983 0.0369 0.0982
vt 0.7983 0.0240 0.0969
vt 0.8005 0.0240 0.0927
vt 0.8005 0.0369 0.0940
vt 0.7983 0.0111 0.0965
vt 0.8005 0.0111 0.0923
vt 0.7983 0.2415 0.0965
vt 0.7983 0.2286 0.0971
vt 0.8005 0.2286 0.0929
vt 0.8005 0.2415 0.0923
vt 0.7983 0.2157 0.0984
vt 0.8005 0.2157 0.0942
vt 0.7983 0.2029 0.0999
vt 0.8005 0.2029 0.0956
vt 0.7983 0.1903 0.1008
vt 0.8005 0.1903 0.0965
vt 0.7983 0.1776 0.1007
vt 0.8005 0.1776 0.0965
vt 0.7983 0.1649 0.0997
vt 0.8005 0.1649 0.0955
vt 0.7983 0.1521 0.0982
vt 0.8005 0.1521 0.0940
vt 0.7983 0.1392 0.0969
vt 0.8005 0.1392 0.0927
vt 0.7983 0.1263 0.0965
vt 0.8005 0.1263 0.0923
vt 0.7983 0.1134 0.0971
vt 0.8005 0.1134 0.0929
vt 0.7983 0.1005 0.0984
vt 0.8005 0.1005 0.0942
vt 0.7983 0.0877 0.0999
vt 0.8005 0.0877 0.0956
vt 0.7983 0.0751 0.1008
vt 0.8005 0.0751 0.0965
vt 0.7983 0.0624 0.1007
vt 0.8005 0.0624 0.0965
vt 0.7983 0.0497 0.0997
vt 0.8005 0.0497 0.0955
vt 0.8615 0.0240 -0.0810
vt 0.8615 0.0369 -0.0803
vt 0.8615 0.0111 -0.0813
vt 0.8615 0.2286 -0.0809
vt 0.8615 0.2415 -0.0813
vt 0.8615 0.2157 -0.0802
vt 0.8615 0.2029 -0.0794
vt 0.8615 0.1903 -0.0789
vt 0.8615 0.1776 -0.0790
vt 0.8615 0.1649 -0.0795
vt 0.8615 0.1521 -0.0803
vt 0.8615 0.1392 -0.0810
vt 0.8615 0.1263 -0.0813
vt 0.8615 0.1134 -0.0809
vt 0.8615 0.1005 -0.0802
vt 0.8615 0.0877 -0.0794
vt 0.8615 0.0751 -0.0789
vt 0.8615 0.0624 -0.0790
vt 0.8615 0.0497 -0.0795
vt 0.8762 0.0240 0.0437
vt 0.8762 0.0369 0.0448
vt 0.8762 0.0111 0.0433
vt 0.8762 0.2286 0.0438
vt 0.8762 0.2415 0.0433
vt 0.8762 0.2157 0.0449
vt 0.8762 0.2029 0.0462
vt 0.8762 0.1903 0.0470
vt 0.8762 0.1776 0.0469
vt 0.8762 0.1649 0.0460
vt 0.8762 0.1521 0.0448
vt 0.8762 0.1392 0.0437
vt 0.8762 0.1263 0.0433
vt 0.8762 0.1134 0.0438
vt 0.8762 0.1005 0.0449
vt 0.8762 0.0877 0.0462
vt 0.8762 0.0751 0.0470
vt 0.8762 0.0624 0.0469
vt 0.8762 0.0497 0.0460
vt 0.8803 0.0240 0.0802
vt 0.8803 0.0369 0.0814
vt 0.8789 0.0369 0.0701
vt 0.8789 0.0240 0.0689
vt 0.8803 0.0111 0.0798
vt 0.8789 0.0111 0.0685
vt 0.8803 0.2286 0.0803
vt 0.8803 0.2415 0.0798
vt 0.8789 0.2415 0.0685
vt 0.8789 0.2286 0.0690
vt 0.8803 0.2157 0.0816
vt 0.8789 0.2157 0.0703
vt 0.8803 0.2029 0.0830
vt 0.8789 0.2029 0.0716
vt 0.8803 0.1903 0.0839
vt 0.8789 0.1903 0.0725
vt 0.8803 0.1776 0.0838
vt 0.8789 0.1776 0.0724
vt 0.8803 0.1649 0.0828
vt 0.8789 0.1649 0.0715
vt 0.8803 0.1521 0.0814
vt 0.8789 0.1521 0.0701
vt 0.8803 0.1392 0.0802
vt 0.8789 0.1392 0.0689
vt 0.8803 0.1263 0.0798
vt 0.8789 0.1263 0.0685
vt 0.8803 0.1134 0.0803
vt 0.8789 0.1134 0.0690
vt 0.8803 0.1005 0.0816
vt 0.8789 0.1005 0.0703
vt 0.8803 0.0877 0.0830
vt 0.8789 0.0877 0.0716
vt 0.8803 0.0751 0.0839
vt 0.8789 0.0751 0.0725
vt 0.8803 0.0624 0.0838
vt 0.8789 0.0624 0.0724
vt 0.8803 0.0497 0.0828
vt 0.8789 0.0497 0.0715
vt 0.8872 0.0240 0.0879
vt 0.8872 0.0369 0.0891
vt 0.8844 0.0369 0.0990
vt 0.8844 0.0240 0.0977
vt 0.8872 0.0111 0.0875
vt 0.8844 0.0111 0.0973
vt 0.8872 0.2286 0.0880
vt 0.8872 0.2415 0.0875
vt 0.8844 0.2415 0.0973
vt 0.8844 0.2286 0.0979
vt 0.8872 0.2157 0.0893
vt 0.8844 0.2157 0.0992
vt 0.8872 0.2029 0.0908
vt 0.8844 0.2029 0.1007
vt 0.8872 0.1903 0.0916
vt 0.8844 0.1903 0.1016
vt 0.8872 0.1776 0.0916
vt 0.8844 0.1776 0.1015
vt 0.8872 0.1649 0.0906
vt 0.8844 0.1649 0.1005
vt 0.8872 0.1521 0.0891
vt 0.8844 0.1521 0.0990
vt 0.8872 0.1392 0.0879
vt 0.8844 0.1392 0.0977
vt 0.8872 0.1263 0.0875
vt 0.8844 0.1263 0.0973
vt 0.8872 0.1134 0.0880
vt 0.8844 0.1134 0.0979
vt 0.8872 0.1005 0.0893
vt 0.8844 0.1005 0.0992
vt 0.8872 0.0877 0.0908
vt 0.8844 0.0877 0.1007
vt 0.8872 0.0751 0.0916
vt 0.8844 0.0751 0.1016
vt 0.8872 0.0624 0.0916
vt 0.8844 0.0624 0.1015
vt 0.8872 0.0497 0.0906
vt 0.8844 0.0497 0.1005
vt 0.8888 0.0369 0.0814
vt 0.8888 0.0240 0.0802
vt 0.8940 0.0240 0.0100
vt 0.8940 0.0369 0.0110
vt 0.8888 0.0111 0.0798
vt 0.8940 0.0111 0.0097
vt 0.8888 0.2415 0.0798
vt 0.8888 0.2286 0.0803
vt 0.8940 0.2286 0.0101
vt 0.8940 0.2415 0.0097
vt 0.8888 0.2157 0.0816
vt 0.8940 0.2157 0.0112
vt 0.8888 0.2029 0.0830
vt 0.8940 0.2029 0.0123
vt 0.8888 0.1903 0.0839
vt 0.8940 0.1903 0.0130
vt 0.8888 0.1776 0.0838
vt 0.8940 0.1776 0.0129
vt 0.8888 0.1649 0.0828
vt 0.8940 0.1649 0.0121
vt 0.8888 0.1521 0.0814
vt 0.8940 0.1521 0.0110
vt 0.8888 0.1392 0.0802
vt 0.8940 0.1392 0.0100
vt 0.8888 0.1263 0.0798
vt 0.8940 0.1263 0.0097
vt 0.8888 0.1134 0.0803
vt 0.8940 0.1134 0.0101
vt 0.8888 0.1005 0.0816
vt 0.8940 0.1005 0.0112
vt 0.8888 0.0877 0.0830
vt 0.8940 0.0877 0.0123
vt 0.8888 0.0751 0.0839
vt 0.8940 0.0751 0.0130
vt 0.8888 0.0624 0.0838
vt 0.8940 0.0624 0.0129
vt 0.8888 0.0497 0.0828
vt 0.8940 0.0497 0.0121
vt 0.9063 0.0240 -0.0597
vt 0.9063 0.0369 -0.0590
vt 0.9063 0.0111 -0.0600
vt 0.9063 0.2286 -0.0597
vt 0.9063 0.2415 -0.0600
vt 0.9063 0.2157 -0.0589
vt 0.9063 0.2029 -0.0580
vt 0.9063 0.1903 -0.0575
vt 0.9063 0.1776 -0.0575
vt 0.9063 0.1649 -0.0581
vt 0.9063 0.1521 -0.0590
vt 0.9063 0.1392 -0.0597
vt 0.9063 0.1263 -0.0600
vt 0.9063 0.1134 -0.0597
vt 0.9063 0.1005 -0.0589
vt 0.9063 0.0877 -0.0580
vt 0.9063 0.0751 -0.0575
vt 0.9063 0.0624 -0.0575
vt 0.9063 0.0497 -0.0581
vt 0.9163 0.0240 -0.0472
vt 0.9163 0.0369 -0.0464
vt 0.9163 0.0111 -0.0475
vt 0.9163 0.2286 -0.0471
vt 0.9163 0.2415 -0.0475
vt 0.9163 0.2157 -0.0463
vt 0.9163 0.2029 -0.0454
vt 0.9163 0.1903 -0.0448
vt 0.9163 0.1776 -0.0448
vt 0.9163 0.1649 -0.0455
vt 0.9163 0.1521 -0.0464
vt 0.9163 0.1392 -0.0472
vt 0.9163 0.1263 -0.0475
vt 0.9163 0.1134 -0.0471
vt 0.9163 0.1005 -0.0463
vt 0.9163 0.0877 -0.0454
vt 0.9163 0.0751 -0.0448
vt 0.9163 0.0624 -0.0448
vt 0.9163 0.0497 -0.0455
vt 0.9252 0.0369 0.0042
vt 0.9252 0.0240 0.0033
vt 0.9275 0.0240 0.0347
vt 0.9275 0.0369 0.0358
vt 0.9252 0.0111 0.0029
vt 0.9275 0.0111 0.0343
vt 0.9252 0.2415 0.0029
vt 0.9252 0.2286 0.0034
vt 0.9275 0.2286 0.0348
vt 0.9275 0.2415 0.0343
vt 0.9252 0.2157 0.0044
vt 0.9275 0.2157 0.0359
vt 0.9252 0.2029 0.0055
vt 0.9275 0.2029 0.0372
vt 0.9252 0.1903 0.0062
vt 0.9275 0.1903 0.0379
vt 0.9252 0.1776 0.0061
vt 0.9275 0.1776 0.0379
vt 0.9252 0.1649 0.0053
vt 0.9275 0.1649 0.0370
vt 0.9252 0.1521 0.0042
vt 0.9275 0.1521 0.0358
vt 0.9252 0.1392 0.0033
vt 0.9275 0.1392 0.0347
vt 0.9252 0.1263 0.0029
vt 0.9275 0.1263 0.0343
vt 0.9252 0.1134 0.0034
vt 0.9275 0.1134 0.0348
vt 0.9252 0.1005 0.0044
vt 0.9275 0.1005 0.0359
vt 0.9252 0.0877 0.0055
vt 0.9275 0.0877 0.0372
vt 0.9252 0.0751 0.0062
vt 0.9275 0.0751 0.0379
vt 0.9252 0.0624 0.0061
vt 0.9275 0.0624 0.0379
vt 0.9252 0.0497 0.0053
vt 0.9275 0.0497 0.0370
vt 0.9711 0.0240 0.0790
vt 0.9711 0.0369 0.0802
vt 0.9466 0.0369 0.0802
vt 0.9466 0.0240 0.0790
vt 0.9711 0.0111 0.0786
vt 0.9466 0.0111 0.0786
vt 0.9711 0.2286 0.0791
vt 0.9711 0.2415 0.0786
vt 0.9466 0.2415 0.0786
vt 0.9466 0.2286 0.0791
vt 0.9711 0.2157 0.0804
vt 0.9466 0.2157 0.0804
vt 0.9711 0.2029 0.0818
vt 0.9466 0.2029 0.0818
vt 0.9711 0.1903 0.0827
vt 0.9466 0.1903 0.0827
vt 0.9711 0.1776 0.0826
vt 0.9466 0.1776 0.0826
vt 0.9711 0.1649 0.0816
vt 0.9466 0.1649 0.0816
vt 0.9711 0.1521 0.0802
vt 0.9466 0.1521 0.0802
vt 0.9711 0.1392 0.0790
vt 0.9466 0.1392 0.0790
vt 0.9711 0.1263 0.0786
vt 0.9466 0.1263 0.0786
vt 0.9711 0.1134 0.0791
vt 0.9466 0.1134 0.0791
vt 0.9711 0.1005 0.0804
vt 0.9466 0.1005 0.0804
vt 0.9711 0.0877 0.0818
vt 0.9466 0.0877 0.0818
vt 0.9711 0.0751 0.0827
vt 0.9466 0.0751 0.0827
vt 0.9711 0.0624 0.0826
vt 0.9466 0.0624 0.0826
vt 0.9711 0.0497 0.0816
vt 0.9466 0.0497 0.0816
vt 0.9903 0.0240 0.0347
vt 0.9903 0.0369 0.0358
vt 0.9306 0.0369 0.0431
vt 0.9306 0.0240 0.0420
vt 0.9903 0.0111 0.0343
vt 0.9306 0.0111 0.0416
vt 0.9903 0.2286 0.0348
vt 0.9903 0.2415 0.0343
vt 0.9306 0.2415 0.0416
vt 0.9306 0.2286 0.0421
vt 0.9903 0.2157 0.0359
vt 0.9306 0.2157 0.0432
vt 0.9903 0.2029 0.0372
vt 0.9306 0.2029 0.0445
vt 0.9903 0.1903 0.0379
vt 0.9306 0.1903 0.0453
vt 0.9903 0.1776 0.0379
vt 0.9306 0.1776 0.0452
vt 0.9903 0.1649 0.0370
vt 0.9306 0.1649 0.0443
vt 0.9903 0.1521 0.0358
vt 0.9306 0.1521 0.0431
vt 0.9903 0.1392 0.0347
vt 0.9306 0.1392 0.0420
vt 0.9903 0.1263 0.0343
vt 0.9306 0.1263 0.0416
vt 0.9903 0.1134 0.0348
vt 0.9306 0.1134 0.0421
vt 0.9903 0.1005 0.0359
vt 0.9306 0.1005 0.0432
vt 0.9903 0.0877 0.0372
vt 0.9306 0.0877 0.0445
vt 0.9903 0.0751 0.0379
vt 0.9306 0.0751 0.0453
vt 0.9903 0.0624 0.0379
vt 0.9306 0.0624 0.0452
vt 0.9903 0.0497 0.0370
vt 0.9306 0.0497 0.0443
vt 0.8822 0.0369 0.1067
vt 0.8822 0.0240 0.1054
vt 0.8822 0.0111 0.1050
vt 0.8822 0.2415 0.1050
vt 0.8822 0.2286 0.1056
vt 0.8822 0.2157 0.1069
vt 0.8822 0.2029 0.1084
vt 0.8822 0.1903 0.1093
vt 0.8822 0.1776 0.1093
vt 0.8822 0.1649 0.1082
vt 0.8822 0.1521 0.1067
vt 0.8822 0.1392 0.1054
vt 0.8822 0.1263 0.1050
vt 0.8822 0.1134 0.1056
vt 0.8822 0.1005 0.1069
vt 0.8822 0.0877 0.1084
vt 0.8822 0.0751 0.1094
vt 0.8822 0.0624 0.1093
vt 0.8822 0.0497 0.1082
vt 0.4360 0.2844 -0.0109
vt 0.4510 0.2844 -0.0097
vt 0.4510 0.2950 0.0421
vt 0.4360 0.2950 0.0407
vt 0.4209 0.2844 -0.0114
vt 0.4209 0.2950 0.0402
vt 0.6741 0.2844 -0.0108
vt 0.6892 0.2844 -0.0114
vt 0.6892 0.2950 0.0402
vt 0.6741 0.2950 0.0408
vt 0.6591 0.2844 -0.0095
vt 0.6591 0.2950 0.0423
vt 0.6443 0.2844 -0.0081
vt 0.6443 0.2950 0.0439
vt 0.6295 0.2844 -0.0072
vt 0.6295 0.2950 0.0449
vt 0.6148 0.2844 -0.0072
vt 0.6148 0.2950 0.0448
vt 0.6000 0.2844 -0.0082
vt 0.6000 0.2950 0.0437
vt 0.5851 0.2844 -0.0097
vt 0.5851 0.2950 0.0421
vt 0.5701 0.2844 -0.0109
vt 0.5701 0.2950 0.0407
vt 0.5551 0.2844 -0.0114
vt 0.5551 0.2950 0.0402
vt 0.5400 0.2844 -0.0108
vt 0.5400 0.2950 0.0408
vt 0.5250 0.2844 -0.0095
vt 0.5250 0.2950 0.0423
vt 0.5102 0.2844 -0.0081
vt 0.5102 0.2950 0.0439
vt 0.4954 0.2844 -0.0072
vt 0.4954 0.2950 0.0449
vt 0.4807 0.2844 -0.0072
vt 0.4807 0.2950 0.0448
vt 0.4659 0.2844 -0.0082
vt 0.4659 0.2950 0.0437
vt 0.4360 0.2801 -0.0445
vt 0.4510 0.2801 -0.0434
vt 0.4209 0.2801 -0.0449
vt 0.6741 0.2801 -0.0444
vt 0.6892 0.2801 -0.0449
vt 0.6591 0.2801 -0.0432
vt 0.6443 0.2801 -0.0419
vt 0.6295 0.2801 -0.0411
vt 0.6148 0.2801 -0.0412
vt 0.6000 0.2801 -0.0421
vt 0.5851 0.2801 -0.0434
vt 0.5701 0.2801 -0.0445
vt 0.5551 0.2801 -0.0449
vt 0.5400 0.2801 -0.0444
vt 0.5250 0.2801 -0.0432
vt 0.5102 0.2801 -0.0419
vt 0.4954 0.2801 -0.0411
vt 0.4807 0.2801 -0.0412
vt 0.4659 0.2801 -0.0421
vt 0.4360 0.2671 -0.0445
vt 0.4510 0.2671 -0.0434
vt 0.4510 0.2780 -0.0434
vt 0.4360 0.2780 -0.0445
vt 0.4209 0.2671 -0.0449
vt 0.4209 0.2780 -0.0449
vt 0.6741 0.2671 -0.0444
vt 0.6892 0.2671 -0.0449
vt 0.6892 0.2780 -0.0449
vt 0.6741 0.2780 -0.0444
vt 0.6591 0.2671 -0.0432
vt 0.6591 0.2780 -0.0432
vt 0.6443 0.2671 -0.0419
vt 0.6443 0.2780 -0.0419
vt 0.6295 0.2671 -0.0411
vt 0.6295 0.2780 -0.0411
vt 0.6148 0.2671 -0.0412
vt 0.6148 0.2780 -0.0412
vt 0.6000 0.2671 -0.0421
vt 0.6000 0.2780 -0.0421
vt 0.5851 0.2671 -0.0434
vt 0.5851 0.2780 -0.0434
vt 0.5701 0.2671 -0.0445
vt 0.5701 0.2780 -0.0445
vt 0.5551 0.2671 -0.0449
vt 0.5551 0.2780 -0.0449
vt 0.5400 0.2671 -0.0444
vt 0.5400 0.2780 -0.0444
vt 0.5250 0.2671 -0.0432
vt 0.5250 0.2780 -0.0432
vt 0.5102 0.2671 -0.0419
vt 0.5102 0.2780 -0.0419
vt 0.4954 0.2671 -0.0411
vt 0.4954 0.2780 -0.0411
vt 0.4807 0.2671 -0.0412
vt 0.4807 0.2780 -0.0412
vt 0.4659 0.2671 -0.0421
vt 0.4659 0.2780 -0.0421
vt 0.4510 0.2650 -0.0434
vt 0.4360 0.2650 -0.0445
vt 0.4360 0.2623 -0.0143
vt 0.4510 0.2623 -0.0131
vt 0.4209 0.2650 -0.0449
vt 0.4209 0.2623 -0.0147
vt 0.6892 0.2650 -0.0449
vt 0.6741 0.2650 -0.0444
vt 0.6741 0.2623 -0.0141
vt 0.6892 0.2623 -0.0147
vt 0.6591 0.2650 -0.0432
vt 0.6591 0.2623 -0.0129
vt 0.6443 0.2650 -0.0419
vt 0.6443 0.2623 -0.0114
vt 0.6295 0.2650 -0.0411
vt 0.6295 0.2623 -0.0106
vt 0.6148 0.2650 -0.0412
vt 0.6148 0.2623 -0.0106
vt 0.6000 0.2650 -0.0421
vt 0.6000 0.2623 -0.0116
vt 0.5851 0.2650 -0.0434
vt 0.5851 0.2623 -0.0131
vt 0.5701 0.2650 -0.0445
vt 0.5701 0.2623 -0.0143
vt 0.5551 0.2650 -0.0449
vt 0.5551 0.2623 -0.0147
vt 0.5400 0.2650 -0.0444
vt 0.5400 0.2623 -0.0141
vt 0.5250 0.2650 -0.0432
vt 0.5250 0.2623 -0.0129
vt 0.5102 0.2650 -0.0419
vt 0.5102 0.2623 -0.0114
vt 0.4954 0.2650 -0.0411
vt 0.4954 0.2623 -0.0106
vt 0.4807 0.2650 -0.0412
vt 0.4807 0.2623 -0.0106
vt 0.4659 0.2650 -0.0421
vt 0.4659 0.2623 -0.0116
vt 0.4360 0.2555 0.0295
vt 0.4510 0.2555 0.0309
vt 0.4209 0.2555 0.0291
vt 0.6741 0.2555 0.0297
vt 0.6892 0.2555 0.0291
vt 0.6591 0.2555 0.0311
vt 0.6443 0.2555 0.0327
vt 0.6295 0.2555 0.0337
vt 0.6148 0.2555 0.0336
vt 0.6000 0.2555 0.0325
vt 0.5851 0.2555 0.0309
vt 0.5701 0.2555 0.0295
vt 0.5551 0.2555 0.0291
vt 0.5400 0.2555 0.0297
vt 0.5250 0.2555 0.0311
vt 0.5102 0.2555 0.0327
vt 0.4954 0.2555 0.0337
vt 0.4807 0.2555 0.0336
vt 0.4659 0.2555 0.0325
vt 0.4360 0.2524 0.0295
vt 0.4510 0.2524 0.0309
vt 0.4209 0.2524 0.0291
vt 0.6741 0.2524 0.0297
vt 0.6892 0.2524 0.0291
vt 0.6591 0.2524 0.0311
vt 0.6443 0.2524 0.0327
vt 0.6295 0.2524 0.0337
vt 0.6148 0.2524 0.0336
vt 0.6000 0.2524 0.0325
vt 0.5851 0.2524 0.0309
vt 0.5701 0.2524 0.0295
vt 0.5551 0.2524 0.0291
vt 0.5400 0.2524 0.0297
vt 0.5250 0.2524 0.0311
vt 0.5102 0.2524 0.0327
vt 0.4954 0.2524 0.0337
vt 0.4807 0.2524 0.0336
vt 0.4659 0.2524 0.0325
vt 0.7134 0.2847 -22.1544
vt 0.7110 0.2977 -22.1544
vt 0.6987 0.2977 22.1544
vt 0.7018 0.2805 -22.1544
vt 0.7200 0.2733 -22.1544
vt 0.7106 0.2654 -22.1544
vt 0.7301 0.2648 -22.1544
vt 0.7239 0.2542 -22.1544
vt 0.7425 0.2603 -22.1544
vt 0.7403 0.2482 -22.1544
vt 0.7557 0.2604 -22.1544
vt 0.7578 0.2482 -22.1544
vt 0.7680 0.2649 -22.1544
vt 0.7741 0.2542 -22.1544
vt 0.7781 0.2733 -22.1544
vt 0.7875 0.2654 -22.1544
vt 0.7847 0.2848 -22.1544
vt 0.7963 0.2805 -22.1544
vt 0.7870 0.2977 -22.1544
vt 0.7994 0.2977 22.1544
vt 0.7847 0.3107 -22.1544
vt 0.7963 0.3149 -22.1544
vt 0.7781 0.3221 -22.1544
vt 0.7875 0.3300 -22.1544
vt 0.7680 0.3306 -22.1544
vt 0.7741 0.3412 -22.1544
vt 0.7556 0.3351 -22.1544
vt 0.7578 0.3472 -22.1544
vt 0.7424 0.3351 -22.1544
vt 0.7403 0.3472 -22.1544
vt 0.7300 0.3305 -22.1544
vt 0.7239 0.3412 -22.1544
vt 0.7199 0.3221 -22.1544
vt 0.7106 0.3300 -22.1544
vt 0.7133 0.3107 -22.1544
vt 0.7018 0.3149 -22.1544
vt 0.7490 0.2977 -22.1544
vt 0.7567 0.8649 -0.1459
vt 0.7567 0.8856 -0.1459
vt 0.7772 0.8798 0.1459
vt 0.7671 0.9017 -0.1459
vt 0.7462 0.9017 -0.1459
vt 0.7361 0.8798 0.1459
vt 0.6838 0.4766 -0.3047
vt 0.6838 0.5782 -0.3047
vt 0.6785 0.5782 -0.3047
vt 0.6785 0.4766 -0.3047
vt 0.6068 0.6123 0.2526
vt 0.7388 0.6123 0.2526
vt 0.7408 0.6172 0.2526
vt 0.6048 0.6172 0.2526
vt 0.6068 0.8485 0.2526
vt 0.6048 0.8436 0.2526
vt 0.7408 0.8436 0.2526
vt 0.7388 0.8485 0.2526
vt 0.6838 0.5834 -0.3047
vt 0.6785 0.5834 -0.3047
vt 0.5370 0.5694 -0.3047
vt 0.5370 0.5642 -0.3047
vt 0.6546 0.5642 -0.3047
vt 0.6546 0.5694 -0.3047
vt 0.6838 0.4714 -0.3047
vt 0.6785 0.4714 -0.3047
vt 0.6608 0.5642 -0.3047
vt 0.6608 0.4885 -0.3047
vt 0.6653 0.4855 -0.3047
vt 0.6653 0.5675 -0.3047
vt 0.6652 0.5727 -0.3047
vt 0.6608 0.5694 -0.3047
vt 0.6608 0.4833 -0.3047
vt 0.6652 0.4802 -0.3047
vt 0.6546 0.4885 -0.3047
vt 0.6006 0.6123 0.2526
vt 0.5986 0.6172 0.2526
vt 0.5986 0.8436 0.2526
vt 0.6006 0.8485 0.2526
vt 0.6546 0.4833 -0.3047
vt 0.6060 0.5972 0.2526
vt 0.6078 0.5922 0.2526
vt 0.6140 0.5922 -0.2526
vt 0.6121 0.5972 0.2526
vt 0.6078 0.8699 0.2526
vt 0.6060 0.8647 0.2526
vt 0.6121 0.8647 0.2526
vt 0.6140 0.8699 -0.2526
vt 0.7451 0.4998 -0.3047
vt 0.7451 0.5537 -0.3047
vt 0.7335 0.5972 0.2526
vt 0.7451 0.5590 -0.3047
vt 0.7451 0.4946 -0.3047
vt 0.5849 0.6797 0.2526
vt 0.5788 0.6797 0.2526
vt 0.5788 0.7806 0.2526
vt 0.5849 0.7806 0.2526
vt 0.7585 0.4999 -0.3047
vt 0.7585 0.5537 -0.3047
vt 0.5788 0.7671 0.2526
vt 0.5849 0.7671 0.2526
vt 0.7585 0.5589 -0.3047
vt 0.7585 0.4946 -0.3047
vt 0.5849 0.6932 0.2526
vt 0.5788 0.6932 0.2526
vt 0.5849 0.7623 0.2526
vt 0.5788 0.7623 0.2526
vt 0.5793 0.7571 0.2526
vt 0.5849 0.7564 0.2526
vt 0.5793 0.7032 0.2526
vt 0.5849 0.7039 0.2526
vt 0.5849 0.6980 0.2526
vt 0.5788 0.6980 0.2526
vt 0.7633 0.4999 -0.3047
vt 0.7633 0.5537 0.3047
vt 0.7633 0.5589 -0.3047
vt 0.7633 0.4946 -0.3047
vt 0.7335 0.8647 0.2526
vt 0.7316 0.8699 0.2526
vt 0.7607 0.6797 0.2526
vt 0.5078 0.4766 -0.3047
vt 0.5131 0.4766 -0.3047
vt 0.5131 0.5782 -0.3047
vt 0.5078 0.5782 -0.3047
vt 0.5078 0.5834 -0.3047
vt 0.5130 0.5834 -0.3047
vt 0.5078 0.4714 -0.3047
vt 0.5130 0.4714 -0.3047
vt 0.5308 0.5642 -0.3047
vt 0.5263 0.5675 -0.3047
vt 0.5263 0.4855 -0.3047
vt 0.5308 0.4885 -0.3047
vt 0.7316 0.5922 0.2526
vt 0.5264 0.5727 -0.3047
vt 0.5308 0.5694 -0.3047
vt 0.5264 0.4802 -0.3047
vt 0.5308 0.4833 -0.3047
vt 0.5370 0.4885 -0.3047
vt 0.7450 0.6123 0.2526
vt 0.7470 0.6172 0.2526
vt 0.7470 0.8436 0.2526
vt 0.7450 0.8485 0.2526
vt 0.5370 0.4833 -0.3047
vt 0.7396 0.5972 0.2526
vt 0.7378 0.5922 0.2526
vt 0.7378 0.8699 0.2526
vt 0.7396 0.8647 0.2526
vt 0.4465 0.5537 -0.3047
vt 0.4465 0.4998 -0.3047
vt 0.7607 0.7806 0.2526
vt 0.4465 0.5590 -0.3047
vt 0.4465 0.4946 -0.3047
vt 0.7668 0.6797 0.2526
vt 0.7668 0.7806 0.2526
vt 0.4330 0.5537 -0.3047
vt 0.4330 0.4999 -0.3047
vt 0.7607 0.7671 0.2526
vt 0.7668 0.7671 0.2526
vt 0.4331 0.5589 -0.3047
vt 0.4331 0.4946 -0.3047
vt 0.7668 0.6932 0.2526
vt 0.7607 0.6932 0.2526
vt 0.7607 0.7039 0.2526
vt 0.7607 0.7564 0.2526
vt 0.7607 0.6980 0.2526
vt 0.7607 0.7623 0.2526
vt 0.7663 0.7571 0.2526
vt 0.7668 0.7623 0.2526
vt 0.7663 0.7032 0.2526
vt 0.7668 0.6980 0.2526
vt 0.4282 0.4999 -0.3047
vt 0.4282 0.5537 0.3047
vt 0.4283 0.5589 -0.3047
vt 0.4283 0.4946 -0.3047
vt 0.8093 0.4346 1.3286
vt 0.8093 0.3909 1.3286
vt 0.8991 0.3909 1.3286
vt 0.8991 0.4346 1.3286
vt 0.5187 0.3908 1.3286
vt 0.5187 0.4346 1.3286
vt 0.4289 0.4346 1.3286
vt 0.4289 0.3909 1.3286
vt 0.7892 0.7967 0.0000
vt 0.7892 0.7529 0.0000
vt 0.9766 0.7529 0.0000
vt 0.9766 0.7967 0.0000
vt 0.7892 0.8956 0.0000
vt 0.7892 0.8071 0.0000
vt 0.9766 0.8071 0.0000
vt 0.9766 0.8956 0.0000
vt 0.6023 0.4575 1.3286
vt 0.6023 0.3680 1.3286
vt 0.7258 0.3680 1.3286
vt 0.7258 0.4575 1.3286
vt 0.7892 0.7425 0.0000
vt 0.7892 0.6540 0.0000
vt 0.9766 0.6540 0.0000
vt 0.9766 0.7425 0.0000
vt 0.7440 0.4658 1.3286
vt 0.7440 0.3597 1.3286
vt 0.8144 0.5844 0.0000
vt 0.9515 0.5844 0.0000
vt 0.5841 0.3597 1.3286
vt 0.5841 0.4658 1.3286
vt 0.9515 0.9652 0.0000
vt 0.8144 0.9652 0.0000
vt 0.7346 0.4602 1.3286
vt 0.7346 0.3653 1.3286
vt 0.9460 0.5747 0.0000
vt 0.8199 0.5747 0.0000
vt 0.5934 0.3652 1.3286
vt 0.5934 0.4602 1.3286
vt 0.8199 0.9749 0.0000
vt 0.9460 0.9749 0.0000
vt 0.8108 0.4405 1.3286
vt 0.8992 0.4405 1.3286
vt 0.7434 0.4727 1.3286
vt 0.7337 0.4666 1.3286
vt 0.6036 0.4634 1.3286
vt 0.7245 0.4634 1.3286
vt 0.5944 0.4666 1.3286
vt 0.5847 0.4727 1.3286
vt 0.5173 0.4405 1.3286
vt 0.4288 0.4405 1.3286
vt 0.9766 0.7471 0.0000
vt 0.7892 0.7471 0.0000
vt 0.8108 0.3850 1.3286
vt 0.8992 0.3850 1.3286
vt 0.7892 0.8026 0.0000
vt 0.9766 0.8026 0.0000
vt 0.5173 0.3850 1.3286
vt 0.4288 0.3850 1.3286
vt 0.5847 0.3527 1.3286
vt 0.5944 0.3589 1.3286
vt 0.7245 0.3620 1.3286
vt 0.6036 0.3620 1.3286
vt 0.7337 0.3589 1.3286
vt 0.7434 0.3527 1.3286
vt 0.7300 0.4574 1.3286
vt 0.7300 0.3681 1.3286
vt 0.9432 0.5699 1.1341
vt 0.8226 0.5699 0.0000
vt 0.5980 0.3681 1.3286
vt 0.5980 0.4574 1.3286
vt 0.8226 0.9797 0.0000
vt 0.9432 0.9797 -1.1341
vt 0.7289 0.4633 1.3286
vt 0.5992 0.4633 1.3286
vt 0.5992 0.3621 1.3286
vt 0.7289 0.3621 1.3286
vt 0.9037 0.3909 1.3286
vt 0.9037 0.4346 -1.3286
vt 0.4243 0.4346 -1.3286
vt 0.4243 0.3909 1.3286
vt 0.9037 0.4405 1.3286
vt 0.4243 0.4405 1.3286
vt 0.9037 0.3850 1.3286
vt 0.4243 0.3850 1.3286
vt 0.7826 0.7967 0.0000
vt 0.7826 0.7529 0.0000
vt 0.9832 0.7529 0.0000
vt 0.9832 0.7967 0.0000
vt 0.7826 0.8956 0.0000
vt 0.7826 0.8071 0.0000
vt 0.9832 0.8071 0.0000
vt 0.9832 0.8956 0.0000
vt 0.7826 0.7425 0.0000
vt 0.7826 0.6540 0.0000
vt 0.9832 0.6540 0.0000
vt 0.9832 0.7425 0.0000
vt 0.8095 0.5844 0.0000
vt 0.9563 0.5844 0.0000
vt 0.9563 0.9652 0.0000
vt 0.8095 0.9652 0.0000
vt 0.9504 0.5747 0.0000
vt 0.8154 0.5747 0.0000
vt 0.8154 0.9749 0.0000
vt 0.9504 0.9749 0.0000
vt 0.9832 0.7471 0.0000
vt 0.7826 0.7471 0.0000
vt 0.7826 0.8026 0.0000
vt 0.9832 0.8026 0.0000
vt 0.9474 0.5699 0.0000
vt 0.8184 0.5699 0.0000
vt 0.8184 0.9797 0.0000
vt 0.9474 0.9797 0.0000
# 4567 texture coords

g Group16848
usemtl default
s 1
f 1/1/1 2/2/2 3/3/3 
f 4/4/4 5/5/5 6/6/6 
f 7/7/7 8/8/8 9/9/9 
f 10/10/10 11/11/11 12/12/12 
f 13/13/13 14/14/14 15/15/15 
f 16/16/16 17/17/17 18/18/18 
f 19/19/19 20/20/20 21/21/21 
f 22/22/22 23/23/23 24/24/24 
f 25/25/25 26/26/26 27/27/27
f 25/25/25 27/27/27 28/28/27
f 27/27/27 29/29/28 30/30/29
f 27/27/27 30/30/29 28/28/27
f 31/31/30 32/32/31 33/33/32
f 31/31/30 33/33/32 34/34/30
f 35/35/33 36/36/34 31/31/30
f 35/35/33 31/31/30 34/34/30
f 37/37/35 38/38/36 39/39/37
f 37/37/35 39/39/37 40/40/35
f 41/41/38 42/42/39 37/37/35
f 41/41/38 37/37/35 40/40/35
f 43/43/40 44/44/41 45/45/42
f 43/43/40 45/45/42 46/46/42
f 45/45/42 47/47/43 48/48/44
f 45/45/42 48/48/44 46/46/42
f 49/49/45 50/50/46 51/51/47
f 49/49/45 51/51/47 52/52/45
f 53/53/48 54/54/49 49/49/45
f 53/53/48 49/49/45 52/52/45
f 55/55/50 56/56/51 57/57/52
f 55/55/50 57/57/52 58/58/52
f 57/57/52 59/59/53 60/60/54
f 57/57/52 60/60/54 58/58/52
f 61/61/55 62/62/56 63/63/57
f 61/61/55 63/63/57 64/64/57
f 63/63/57 65/65/58 66/66/59
f 63/63/57 66/66/59 64/64/57
f 67/67/60 68/68/61 69/69/62
f 67/67/60 69/69/62 70/70/60
f 71/71/63 72/72/64 67/67/60
f 71/71/63 67/67/60 70/70/60
f 73/73/65 74/74/66 75/75/67
f 73/73/65 75/75/67 76/76/68
f 77/77/69 78/78/70 79/79/71
f 77/77/69 79/79/71 80/80/72
f 81/81/73 82/82/74 83/83/75
f 81/81/73 83/83/75 84/84/76
f 85/85/77 86/86/78 87/87/79
f 85/85/77 87/87/79 88/88/80
f 89/89/81 90/90/82 91/91/83
f 89/89/81 91/91/83 92/92/84
f 93/93/85 94/94/86 95/95/87
f 93/93/85 95/95/87 96/96/88
f 97/97/89 98/98/90 99/99/91
f 97/97/89 99/99/91 100/100/92
f 101/101/93 102/102/94 103/103/95
f 101/101/93 103/103/95 104/104/96
f 105/105/97 106/106/98 107/107/99
f 105/105/97 107/107/99 108/108/100
f 109/109/101 110/110/102 111/111/103
f 109/109/101 111/111/103 112/112/104
f 113/113/105 106/106/98 105/105/97
f 113/113/105 105/105/97 114/114/106
f 109/109/101 112/112/104 115/115/107
f 109/109/101 115/115/107 116/116/108
f 117/117/109 118/118/110 119/119/111
f 117/117/109 119/119/111 120/120/112
f 121/121/113 122/122/114 123/123/115
f 121/121/113 123/123/115 124/124/116
f 119/119/111 118/118/110 125/125/117
f 119/119/111 125/125/117 126/126/118
f 121/121/113 127/127/119 128/128/120
f 121/121/113 128/128/120 122/122/114
f 129/129/121 130/130/122 131/131/123
f 129/129/121 131/131/123 132/132/124
f 133/133/125 134/134/126 135/135/127
f 133/133/125 135/135/127 136/136/128
f 131/131/123 130/130/122 137/137/129
f 131/131/123 137/137/129 138/138/130
f 133/133/125 139/139/131 140/140/132
f 133/133/125 140/140/132 134/134/126
f 141/141/133 142/142/134 143/143/135
f 141/141/133 143/143/135 144/144/136
f 145/145/137 146/146/138 147/147/139
f 145/145/137 147/147/139 148/148/140
f 149/149/141 142/142/134 141/141/133
f 149/149/141 141/141/133 150/150/142
f 145/145/137 148/148/140 151/151/143
f 145/145/137 151/151/143 152/152/144
f 153/153/145 108/108/100 107/107/99
f 153/153/145 107/107/99 154/154/146
f 110/110/102 155/155/147 156/156/148
f 110/110/102 156/156/148 111/111/103
f 113/113/105 114/114/106 157/157/149
f 113/113/105 157/157/149 158/158/150
f 116/116/108 115/115/107 159/159/151
f 116/116/108 159/159/151 160/160/152
f 117/117/109 120/120/112 161/161/153
f 117/117/109 161/161/153 162/162/154
f 124/124/116 123/123/115 163/163/155
f 124/124/116 163/163/155 164/164/156
f 165/165/157 126/126/118 125/125/117
f 165/165/157 125/125/117 166/166/158
f 127/127/119 167/167/159 168/168/160
f 127/127/119 168/168/160 128/128/120
f 129/129/121 132/132/124 169/169/161
f 129/129/121 169/169/161 170/170/162
f 136/136/128 135/135/127 171/171/163
f 136/136/128 171/171/163 172/172/164
f 173/173/165 138/138/130 137/137/129
f 173/173/165 137/137/129 174/174/166
f 139/139/131 175/175/167 176/176/168
f 139/139/131 176/176/168 140/140/132
f 177/177/169 144/144/136 143/143/135
f 177/177/169 143/143/135 178/178/170
f 146/146/138 179/179/171 180/180/172
f 146/146/138 180/180/172 147/147/139
f 149/149/141 150/150/142 181/181/173
f 149/149/141 181/181/173 182/182/174
f 152/152/144 151/151/143 183/183/175
f 152/152/144 183/183/175 184/184/176
f 185/185/177 107/107/99 106/106/98
f 185/185/177 106/106/98 186/186/178
f 107/107/99 185/185/177 187/187/179
f 107/107/99 187/187/179 154/154/146
f 106/106/98 113/113/105 188/188/180
f 106/106/98 188/188/180 186/186/178
f 189/189/181 188/188/180 113/113/105
f 189/189/181 113/113/105 158/158/150
f 118/118/110 117/117/109 190/190/182
f 118/118/110 190/190/182 191/191/183
f 192/192/184 190/190/182 117/117/109
f 192/192/184 117/117/109 162/162/154
f 193/193/185 125/125/117 118/118/110
f 193/193/185 118/118/110 191/191/183
f 125/125/117 193/193/185 194/194/186
f 125/125/117 194/194/186 166/166/158
f 130/130/122 129/129/121 195/195/187
f 130/130/122 195/195/187 196/196/188
f 197/197/189 195/195/187 129/129/121
f 197/197/189 129/129/121 170/170/162
f 198/198/190 137/137/129 130/130/122
f 198/198/190 130/130/122 196/196/188
f 137/137/129 198/198/190 199/199/191
f 137/137/129 199/199/191 174/174/166
f 200/200/192 143/143/135 142/142/134
f 200/200/192 142/142/134 201/201/193
f 143/143/135 200/200/192 202/202/194
f 143/143/135 202/202/194 178/178/170
f 142/142/134 149/149/141 203/203/195
f 142/142/134 203/203/195 201/201/193
f 204/204/196 203/203/195 149/149/141
f 204/204/196 149/149/141 182/182/174
f 154/154/146 1/1/1 3/3/3
f 154/154/146 3/3/3 153/153/145
f 1/1/1 154/154/146 187/187/179
f 1/1/1 187/187/179 205/205/197
f 4/4/4 6/6/6 158/158/150
f 4/4/4 158/158/150 157/157/149
f 189/189/181 158/158/150 6/6/6
f 189/189/181 6/6/6 206/206/198
f 7/7/7 9/9/9 162/162/154
f 7/7/7 162/162/154 161/161/153
f 192/192/184 162/162/154 9/9/9
f 192/192/184 9/9/9 207/207/199
f 166/166/158 10/10/10 12/12/12
f 166/166/158 12/12/12 165/165/157
f 10/10/10 166/166/158 194/194/186
f 10/10/10 194/194/186 208/208/200
f 13/13/13 15/15/15 170/170/162
f 13/13/13 170/170/162 169/169/161
f 197/197/189 170/170/162 15/15/15
f 197/197/189 15/15/15 209/209/201
f 174/174/166 16/16/16 18/18/18
f 174/174/166 18/18/18 173/173/165
f 16/16/16 174/174/166 199/199/191
f 16/16/16 199/199/191 210/210/202
f 178/178/170 19/19/19 21/21/21
f 178/178/170 21/21/21 177/177/169
f 19/19/19 178/178/170 202/202/194
f 19/19/19 202/202/194 211/211/203
f 22/22/22 24/24/24 182/182/174
f 22/22/22 182/182/174 181/181/173
f 204/204/196 182/182/174 24/24/24
f 204/204/196 24/24/24 212/212/204
f 156/156/148 155/155/147 213/213/205
f 156/156/148 213/213/205 214/214/206
f 159/159/151 215/215/207 216/216/208
f 159/159/151 216/216/208 160/160/152
f 163/163/155 217/217/209 218/218/210
f 163/163/155 218/218/210 164/164/156
f 168/168/160 167/167/159 219/219/211
f 168/168/160 219/219/211 220/220/212
f 171/171/163 221/221/213 222/222/214
f 171/171/163 222/222/214 172/172/164
f 176/176/168 175/175/167 223/223/215
f 176/176/168 223/223/215 224/224/216
f 180/180/172 179/179/171 225/225/217
f 180/180/172 225/225/217 226/226/218
f 183/183/175 227/227/219 228/228/220
f 183/183/175 228/228/220 184/184/176
f 2/2/2 1/1/1 229/229/221
f 2/2/2 229/229/221 230/230/222
f 1/1/1 205/205/197 231/231/223
f 1/1/1 231/231/223 229/229/221
f 232/232/224 233/233/225 230/230/222
f 232/232/224 230/230/222 229/229/221
f 229/229/221 231/231/223 234/234/226
f 229/229/221 234/234/226 232/232/224
f 235/235/227 6/6/6 5/5/5
f 235/235/227 5/5/5 236/236/228
f 237/237/229 206/206/198 6/6/6
f 237/237/229 6/6/6 235/235/227
f 236/236/228 238/238/230 239/239/231
f 236/236/228 239/239/231 235/235/227
f 240/240/232 237/237/229 235/235/227
f 240/240/232 235/235/227 239/239/231
f 241/241/233 9/9/9 8/8/8
f 241/241/233 8/8/8 242/242/234
f 243/243/235 207/207/199 9/9/9
f 243/243/235 9/9/9 241/241/233
f 242/242/234 244/244/236 245/245/237
f 242/242/234 245/245/237 241/241/233
f 246/246/238 243/243/235 241/241/233
f 246/246/238 241/241/233 245/245/237
f 11/11/11 10/10/10 247/247/239
f 11/11/11 247/247/239 248/248/240
f 10/10/10 208/208/200 249/249/241
f 10/10/10 249/249/241 247/247/239
f 250/250/242 251/251/243 248/248/240
f 250/250/242 248/248/240 247/247/239
f 247/247/239 249/249/241 252/252/244
f 247/247/239 252/252/244 250/250/242
f 253/253/245 15/15/15 14/14/14
f 253/253/245 14/14/14 254/254/246
f 255/255/247 209/209/201 15/15/15
f 255/255/247 15/15/15 253/253/245
f 254/254/246 256/256/248 257/257/249
f 254/254/246 257/257/249 253/253/245
f 258/258/250 255/255/247 253/253/245
f 258/258/250 253/253/245 257/257/249
f 17/17/17 16/16/16 259/259/251
f 17/17/17 259/259/251 260/260/252
f 16/16/16 210/210/202 261/261/253
f 16/16/16 261/261/253 259/259/251
f 262/262/254 263/263/255 260/260/252
f 262/262/254 260/260/252 259/259/251
f 259/259/251 261/261/253 264/264/256
f 259/259/251 264/264/256 262/262/254
f 20/20/20 19/19/19 265/265/257
f 20/20/20 265/265/257 266/266/258
f 19/19/19 211/211/203 267/267/259
f 19/19/19 267/267/259 265/265/257
f 268/268/260 269/269/261 266/266/258
f 268/268/260 266/266/258 265/265/257
f 265/265/257 267/267/259 270/270/262
f 265/265/257 270/270/262 268/268/260
f 271/271/263 24/24/24 23/23/23
f 271/271/263 23/23/23 272/272/264
f 273/273/265 212/212/204 24/24/24
f 273/273/265 24/24/24 271/271/263
f 272/272/264 274/274/266 275/275/267
f 272/272/264 275/275/267 271/271/263
f 276/276/268 273/273/265 271/271/263
f 276/276/268 271/271/263 275/275/267
f 277/277/269 278/278/270 279/279/271
f 277/277/269 279/279/271 280/280/272
f 281/281/273 282/282/274 278/278/270
f 281/281/273 278/278/270 277/277/269
f 283/283/275 284/284/276 285/285/277
f 283/283/275 285/285/277 286/286/278
f 287/287/279 283/283/275 286/286/278
f 287/287/279 286/286/278 288/288/280
f 289/289/281 290/290/282 291/291/283
f 289/289/281 291/291/283 292/292/284
f 293/293/285 289/289/281 292/292/284
f 293/293/285 292/292/284 294/294/286
f 295/295/287 296/296/288 297/297/289
f 295/295/287 297/297/289 298/298/290
f 299/299/291 300/300/292 296/296/288
f 299/299/291 296/296/288 295/295/287
f 301/301/293 302/302/294 303/303/295
f 301/301/293 303/303/295 304/304/296
f 305/305/297 301/301/293 304/304/296
f 305/305/297 304/304/296 306/306/298
f 307/307/299 308/308/300 309/309/301
f 307/307/299 309/309/301 310/310/302
f 311/311/303 312/312/304 308/308/300
f 311/311/303 308/308/300 307/307/299
f 313/313/305 314/314/306 315/315/307
f 313/313/305 315/315/307 316/316/308
f 317/317/309 318/318/310 314/314/306
f 317/317/309 314/314/306 313/313/305
f 319/319/311 320/320/312 321/321/313
f 319/319/311 321/321/313 322/322/314
f 323/323/315 319/319/311 322/322/314
f 323/323/315 322/322/314 324/324/316
f 280/280/272 279/279/271 214/214/206
f 280/280/272 214/214/206 213/213/205
f 284/284/276 216/216/208 215/215/207
f 284/284/276 215/215/207 285/285/277
f 290/290/282 218/218/210 217/217/209
f 290/290/282 217/217/209 291/291/283
f 298/298/290 297/297/289 220/220/212
f 298/298/290 220/220/212 219/219/211
f 302/302/294 222/222/214 221/221/213
f 302/302/294 221/221/213 303/303/295
f 310/310/302 309/309/301 224/224/216
f 310/310/302 224/224/216 223/223/215
f 316/316/308 315/315/307 226/226/218
f 316/316/308 226/226/218 225/225/217
f 320/320/312 228/228/220 227/227/219
f 320/320/312 227/227/219 321/321/313
f 325/325/317 326/326/318 233/233/225
f 325/325/317 233/233/225 232/232/224
f 327/327/319 325/325/317 232/232/224
f 327/327/319 232/232/224 234/234/226
f 238/238/230 328/328/320 329/329/321
f 238/238/230 329/329/321 239/239/231
f 239/239/231 329/329/321 330/330/322
f 239/239/231 330/330/322 240/240/232
f 244/244/236 331/331/323 332/332/324
f 244/244/236 332/332/324 245/245/237
f 245/245/237 332/332/324 333/333/325
f 245/245/237 333/333/325 246/246/238
f 334/334/326 335/335/327 251/251/243
f 334/334/326 251/251/243 250/250/242
f 336/336/328 334/334/326 250/250/242
f 336/336/328 250/250/242 252/252/244
f 256/256/248 337/337/329 338/338/330
f 256/256/248 338/338/330 257/257/249
f 257/257/249 338/338/330 339/339/331
f 257/257/249 339/339/331 258/258/250
f 340/340/332 341/341/333 263/263/255
f 340/340/332 263/263/255 262/262/254
f 342/342/334 340/340/332 262/262/254
f 342/342/334 262/262/254 264/264/256
f 343/343/335 344/344/336 269/269/261
f 343/343/335 269/269/261 268/268/260
f 345/345/337 343/343/335 268/268/260
f 345/345/337 268/268/260 270/270/262
f 274/274/266 346/346/338 347/347/339
f 274/274/266 347/347/339 275/275/267
f 275/275/267 347/347/339 348/348/340
f 275/275/267 348/348/340 276/276/268
f 282/282/274 281/281/273 26/26/26
f 282/282/274 26/26/26 25/25/25
f 288/288/280 33/33/32 32/32/31
f 288/288/280 32/32/31 287/287/279
f 294/294/286 39/39/37 38/38/36
f 294/294/286 38/38/36 293/293/285
f 300/300/292 299/299/291 44/44/41
f 300/300/292 44/44/41 43/43/40
f 306/306/298 51/51/47 50/50/46
f 306/306/298 50/50/46 305/305/297
f 312/312/304 311/311/303 56/56/51
f 312/312/304 56/56/51 55/55/50
f 318/318/310 317/317/309 62/62/56
f 318/318/310 62/62/56 61/61/55
f 324/324/316 69/69/62 68/68/61
f 324/324/316 68/68/61 323/323/315
f 349/349/341 326/326/318 325/325/317
f 349/349/341 325/325/317 350/350/342
f 29/29/28 351/351/343 352/352/344
f 29/29/28 352/352/344 30/30/29
f 329/329/321 328/328/320 353/353/345
f 329/329/321 353/353/345 354/354/346
f 36/36/34 35/35/33 355/355/347
f 36/36/34 355/355/347 356/356/348
f 332/332/324 331/331/323 357/357/349
f 332/332/324 357/357/349 358/358/350
f 42/42/39 41/41/38 359/359/351
f 42/42/39 359/359/351 360/360/352
f 361/361/353 335/335/327 334/334/326
f 361/361/353 334/334/326 362/362/354
f 47/47/43 363/363/355 364/364/356
f 47/47/43 364/364/356 48/48/44
f 338/338/330 337/337/329 365/365/357
f 338/338/330 365/365/357 366/366/358
f 54/54/49 53/53/48 367/367/359
f 54/54/49 367/367/359 368/368/360
f 369/369/361 341/341/333 340/340/332
f 369/369/361 340/340/332 370/370/362
f 59/59/53 371/371/363 372/372/364
f 59/59/53 372/372/364 60/60/54
f 373/373/365 344/344/336 343/343/335
f 373/373/365 343/343/335 374/374/366
f 65/65/58 375/375/367 376/376/368
f 65/65/58 376/376/368 66/66/59
f 347/347/339 346/346/338 377/377/369
f 347/347/339 377/377/369 378/378/370
f 72/72/64 71/71/63 379/379/371
f 72/72/64 379/379/371 380/380/372
f 381/381/373 350/350/342 325/325/317
f 381/381/373 325/325/317 327/327/319
f 329/329/321 354/354/346 382/382/374
f 329/329/321 382/382/374 330/330/322
f 332/332/324 358/358/350 383/383/375
f 332/332/324 383/383/375 333/333/325
f 384/384/376 362/362/354 334/334/326
f 384/384/376 334/334/326 336/336/328
f 338/338/330 366/366/358 385/385/377
f 338/338/330 385/385/377 339/339/331
f 386/386/378 370/370/362 340/340/332
f 386/386/378 340/340/332 342/342/334
f 387/387/379 374/374/366 343/343/335
f 387/387/379 343/343/335 345/345/337
f 347/347/339 378/378/370 388/388/380
f 347/347/339 388/388/380 348/348/340
f 389/389/381 349/349/341 350/350/342
f 389/389/381 350/350/342 390/390/382
f 351/351/343 391/391/383 392/392/384
f 351/351/343 392/392/384 352/352/344
f 354/354/346 353/353/345 393/393/385
f 354/354/346 393/393/385 394/394/386
f 356/356/348 355/355/347 395/395/387
f 356/356/348 395/395/387 396/396/388
f 358/358/350 357/357/349 397/397/389
f 358/358/350 397/397/389 398/398/390
f 360/360/352 359/359/351 399/399/391
f 360/360/352 399/399/391 400/400/392
f 401/401/393 361/361/353 362/362/354
f 401/401/393 362/362/354 402/402/394
f 363/363/355 403/403/395 404/404/396
f 363/363/355 404/404/396 364/364/356
f 366/366/358 365/365/357 405/405/397
f 366/366/358 405/405/397 406/406/398
f 368/368/360 367/367/359 407/407/399
f 368/368/360 407/407/399 408/408/400
f 409/409/401 369/369/361 370/370/362
f 409/409/401 370/370/362 410/410/402
f 371/371/363 411/411/403 412/412/404
f 371/371/363 412/412/404 372/372/364
f 413/413/405 373/373/365 374/374/366
f 413/413/405 374/374/366 414/414/406
f 375/375/367 415/415/407 416/416/408
f 375/375/367 416/416/408 376/376/368
f 378/378/370 377/377/369 417/417/409
f 378/378/370 417/417/409 418/418/410
f 380/380/372 379/379/371 419/419/411
f 380/380/372 419/419/411 420/420/412
f 350/350/342 381/381/373 421/421/413
f 350/350/342 421/421/413 390/390/382
f 422/422/414 382/382/374 354/354/346
f 422/422/414 354/354/346 394/394/386
f 423/423/415 383/383/375 358/358/350
f 423/423/415 358/358/350 398/398/390
f 362/362/354 384/384/376 424/424/416
f 362/362/354 424/424/416 402/402/394
f 425/425/417 385/385/377 366/366/358
f 425/425/417 366/366/358 406/406/398
f 370/370/362 386/386/378 426/426/418
f 370/370/362 426/426/418 410/410/402
f 374/374/366 387/387/379 427/427/419
f 374/374/366 427/427/419 414/414/406
f 428/428/420 388/388/380 378/378/370
f 428/428/420 378/378/370 418/418/410
f 429/429/421 389/389/381 390/390/382
f 429/429/421 390/390/382 430/430/422
f 421/421/413 431/431/423 430/430/422
f 421/421/413 430/430/422 390/390/382
f 394/394/386 393/393/385 432/432/424
f 394/394/386 432/432/424 433/433/425
f 433/433/425 434/434/426 422/422/414
f 433/433/425 422/422/414 394/394/386
f 398/398/390 397/397/389 435/435/427
f 398/398/390 435/435/427 436/436/428
f 436/436/428 437/437/429 423/423/415
f 436/436/428 423/423/415 398/398/390
f 438/438/430 401/401/393 402/402/394
f 438/438/430 402/402/394 439/439/431
f 424/424/416 440/440/432 439/439/431
f 424/424/416 439/439/431 402/402/394
f 406/406/398 405/405/397 441/441/433
f 406/406/398 441/441/433 442/442/434
f 442/442/434 443/443/435 425/425/417
f 442/442/434 425/425/417 406/406/398
f 444/444/436 409/409/401 410/410/402
f 444/444/436 410/410/402 445/445/437
f 426/426/418 446/446/438 445/445/437
f 426/426/418 445/445/437 410/410/402
f 447/447/439 413/413/405 414/414/406
f 447/447/439 414/414/406 448/448/440
f 427/427/419 449/449/441 448/448/440
f 427/427/419 448/448/440 414/414/406
f 418/418/410 417/417/409 450/450/442
f 418/418/410 450/450/442 451/451/443
f 451/451/443 452/452/444 428/428/420
f 451/451/443 428/428/420 418/418/410
f 391/391/383 75/75/67 74/74/66
f 391/391/383 74/74/66 392/392/384
f 396/396/388 395/395/387 78/78/70
f 396/396/388 78/78/70 77/77/69
f 400/400/392 399/399/391 82/82/74
f 400/400/392 82/82/74 81/81/73
f 403/403/395 87/87/79 86/86/78
f 403/403/395 86/86/78 404/404/396
f 408/408/400 407/407/399 90/90/82
f 408/408/400 90/90/82 89/89/81
f 411/411/403 95/95/87 94/94/86
f 411/411/403 94/94/86 412/412/404
f 415/415/407 99/99/91 98/98/90
f 415/415/407 98/98/90 416/416/408
f 420/420/412 419/419/411 102/102/94
f 420/420/412 102/102/94 101/101/93
f 453/453/445 429/429/421 430/430/422
f 453/453/445 430/430/422 454/454/446
f 455/455/447 456/456/448 433/433/425
f 455/455/447 433/433/425 432/432/424
f 457/457/449 458/458/450 436/436/428
f 457/457/449 436/436/428 435/435/427
f 459/459/451 438/438/430 439/439/431
f 459/459/451 439/439/431 460/460/452
f 461/461/453 462/462/454 442/442/434
f 461/461/453 442/442/434 441/441/433
f 463/463/455 444/444/436 445/445/437
f 463/463/455 445/445/437 464/464/456
f 465/465/457 447/447/439 448/448/440
f 465/465/457 448/448/440 466/466/458
f 467/467/459 468/468/460 451/451/443
f 467/467/459 451/451/443 450/450/442
f 431/431/423 469/469/461 454/454/446
f 431/431/423 454/454/446 430/430/422
f 434/434/426 433/433/425 456/456/448
f 434/434/426 456/456/448 470/470/462
f 437/437/429 436/436/428 458/458/450
f 437/437/429 458/458/450 471/471/463
f 440/440/432 472/472/464 460/460/452
f 440/440/432 460/460/452 439/439/431
f 443/443/435 442/442/434 462/462/454
f 443/443/435 462/462/454 473/473/465
f 446/446/438 474/474/466 464/464/456
f 446/446/438 464/464/456 445/445/437
f 449/449/441 475/475/467 466/466/458
f 449/449/441 466/466/458 448/448/440
f 452/452/444 451/451/443 468/468/460
f 452/452/444 468/468/460 476/476/468
f 477/477/469 478/478/470 479/479/471
f 477/477/469 479/479/471 480/480/472
f 481/481/473 482/482/474 483/483/475
f 481/481/473 483/483/475 484/484/476
f 485/485/477 486/486/478 487/487/479
f 485/485/477 487/487/479 488/488/480
f 489/489/481 490/490/482 491/491/483
f 489/489/481 491/491/483 492/492/484
f 493/493/485 494/494/486 495/495/487
f 493/493/485 495/495/487 496/496/488
f 497/497/489 498/498/490 499/499/491
f 497/497/489 499/499/491 500/500/492
f 501/501/493 502/502/494 503/503/495
f 501/501/493 503/503/495 504/504/496
f 505/505/497 506/506/498 507/507/499
f 505/505/497 507/507/499 508/508/500
f 509/509/501 510/510/502 511/511/503
f 509/509/501 511/511/503 512/512/504
f 513/513/505 514/514/506 515/515/507
f 513/513/505 515/515/507 516/516/508
f 517/517/509 518/518/510 519/519/511
f 517/517/509 519/519/511 520/520/512
f 521/521/513 522/522/514 523/523/515
f 521/521/513 523/523/515 524/524/516
f 525/525/517 526/526/518 527/527/519
f 525/525/517 527/527/519 528/528/520
f 529/529/521 530/530/522 531/531/523
f 529/529/521 531/531/523 532/532/524
f 533/533/525 534/534/526 535/535/527
f 533/533/525 535/535/527 536/536/528
f 537/537/529 538/538/530 539/539/531
f 537/537/529 539/539/531 540/540/532
f 541/541/533 542/542/534 480/480/472
f 541/541/533 480/480/472 479/479/471
f 543/543/535 487/487/479 486/486/478
f 543/543/535 486/486/478 544/544/536
f 545/545/537 495/495/487 494/494/486
f 545/545/537 494/494/486 546/546/538
f 547/547/539 548/548/540 504/504/496
f 547/547/539 504/504/496 503/503/495
f 549/549/541 511/511/503 510/510/502
f 549/549/541 510/510/502 550/550/542
f 551/551/543 552/552/544 520/520/512
f 551/551/543 520/520/512 519/519/511
f 553/553/545 554/554/546 528/528/520
f 553/553/545 528/528/520 527/527/519
f 555/555/547 535/535/527 534/534/526
f 555/555/547 534/534/526 556/556/548
f 469/469/461 431/431/423 437/437/429
f 469/469/461 437/437/429 471/471/463
f 421/421/413 423/423/415 437/437/429
f 421/421/413 437/437/429 431/431/423
f 440/440/432 434/434/426 470/470/462
f 440/440/432 470/470/462 472/472/464
f 440/440/432 424/424/416 422/422/414
f 440/440/432 422/422/414 434/434/426
f 449/449/441 443/443/435 473/473/465
f 449/449/441 473/473/465 475/475/467
f 449/449/441 427/427/419 425/425/417
f 449/449/441 425/425/417 443/443/435
f 474/474/466 446/446/438 452/452/444
f 474/474/466 452/452/444 476/476/468
f 426/426/418 428/428/420 452/452/444
f 426/426/418 452/452/444 446/446/438
f 541/541/533 545/545/537 546/546/538
f 541/541/533 546/546/538 542/542/534
f 544/544/536 548/548/540 547/547/539
f 544/544/536 547/547/539 543/543/535
f 550/550/542 554/554/546 553/553/545
f 550/550/542 553/553/545 549/549/541
f 551/551/543 555/555/547 556/556/548
f 551/551/543 556/556/548 552/552/544
f 557/557/549 558/558/550 559/559/551
f 557/557/549 559/559/551 560/560/549
f 558/558/550 561/561/552 562/562/552
f 558/558/550 562/562/552 559/559/551
f 563/563/553 564/564/554 565/565/554
f 563/563/553 565/565/554 566/566/553
f 567/567/555 563/563/553 566/566/553
f 567/567/555 566/566/553 568/568/555
f 569/569/556 557/557/549 560/560/549
f 569/569/556 560/560/549 570/570/556
f 561/561/552 571/571/557 572/572/557
f 561/561/552 572/572/557 562/562/552
f 564/564/554 573/573/558 574/574/558
f 564/564/554 574/574/558 565/565/554
f 575/575/559 567/567/555 568/568/555
f 575/575/559 568/568/555 576/576/559
f 577/577/560 569/569/556 570/570/556
f 577/577/560 570/570/556 578/578/560
f 579/579/561 572/572/557 571/571/557
f 579/579/561 571/571/557 580/580/561
f 581/581/562 574/574/558 573/573/558
f 581/581/562 573/573/558 582/582/562
f 583/583/563 575/575/559 576/576/559
f 583/583/563 576/576/559 584/584/563
f 585/585/564 577/577/560 578/578/560
f 585/585/564 578/578/560 586/586/564
f 580/580/561 587/587/565 588/588/565
f 580/580/561 588/588/565 579/579/561
f 582/582/562 589/589/566 590/590/566
f 582/582/562 590/590/566 581/581/562
f 591/591/567 583/583/563 584/584/563
f 591/591/567 584/584/563 592/592/567
f 586/586/564 593/593/568 594/594/568
f 586/586/564 594/594/568 585/585/564
f 587/587/565 595/595/569 596/596/569
f 587/587/565 596/596/569 588/588/565
f 589/589/566 597/597/570 598/598/570
f 589/589/566 598/598/570 590/590/566
f 592/592/567 599/599/571 600/600/571
f 592/592/567 600/600/571 591/591/567
f 593/593/568 601/601/572 602/602/572
f 593/593/568 602/602/572 594/594/568
f 595/595/569 603/603/573 604/604/573
f 595/595/569 604/604/573 596/596/569
f 597/597/570 605/605/574 606/606/574
f 597/597/570 606/606/574 598/598/570
f 599/599/571 607/607/575 608/608/575
f 599/599/571 608/608/575 600/600/571
f 609/609/576 602/602/572 601/601/572
f 609/609/576 601/601/572 610/610/576
f 603/603/573 611/611/577 612/612/577
f 603/603/573 612/612/577 604/604/573
f 605/605/574 613/613/578 614/614/578
f 605/605/574 614/614/578 606/606/574
f 615/615/579 608/608/575 607/607/575
f 615/615/579 607/607/575 616/616/579
f 617/617/580 609/609/576 610/610/576
f 617/617/580 610/610/576 618/618/580
f 618/618/580 619/619/581 620/620/581
f 618/618/580 620/620/581 617/617/580
f 621/621/582 612/612/577 611/611/577
f 621/621/582 611/611/577 622/622/582
f 622/622/582 623/623/583 624/624/583
f 622/622/582 624/624/583 621/621/582
f 625/625/584 614/614/578 613/613/578
f 625/625/584 613/613/578 626/626/584
f 626/626/584 627/627/585 628/628/585
f 626/626/584 628/628/585 625/625/584
f 629/629/586 615/615/579 616/616/579
f 629/629/586 616/616/579 630/630/586
f 630/630/586 631/631/587 632/632/587
f 630/630/586 632/632/587 629/629/586
f 633/633/588 620/620/581 619/619/581
f 633/633/588 619/619/581 634/634/588
f 623/623/583 635/635/589 636/636/589
f 623/623/583 636/636/589 624/624/583
f 627/627/585 637/637/590 638/638/590
f 627/627/585 638/638/590 628/628/585
f 639/639/591 632/632/587 631/631/587
f 639/639/591 631/631/587 640/640/591
f 641/641/592 633/633/588 634/634/588
f 641/641/592 634/634/588 642/642/592
f 643/643/593 636/636/589 635/635/589
f 643/643/593 635/635/589 644/644/593
f 645/645/594 638/638/590 637/637/590
f 645/645/594 637/637/590 646/646/594
f 647/647/595 639/639/591 640/640/591
f 647/647/595 640/640/591 648/648/595
f 649/649/596 641/641/592 642/642/592
f 649/649/596 642/642/592 650/650/596
f 651/651/597 643/643/593 644/644/593
f 651/651/597 644/644/593 652/652/597
f 653/653/598 645/645/594 646/646/594
f 653/653/598 646/646/594 654/654/598
f 655/655/599 647/647/595 648/648/595
f 655/655/599 648/648/595 656/656/599
f 657/657/600 658/658/600 659/659/600
f 657/657/600 659/659/600 660/660/600
f 661/661/601 662/662/601 663/663/602
f 661/661/601 663/663/602 664/664/601
f 665/665/603 666/666/603 667/667/603
f 665/665/603 667/667/603 668/668/603
f 669/669/604 670/670/604 671/671/604
f 669/669/604 671/671/604 672/672/604
f 673/673/605 674/674/605 675/675/605
f 673/673/605 675/675/605 676/676/605
f 677/677/606 678/678/606 679/679/606
f 677/677/606 679/679/606 680/680/606
f 681/681/607 682/682/607 683/683/607
f 681/681/607 683/683/607 684/684/607
f 685/685/608 686/686/608 687/687/608
f 685/685/608 687/687/608 688/688/608
f 689/689/609 690/690/610 691/691/611
f 689/689/609 691/691/611 692/692/609
f 693/693/612 694/694/613 695/695/614
f 693/693/612 695/695/614 696/696/612
f 697/697/615 698/698/616 699/699/617
f 697/697/615 699/699/617 700/700/615
f 701/701/618 702/702/619 703/703/620
f 701/701/618 703/703/620 704/704/618
f 705/705/621 689/689/609 692/692/609
f 705/705/621 692/692/609 706/706/621
f 707/707/622 693/693/612 696/696/612
f 707/707/622 696/696/612 708/708/622
f 709/709/623 697/697/615 700/700/615
f 709/709/623 700/700/615 710/710/623
f 711/711/624 701/701/618 704/704/618
f 711/711/624 704/704/618 712/712/624
f 710/710/623 705/705/621 706/706/621
f 710/710/623 706/706/621 709/709/623
f 708/708/622 711/711/624 712/712/624
f 708/708/622 712/712/624 707/707/622
f 190/190/182 185/185/177 186/186/178
f 190/190/182 186/186/178 191/191/183
f 186/186/178 188/188/180 193/193/185
f 186/186/178 193/193/185 191/191/183
f 196/196/188 195/195/187 200/200/192
f 196/196/188 200/200/192 201/201/193
f 203/203/195 198/198/190 196/196/188
f 203/203/195 196/196/188 201/201/193
f 192/192/184 187/187/179 185/185/177
f 192/192/184 185/185/177 190/190/182
f 188/188/180 189/189/181 194/194/186
f 188/188/180 194/194/186 193/193/185
f 195/195/187 197/197/189 202/202/194
f 195/195/187 202/202/194 200/200/192
f 204/204/196 199/199/191 198/198/190
f 204/204/196 198/198/190 203/203/195
f 187/187/179 192/192/184 207/207/199
f 187/187/179 207/207/199 205/205/197
f 208/208/200 194/194/186 189/189/181
f 208/208/200 189/189/181 206/206/198
f 211/211/203 202/202/194 197/197/189
f 211/211/203 197/197/189 209/209/201
f 199/199/191 204/204/196 212/212/204
f 199/199/191 212/212/204 210/210/202
f 243/243/235 231/231/223 205/205/197
f 243/243/235 205/205/197 207/207/199
f 206/206/198 237/237/229 249/249/241
f 206/206/198 249/249/241 208/208/200
f 209/209/201 255/255/247 267/267/259
f 209/209/201 267/267/259 211/211/203
f 273/273/265 261/261/253 210/210/202
f 273/273/265 210/210/202 212/212/204
f 246/246/238 234/234/226 231/231/223
f 246/246/238 231/231/223 243/243/235
f 237/237/229 240/240/232 252/252/244
f 237/237/229 252/252/244 249/249/241
f 255/255/247 258/258/250 270/270/262
f 255/255/247 270/270/262 267/267/259
f 276/276/268 264/264/256 261/261/253
f 276/276/268 261/261/253 273/273/265
f 234/234/226 246/246/238 333/333/325
f 234/234/226 333/333/325 327/327/319
f 336/336/328 252/252/244 240/240/232
f 336/336/328 240/240/232 330/330/322
f 345/345/337 270/270/262 258/258/250
f 345/345/337 258/258/250 339/339/331
f 264/264/256 276/276/268 348/348/340
f 264/264/256 348/348/340 342/342/334
f 383/383/375 381/381/373 327/327/319
f 383/383/375 327/327/319 333/333/325
f 330/330/322 382/382/374 384/384/376
f 330/330/322 384/384/376 336/336/328
f 339/339/331 385/385/377 387/387/379
f 339/339/331 387/387/379 345/345/337
f 388/388/380 386/386/378 342/342/334
f 388/388/380 342/342/334 348/348/340
f 381/381/373 383/383/375 423/423/415
f 381/381/373 423/423/415 421/421/413
f 424/424/416 384/384/376 382/382/374
f 424/424/416 382/382/374 422/422/414
f 427/427/419 387/387/379 385/385/377
f 427/427/419 385/385/377 425/425/417
f 386/386/378 388/388/380 428/428/420
f 386/386/378 428/428/420 426/426/418
f 713/713/625 714/714/626 558/558/550
f 713/713/625 558/558/550 557/557/549
f 715/715/627 716/716/628 560/560/549
f 715/715/627 560/560/549 559/559/551
f 714/714/626 717/717/629 561/561/552
f 714/714/626 561/561/552 558/558/550
f 718/718/630 715/715/627 559/559/551
f 718/718/630 559/559/551 562/562/552
f 719/719/631 720/720/632 564/564/554
f 719/719/631 564/564/554 563/563/553
f 721/721/633 722/722/634 566/566/553
f 721/721/633 566/566/553 565/565/554
f 723/723/635 719/719/631 563/563/553
f 723/723/635 563/563/553 567/567/555
f 722/722/634 724/724/636 568/568/555
f 722/722/634 568/568/555 566/566/553
f 725/725/637 713/713/625 557/557/549
f 725/725/637 557/557/549 569/569/556
f 560/560/549 716/716/628 726/726/638
f 560/560/549 726/726/638 570/570/556
f 561/561/552 717/717/629 727/727/639
f 561/561/552 727/727/639 571/571/557
f 728/728/640 718/718/630 562/562/552
f 728/728/640 562/562/552 572/572/557
f 564/564/554 720/720/632 729/729/641
f 564/564/554 729/729/641 573/573/558
f 730/730/642 721/721/633 565/565/554
f 730/730/642 565/565/554 574/574/558
f 731/731/643 723/723/635 567/567/555
f 731/731/643 567/567/555 575/575/559
f 568/568/555 724/724/636 732/732/644
f 568/568/555 732/732/644 576/576/559
f 733/733/645 725/725/637 569/569/556
f 733/733/645 569/569/556 577/577/560
f 726/726/638 734/734/646 578/578/560
f 726/726/638 578/578/560 570/570/556
f 735/735/647 728/728/640 572/572/557
f 735/735/647 572/572/557 579/579/561
f 727/727/639 736/736/648 580/580/561
f 727/727/639 580/580/561 571/571/557
f 737/737/649 730/730/642 574/574/558
f 737/737/649 574/574/558 581/581/562
f 729/729/641 738/738/650 582/582/562
f 729/729/641 582/582/562 573/573/558
f 739/739/651 731/731/643 575/575/559
f 739/739/651 575/575/559 583/583/563
f 732/732/644 740/740/652 584/584/563
f 732/732/644 584/584/563 576/576/559
f 741/741/653 733/733/645 577/577/560
f 741/741/653 577/577/560 585/585/564
f 734/734/646 742/742/654 586/586/564
f 734/734/646 586/586/564 578/578/560
f 736/736/648 743/743/655 587/587/565
f 736/736/648 587/587/565 580/580/561
f 744/744/656 735/735/647 579/579/561
f 744/744/656 579/579/561 588/588/565
f 738/738/650 745/745/657 589/589/566
f 738/738/650 589/589/566 582/582/562
f 746/746/658 737/737/649 581/581/562
f 746/746/658 581/581/562 590/590/566
f 747/747/659 739/739/651 583/583/563
f 747/747/659 583/583/563 591/591/567
f 740/740/652 748/748/660 592/592/567
f 740/740/652 592/592/567 584/584/563
f 742/742/654 749/749/661 593/593/568
f 742/742/654 593/593/568 586/586/564
f 594/594/568 750/750/662 741/741/653
f 594/594/568 741/741/653 585/585/564
f 743/743/655 751/751/663 595/595/569
f 743/743/655 595/595/569 587/587/565
f 596/596/569 752/752/664 744/744/656
f 596/596/569 744/744/656 588/588/565
f 745/745/657 753/753/665 597/597/570
f 745/745/657 597/597/570 589/589/566
f 598/598/570 754/754/666 746/746/658
f 598/598/570 746/746/658 590/590/566
f 748/748/660 755/755/667 599/599/571
f 748/748/660 599/599/571 592/592/567
f 600/600/571 756/756/668 747/747/659
f 600/600/571 747/747/659 591/591/567
f 749/749/661 757/757/669 601/601/572
f 749/749/661 601/601/572 593/593/568
f 602/602/572 758/758/670 750/750/662
f 602/602/572 750/750/662 594/594/568
f 751/751/663 759/759/671 603/603/573
f 751/751/663 603/603/573 595/595/569
f 604/604/573 760/760/672 752/752/664
f 604/604/573 752/752/664 596/596/569
f 753/753/665 761/761/673 605/605/574
f 753/753/665 605/605/574 597/597/570
f 606/606/574 762/762/674 754/754/666
f 606/606/574 754/754/666 598/598/570
f 755/755/667 763/763/675 607/607/575
f 755/755/667 607/607/575 599/599/571
f 608/608/575 764/764/676 756/756/668
f 608/608/575 756/756/668 600/600/571
f 609/609/576 765/765/677 758/758/670
f 609/609/576 758/758/670 602/602/572
f 757/757/669 766/766/678 610/610/576
f 757/757/669 610/610/576 601/601/572
f 759/759/671 767/767/679 611/611/577
f 759/759/671 611/611/577 603/603/573
f 612/612/577 768/768/680 760/760/672
f 612/612/577 760/760/672 604/604/573
f 761/761/673 769/769/681 613/613/578
f 761/761/673 613/613/578 605/605/574
f 614/614/578 770/770/682 762/762/674
f 614/614/578 762/762/674 606/606/574
f 615/615/579 771/771/683 764/764/676
f 615/615/579 764/764/676 608/608/575
f 763/763/675 772/772/684 616/616/579
f 763/763/675 616/616/579 607/607/575
f 773/773/685 765/765/677 609/609/576
f 773/773/685 609/609/576 617/617/580
f 610/610/576 766/766/678 774/774/686
f 610/610/576 774/774/686 618/618/580
f 774/774/686 775/775/687 619/619/581
f 774/774/686 619/619/581 618/618/580
f 620/620/581 776/776/688 773/773/685
f 620/620/581 773/773/685 617/617/580
f 777/777/689 768/768/680 612/612/577
f 777/777/689 612/612/577 621/621/582
f 611/611/577 767/767/679 778/778/690
f 611/611/577 778/778/690 622/622/582
f 778/778/690 779/779/691 623/623/583
f 778/778/690 623/623/583 622/622/582
f 624/624/583 780/780/692 777/777/689
f 624/624/583 777/777/689 621/621/582
f 781/781/693 770/770/682 614/614/578
f 781/781/693 614/614/578 625/625/584
f 613/613/578 769/769/681 782/782/694
f 613/613/578 782/782/694 626/626/584
f 782/782/694 783/783/695 627/627/585
f 782/782/694 627/627/585 626/626/584
f 628/628/585 784/784/696 781/781/693
f 628/628/585 781/781/693 625/625/584
f 785/785/697 771/771/683 615/615/579
f 785/785/697 615/615/579 629/629/586
f 616/616/579 772/772/684 786/786/698
f 616/616/579 786/786/698 630/630/586
f 786/786/698 787/787/699 631/631/587
f 786/786/698 631/631/587 630/630/586
f 632/632/587 788/788/700 785/785/697
f 632/632/587 785/785/697 629/629/586
f 789/789/701 776/776/688 620/620/581
f 789/789/701 620/620/581 633/633/588
f 619/619/581 775/775/687 790/790/702
f 619/619/581 790/790/702 634/634/588
f 623/623/583 779/779/691 791/791/703
f 623/623/583 791/791/703 635/635/589
f 792/792/704 780/780/692 624/624/583
f 792/792/704 624/624/583 636/636/589
f 627/627/585 783/783/695 793/793/705
f 627/627/585 793/793/705 637/637/590
f 794/794/706 784/784/696 628/628/585
f 794/794/706 628/628/585 638/638/590
f 795/795/707 788/788/700 632/632/587
f 795/795/707 632/632/587 639/639/591
f 631/631/587 787/787/699 796/796/708
f 631/631/587 796/796/708 640/640/591
f 797/797/709 789/789/701 633/633/588
f 797/797/709 633/633/588 641/641/592
f 790/790/702 798/798/710 642/642/592
f 790/790/702 642/642/592 634/634/588
f 799/799/711 792/792/704 636/636/589
f 799/799/711 636/636/589 643/643/593
f 791/791/703 800/800/712 644/644/593
f 791/791/703 644/644/593 635/635/589
f 801/801/713 794/794/706 638/638/590
f 801/801/713 638/638/590 645/645/594
f 793/793/705 802/802/714 646/646/594
f 793/793/705 646/646/594 637/637/590
f 803/803/715 795/795/707 639/639/591
f 803/803/715 639/639/591 647/647/595
f 796/796/708 804/804/716 648/648/595
f 796/796/708 648/648/595 640/640/591
f 805/805/717 797/797/709 641/641/592
f 805/805/717 641/641/592 649/649/596
f 798/798/710 806/806/718 650/650/596
f 798/798/710 650/650/596 642/642/592
f 807/807/719 799/799/711 643/643/593
f 807/807/719 643/643/593 651/651/597
f 800/800/712 808/808/720 652/652/597
f 800/800/712 652/652/597 644/644/593
f 809/809/721 801/801/713 645/645/594
f 809/809/721 645/645/594 653/653/598
f 802/802/714 810/810/722 654/654/598
f 802/802/714 654/654/598 646/646/594
f 811/811/723 803/803/715 647/647/595
f 811/811/723 647/647/595 655/655/599
f 804/804/716 812/812/724 656/656/599
f 804/804/716 656/656/599 648/648/595
f 813/813/725 657/657/600 660/660/600
f 813/813/725 660/660/600 814/814/726
f 815/815/727 659/659/600 658/658/600
f 815/815/727 658/658/600 816/816/728
f 817/817/729 661/661/601 664/664/601
f 817/817/729 664/664/601 818/818/730
f 819/819/731 663/663/602 662/662/601
f 819/819/731 662/662/601 820/820/732
f 821/821/733 665/665/603 668/668/603
f 821/821/733 668/668/603 822/822/734
f 823/823/735 667/667/603 666/666/603
f 823/823/735 666/666/603 824/824/736
f 825/825/737 669/669/604 672/672/604
f 825/825/737 672/672/604 826/826/738
f 827/827/739 671/671/604 670/670/604
f 827/827/739 670/670/604 828/828/740
f 829/829/741 830/830/742 673/673/605
f 829/829/741 673/673/605 676/676/605
f 831/831/743 675/675/605 674/674/605
f 831/831/743 674/674/605 832/832/744
f 833/833/745 834/834/746 677/677/606
f 833/833/745 677/677/606 680/680/606
f 835/835/747 679/679/606 678/678/606
f 835/835/747 678/678/606 836/836/748
f 837/837/749 838/838/750 681/681/607
f 837/837/749 681/681/607 684/684/607
f 839/839/751 683/683/607 682/682/607
f 839/839/751 682/682/607 840/840/752
f 841/841/753 842/842/754 685/685/608
f 841/841/753 685/685/608 688/688/608
f 843/843/755 687/687/608 686/686/608
f 843/843/755 686/686/608 844/844/756
f 845/845/757 846/846/758 690/690/610
f 845/845/757 690/690/610 689/689/609
f 691/691/611 847/847/759 848/848/760
f 691/691/611 848/848/760 692/692/609
f 849/849/761 850/850/762 694/694/613
f 849/849/761 694/694/613 693/693/612
f 695/695/614 851/851/763 852/852/764
f 695/695/614 852/852/764 696/696/612
f 853/853/765 854/854/766 698/698/616
f 853/853/765 698/698/616 697/697/615
f 699/699/617 855/855/767 856/856/768
f 699/699/617 856/856/768 700/700/615
f 857/857/769 858/858/770 702/702/619
f 857/857/769 702/702/619 701/701/618
f 703/703/620 859/859/771 860/860/772
f 703/703/620 860/860/772 704/704/618
f 861/861/773 845/845/757 689/689/609
f 861/861/773 689/689/609 705/705/621
f 692/692/609 848/848/760 862/862/774
f 692/692/609 862/862/774 706/706/621
f 863/863/775 849/849/761 693/693/612
f 863/863/775 693/693/612 707/707/622
f 696/696/612 852/852/764 864/864/776
f 696/696/612 864/864/776 708/708/622
f 865/865/777 853/853/765 697/697/615
f 865/865/777 697/697/615 709/709/623
f 700/700/615 856/856/768 866/866/778
f 700/700/615 866/866/778 710/710/623
f 867/867/779 857/857/769 701/701/618
f 867/867/779 701/701/618 711/711/624
f 704/704/618 860/860/772 868/868/780
f 704/704/618 868/868/780 712/712/624
f 866/866/778 861/861/773 705/705/621
f 866/866/778 705/705/621 710/710/623
f 862/862/774 865/865/777 709/709/623
f 862/862/774 709/709/623 706/706/621
f 864/864/776 867/867/779 711/711/624
f 864/864/776 711/711/624 708/708/622
f 868/868/780 863/863/775 707/707/622
f 868/868/780 707/707/622 712/712/624
f 26/26/26 869/869/781 27/27/27 
f 28/28/27 774/870/686 766/871/678
f 28/28/27 766/871/678 25/25/25
f 27/27/27 869/869/781 29/29/28 
f 775/872/687 774/870/686 28/28/27
f 775/872/687 28/28/27 30/30/29
f 31/31/30 870/873/782 32/32/31 
f 768/874/680 777/875/689 34/34/30
f 768/874/680 34/34/30 33/33/32
f 36/36/34 870/873/782 31/31/30 
f 34/34/30 777/875/689 780/876/692
f 34/34/30 780/876/692 35/35/33
f 37/37/35 871/877/783 38/38/36 
f 770/878/682 781/879/693 40/40/35
f 770/878/682 40/40/35 39/39/37
f 42/42/39 871/877/783 37/37/35 
f 40/40/35 781/879/693 784/880/696
f 40/40/35 784/880/696 41/41/38
f 44/44/41 872/881/784 45/45/42 
f 46/46/42 786/882/698 772/883/684
f 46/46/42 772/883/684 43/43/40
f 45/45/42 872/881/784 47/47/43 
f 787/884/699 786/882/698 46/46/42
f 787/884/699 46/46/42 48/48/44
f 49/49/45 873/885/785 50/50/46 
f 765/886/677 773/887/685 52/52/45
f 765/886/677 52/52/45 51/51/47
f 54/54/49 873/885/785 49/49/45 
f 52/52/45 773/887/685 776/888/688
f 52/52/45 776/888/688 53/53/48
f 56/56/51 874/889/786 57/57/52 
f 58/58/52 778/890/690 767/891/679
f 58/58/52 767/891/679 55/55/50
f 57/57/52 874/889/786 59/59/53 
f 779/892/691 778/890/690 58/58/52
f 779/892/691 58/58/52 60/60/54
f 62/62/56 875/893/787 63/63/57 
f 64/64/57 782/894/694 769/895/681
f 64/64/57 769/895/681 61/61/55
f 63/63/57 875/893/787 65/65/58 
f 783/896/695 782/894/694 64/64/57
f 783/896/695 64/64/57 66/66/59
f 67/67/60 876/897/788 68/68/61 
f 771/898/683 785/899/697 70/70/60
f 771/898/683 70/70/60 69/69/62
f 72/72/64 876/897/788 67/67/60 
f 70/70/60 785/899/697 788/900/700
f 70/70/60 788/900/700 71/71/63
f 73/73/65 806/901/718 74/74/66 
f 877/902/789 878/903/790 76/76/68
f 877/902/789 76/76/68 75/75/67
f 78/78/70 807/904/719 79/79/71 
f 80/80/72 879/905/791 880/906/792
f 80/80/72 880/906/792 77/77/69
f 82/82/74 809/907/721 83/83/75 
f 84/84/76 881/908/793 882/909/794
f 84/84/76 882/909/794 81/81/73
f 85/85/77 812/910/724 86/86/78 
f 883/911/795 884/912/796 88/88/80
f 883/911/795 88/88/80 87/87/79
f 90/90/82 805/913/717 91/91/83 
f 92/92/84 885/914/797 886/915/798
f 92/92/84 886/915/798 89/89/81
f 93/93/85 808/916/720 94/94/86 
f 887/917/799 888/918/800 96/96/88
f 887/917/799 96/96/88 95/95/87
f 97/97/89 810/919/722 98/98/90 
f 889/920/801 890/921/802 100/100/92
f 889/920/801 100/100/92 99/99/91
f 102/102/94 811/922/723 103/103/95 
f 104/104/96 891/923/803 892/924/804
f 104/104/96 892/924/804 101/101/93
f 893/925/805 894/926/806 110/110/102
f 893/925/805 110/110/102 109/109/101
f 716/927/628 715/928/627 112/112/104
f 716/927/628 112/112/104 111/111/103
f 715/928/627 718/929/630 115/115/107
f 715/928/627 115/115/107 112/112/104
f 116/116/108 895/930/807 893/925/805
f 116/116/108 893/925/805 109/109/101
f 722/931/634 721/932/633 123/123/115
f 722/931/634 123/123/115 122/122/114
f 124/124/116 896/933/808 897/934/809
f 124/124/116 897/934/809 121/121/113
f 897/934/809 898/935/810 127/127/119
f 897/934/809 127/127/119 121/121/113
f 724/936/636 722/931/634 122/122/114
f 724/936/636 122/122/114 128/128/120
f 714/937/626 713/938/625 135/135/127
f 714/937/626 135/135/127 134/134/126
f 136/136/128 899/939/811 900/940/812
f 136/136/128 900/940/812 133/133/125
f 900/940/812 901/941/813 139/139/131
f 900/940/812 139/139/131 133/133/125
f 717/942/629 714/937/626 134/134/126
f 717/942/629 134/134/126 140/140/132
f 902/943/814 903/944/815 146/146/138
f 902/943/814 146/146/138 145/145/137
f 720/945/632 719/946/631 148/148/140
f 720/945/632 148/148/140 147/147/139
f 719/946/631 723/947/635 151/151/143
f 719/946/631 151/151/143 148/148/140
f 152/152/144 904/948/816 902/943/814
f 152/152/144 902/943/814 145/145/137
f 894/926/806 905/949/817 155/155/147
f 894/926/806 155/155/147 110/110/102
f 156/156/148 726/950/638 716/927/628
f 156/156/148 716/927/628 111/111/103
f 718/929/630 728/951/640 159/159/151
f 718/929/630 159/159/151 115/115/107
f 160/160/152 906/952/818 895/930/807
f 160/160/152 895/930/807 116/116/108
f 721/932/633 730/953/642 163/163/155
f 721/932/633 163/163/155 123/123/115
f 164/164/156 907/954/819 896/933/808
f 164/164/156 896/933/808 124/124/116
f 898/935/810 908/955/820 167/167/159
f 898/935/810 167/167/159 127/127/119
f 168/168/160 732/956/644 724/936/636
f 168/168/160 724/936/636 128/128/120
f 713/938/625 725/957/637 171/171/163
f 713/938/625 171/171/163 135/135/127
f 172/172/164 909/958/821 899/939/811
f 172/172/164 899/939/811 136/136/128
f 901/941/813 910/959/822 175/175/167
f 901/941/813 175/175/167 139/139/131
f 176/176/168 727/960/639 717/942/629
f 176/176/168 717/942/629 140/140/132
f 903/944/815 911/961/823 179/179/171
f 903/944/815 179/179/171 146/146/138
f 180/180/172 729/962/641 720/945/632
f 180/180/172 720/945/632 147/147/139
f 723/947/635 731/963/643 183/183/175
f 723/947/635 183/183/175 151/151/143
f 184/184/176 912/964/824 904/948/816
f 184/184/176 904/948/816 152/152/144
f 155/155/147 905/949/817 913/965/825
f 155/155/147 913/965/825 213/213/205
f 214/214/206 734/966/646 726/950/638
f 214/214/206 726/950/638 156/156/148
f 728/951/640 735/967/647 215/215/207
f 728/951/640 215/215/207 159/159/151
f 914/968/826 906/952/818 160/160/152
f 914/968/826 160/160/152 216/216/208
f 730/953/642 737/969/649 217/217/209
f 730/953/642 217/217/209 163/163/155
f 915/970/827 907/954/819 164/164/156
f 915/970/827 164/164/156 218/218/210
f 167/167/159 908/955/820 916/971/828
f 167/167/159 916/971/828 219/219/211
f 220/220/212 740/972/652 732/956/644
f 220/220/212 732/956/644 168/168/160
f 725/957/637 733/973/645 221/221/213
f 725/957/637 221/221/213 171/171/163
f 917/974/829 909/958/821 172/172/164
f 917/974/829 172/172/164 222/222/214
f 175/175/167 910/959/822 918/975/830
f 175/175/167 918/975/830 223/223/215
f 224/224/216 736/976/648 727/960/639
f 224/224/216 727/960/639 176/176/168
f 179/179/171 911/961/823 919/977/831
f 179/179/171 919/977/831 225/225/217
f 226/226/218 738/978/650 729/962/641
f 226/226/218 729/962/641 180/180/172
f 731/963/643 739/979/651 227/227/219
f 731/963/643 227/227/219 183/183/175
f 920/980/832 912/964/824 184/184/176
f 920/980/832 184/184/176 228/228/220
f 278/278/270 749/981/661 742/982/654
f 278/278/270 742/982/654 279/279/271
f 280/280/272 921/983/833 922/984/834
f 280/280/272 922/984/834 277/277/269
f 757/985/669 749/981/661 278/278/270
f 757/985/669 278/278/270 282/282/274
f 277/277/269 922/984/834 923/986/835
f 277/277/269 923/986/835 281/281/273
f 924/987/836 925/988/837 284/284/276
f 924/987/836 284/284/276 283/283/275
f 744/989/656 752/990/664 286/286/278
f 744/989/656 286/286/278 285/285/277
f 926/991/838 924/987/836 283/283/275
f 926/991/838 283/283/275 287/287/279
f 752/990/664 760/992/672 288/288/280
f 752/990/664 288/288/280 286/286/278
f 927/993/839 928/994/840 290/290/282
f 927/993/839 290/290/282 289/289/281
f 746/995/658 754/996/666 292/292/284
f 746/995/658 292/292/284 291/291/283
f 929/997/841 927/993/839 289/289/281
f 929/997/841 289/289/281 293/293/285
f 754/996/666 762/998/674 294/294/286
f 754/996/666 294/294/286 292/292/284
f 296/296/288 755/999/667 748/1000/660
f 296/296/288 748/1000/660 297/297/289
f 298/298/290 930/1001/842 931/1002/843
f 298/298/290 931/1002/843 295/295/287
f 763/1003/675 755/999/667 296/296/288
f 763/1003/675 296/296/288 300/300/292
f 295/295/287 931/1002/843 932/1004/844
f 295/295/287 932/1004/844 299/299/291
f 933/1005/845 934/1006/846 302/302/294
f 933/1005/845 302/302/294 301/301/293
f 741/1007/653 750/1008/662 304/304/296
f 741/1007/653 304/304/296 303/303/295
f 935/1009/847 933/1005/845 301/301/293
f 935/1009/847 301/301/293 305/305/297
f 750/1008/662 758/1010/670 306/306/298
f 750/1008/662 306/306/298 304/304/296
f 308/308/300 751/1011/663 743/1012/655
f 308/308/300 743/1012/655 309/309/301
f 310/310/302 936/1013/848 937/1014/849
f 310/310/302 937/1014/849 307/307/299
f 759/1015/671 751/1011/663 308/308/300
f 759/1015/671 308/308/300 312/312/304
f 307/307/299 937/1014/849 938/1016/850
f 307/307/299 938/1016/850 311/311/303
f 314/314/306 753/1017/665 745/1018/657
f 314/314/306 745/1018/657 315/315/307
f 316/316/308 939/1019/851 940/1020/852
f 316/316/308 940/1020/852 313/313/305
f 761/1021/673 753/1017/665 314/314/306
f 761/1021/673 314/314/306 318/318/310
f 313/313/305 940/1020/852 941/1022/853
f 313/313/305 941/1022/853 317/317/309
f 942/1023/854 943/1024/855 320/320/312
f 942/1023/854 320/320/312 319/319/311
f 747/1025/659 756/1026/668 322/322/314
f 747/1025/659 322/322/314 321/321/313
f 944/1027/856 942/1023/854 319/319/311
f 944/1027/856 319/319/311 323/323/315
f 756/1026/668 764/1028/676 324/324/316
f 756/1026/668 324/324/316 322/322/314
f 279/279/271 742/982/654 734/966/646
f 279/279/271 734/966/646 214/214/206
f 213/213/205 913/965/825 921/983/833
f 213/213/205 921/983/833 280/280/272
f 925/988/837 914/968/826 216/216/208
f 925/988/837 216/216/208 284/284/276
f 735/967/647 744/989/656 285/285/277
f 735/967/647 285/285/277 215/215/207
f 928/994/840 915/970/827 218/218/210
f 928/994/840 218/218/210 290/290/282
f 737/969/649 746/995/658 291/291/283
f 737/969/649 291/291/283 217/217/209
f 297/297/289 748/1000/660 740/972/652
f 297/297/289 740/972/652 220/220/212
f 219/219/211 916/971/828 930/1001/842
f 219/219/211 930/1001/842 298/298/290
f 934/1006/846 917/974/829 222/222/214
f 934/1006/846 222/222/214 302/302/294
f 733/973/645 741/1007/653 303/303/295
f 733/973/645 303/303/295 221/221/213
f 309/309/301 743/1012/655 736/976/648
f 309/309/301 736/976/648 224/224/216
f 223/223/215 918/975/830 936/1013/848
f 223/223/215 936/1013/848 310/310/302
f 315/315/307 745/1018/657 738/978/650
f 315/315/307 738/978/650 226/226/218
f 225/225/217 919/977/831 939/1019/851
f 225/225/217 939/1019/851 316/316/308
f 943/1024/855 920/980/832 228/228/220
f 943/1024/855 228/228/220 320/320/312
f 739/979/651 747/1025/659 321/321/313
f 739/979/651 321/321/313 227/227/219
f 281/281/273 923/986/835 869/869/781
f 281/281/273 869/869/781 26/26/26
f 25/25/25 766/871/678 757/985/669
f 25/25/25 757/985/669 282/282/274
f 760/992/672 768/874/680 33/33/32
f 760/992/672 33/33/32 288/288/280
f 870/873/782 926/991/838 287/287/279
f 870/873/782 287/287/279 32/32/31
f 762/998/674 770/878/682 39/39/37
f 762/998/674 39/39/37 294/294/286
f 871/877/783 929/997/841 293/293/285
f 871/877/783 293/293/285 38/38/36
f 299/299/291 932/1004/844 872/881/784
f 299/299/291 872/881/784 44/44/41
f 43/43/40 772/883/684 763/1003/675
f 43/43/40 763/1003/675 300/300/292
f 758/1010/670 765/886/677 51/51/47
f 758/1010/670 51/51/47 306/306/298
f 873/885/785 935/1009/847 305/305/297
f 873/885/785 305/305/297 50/50/46
f 311/311/303 938/1016/850 874/889/786
f 311/311/303 874/889/786 56/56/51
f 55/55/50 767/891/679 759/1015/671
f 55/55/50 759/1015/671 312/312/304
f 317/317/309 941/1022/853 875/893/787
f 317/317/309 875/893/787 62/62/56
f 61/61/55 769/895/681 761/1021/673
f 61/61/55 761/1021/673 318/318/310
f 764/1028/676 771/898/683 69/69/62
f 764/1028/676 69/69/62 324/324/316
f 876/897/788 944/1027/856 323/323/315
f 876/897/788 323/323/315 68/68/61
f 869/869/781 945/1029/857 351/351/343
f 869/869/781 351/351/343 29/29/28
f 790/1030/702 775/872/687 30/30/29
f 790/1030/702 30/30/29 352/352/344
f 35/35/33 780/876/692 792/1031/704
f 35/35/33 792/1031/704 355/355/347
f 356/356/348 946/1032/858 870/873/782
f 356/356/348 870/873/782 36/36/34
f 41/41/38 784/880/696 794/1033/706
f 41/41/38 794/1033/706 359/359/351
f 360/360/352 947/1034/859 871/877/783
f 360/360/352 871/877/783 42/42/39
f 872/881/784 948/1035/860 363/363/355
f 872/881/784 363/363/355 47/47/43
f 796/1036/708 787/884/699 48/48/44
f 796/1036/708 48/48/44 364/364/356
f 53/53/48 776/888/688 789/1037/701
f 53/53/48 789/1037/701 367/367/359
f 368/368/360 949/1038/861 873/885/785
f 368/368/360 873/885/785 54/54/49
f 874/889/786 950/1039/862 371/371/363
f 874/889/786 371/371/363 59/59/53
f 791/1040/703 779/892/691 60/60/54
f 791/1040/703 60/60/54 372/372/364
f 875/893/787 951/1041/863 375/375/367
f 875/893/787 375/375/367 65/65/58
f 793/1042/705 783/896/695 66/66/59
f 793/1042/705 66/66/59 376/376/368
f 71/71/63 788/900/700 795/1043/707
f 71/71/63 795/1043/707 379/379/371
f 380/380/372 952/1044/864 876/897/788
f 380/380/372 876/897/788 72/72/64
f 945/1029/857 953/1045/865 391/391/383
f 945/1029/857 391/391/383 351/351/343
f 798/1046/710 790/1030/702 352/352/344
f 798/1046/710 352/352/344 392/392/384
f 355/355/347 792/1031/704 799/1047/711
f 355/355/347 799/1047/711 395/395/387
f 396/396/388 954/1048/866 946/1032/858
f 396/396/388 946/1032/858 356/356/348
f 359/359/351 794/1033/706 801/1049/713
f 359/359/351 801/1049/713 399/399/391
f 400/400/392 955/1050/867 947/1034/859
f 400/400/392 947/1034/859 360/360/352
f 948/1035/860 956/1051/868 403/403/395
f 948/1035/860 403/403/395 363/363/355
f 804/1052/716 796/1036/708 364/364/356
f 804/1052/716 364/364/356 404/404/396
f 367/367/359 789/1037/701 797/1053/709
f 367/367/359 797/1053/709 407/407/399
f 408/408/400 957/1054/869 949/1038/861
f 408/408/400 949/1038/861 368/368/360
f 950/1039/862 958/1055/870 411/411/403
f 950/1039/862 411/411/403 371/371/363
f 800/1056/712 791/1040/703 372/372/364
f 800/1056/712 372/372/364 412/412/404
f 951/1041/863 959/1057/871 415/415/407
f 951/1041/863 415/415/407 375/375/367
f 802/1058/714 793/1042/705 376/376/368
f 802/1058/714 376/376/368 416/416/408
f 379/379/371 795/1043/707 803/1059/715
f 379/379/371 803/1059/715 419/419/411
f 420/420/412 960/1060/872 952/1044/864
f 420/420/412 952/1044/864 380/380/372
f 953/1045/865 877/902/789 75/75/67
f 953/1045/865 75/75/67 391/391/383
f 806/901/718 798/1046/710 392/392/384
f 806/901/718 392/392/384 74/74/66
f 395/395/387 799/1047/711 807/904/719
f 395/395/387 807/904/719 78/78/70
f 77/77/69 880/906/792 954/1048/866
f 77/77/69 954/1048/866 396/396/388
f 399/399/391 801/1049/713 809/907/721
f 399/399/391 809/907/721 82/82/74
f 81/81/73 882/909/794 955/1050/867
f 81/81/73 955/1050/867 400/400/392
f 956/1051/868 883/911/795 87/87/79
f 956/1051/868 87/87/79 403/403/395
f 812/910/724 804/1052/716 404/404/396
f 812/910/724 404/404/396 86/86/78
f 407/407/399 797/1053/709 805/913/717
f 407/407/399 805/913/717 90/90/82
f 89/89/81 886/915/798 957/1054/869
f 89/89/81 957/1054/869 408/408/400
f 958/1055/870 887/917/799 95/95/87
f 958/1055/870 95/95/87 411/411/403
f 808/916/720 800/1056/712 412/412/404
f 808/916/720 412/412/404 94/94/86
f 959/1057/871 889/920/801 99/99/91
f 959/1057/871 99/99/91 415/415/407
f 810/919/722 802/1058/714 416/416/408
f 810/919/722 416/416/408 98/98/90
f 419/419/411 803/1059/715 811/922/723
f 419/419/411 811/922/723 102/102/94
f 101/101/93 892/924/804 960/1060/872
f 101/101/93 960/1060/872 420/420/412
f 961/1061/873 962/1062/874 482/482/474
f 961/1061/873 482/482/474 481/481/473
f 815/1063/727 816/1064/728 484/484/476
f 815/1063/727 484/484/476 483/483/475
f 820/1065/732 489/489/481 492/492/484
f 820/1065/732 492/492/484 819/1066/731
f 963/1067/875 491/491/483 490/490/482
f 963/1067/875 490/490/482 964/1068/876
f 824/1069/736 497/497/489 500/500/492
f 824/1069/736 500/500/492 823/1070/735
f 965/1071/877 499/499/491 498/498/490
f 965/1071/877 498/498/490 966/1072/878
f 967/1073/879 968/1074/880 506/506/498
f 967/1073/879 506/506/498 505/505/497
f 827/1075/739 828/1076/740 508/508/500
f 827/1075/739 508/508/500 507/507/499
f 814/1077/726 513/513/505 516/516/508
f 814/1077/726 516/516/508 813/1078/725
f 969/1079/881 515/515/507 514/514/506
f 969/1079/881 514/514/506 970/1080/882
f 971/1081/883 972/1082/884 522/522/514
f 971/1081/883 522/522/514 521/521/513
f 817/1083/729 818/1084/730 524/524/516
f 817/1083/729 524/524/516 523/523/515
f 973/1085/885 974/1086/886 530/530/522
f 973/1085/885 530/530/522 529/529/521
f 821/1087/733 822/1088/734 532/532/524
f 821/1087/733 532/532/524 531/531/523
f 826/1089/738 537/537/529 540/540/532
f 826/1089/738 540/540/532 825/1090/737
f 975/1091/887 539/539/531 538/538/530
f 975/1091/887 538/538/530 976/1092/888
f 977/1093/889 978/1094/890 674/674/605
f 977/1093/889 674/674/605 673/673/605
f 979/1095/891 980/1096/891 676/676/605
f 979/1095/891 676/676/605 675/675/605
f 981/1097/892 982/1098/893 678/678/606
f 981/1097/892 678/678/606 677/677/606
f 983/1099/894 984/1100/895 680/680/606
f 983/1099/894 680/680/606 679/679/606
f 985/1101/896 986/1102/897 682/682/607
f 985/1101/896 682/682/607 681/681/607
f 987/1103/898 988/1104/898 684/684/607
f 987/1103/898 684/684/607 683/683/607
f 989/1105/899 990/1106/900 686/686/608
f 989/1105/899 686/686/608 685/685/608
f 991/1107/901 992/1108/901 688/688/608
f 991/1107/901 688/688/608 687/687/608
f 830/830/742 993/1109/902 977/1093/889
f 830/830/742 977/1093/889 673/673/605
f 676/676/605 980/1096/891 994/1110/903
f 676/676/605 994/1110/903 829/829/741
f 995/1111/904 979/1095/891 675/675/605
f 995/1111/904 675/675/605 831/831/743
f 978/1094/890 996/1112/905 832/832/744
f 978/1094/890 832/832/744 674/674/605
f 834/834/746 997/1113/906 981/1097/892
f 834/834/746 981/1097/892 677/677/606
f 680/680/606 984/1100/895 998/1114/907
f 680/680/606 998/1114/907 833/833/745
f 999/1115/908 983/1099/894 679/679/606
f 999/1115/908 679/679/606 835/835/747
f 982/1098/893 1000/1116/909 836/836/748
f 982/1098/893 836/836/748 678/678/606
f 838/838/750 1001/1117/910 985/1101/896
f 838/838/750 985/1101/896 681/681/607
f 684/684/607 988/1104/898 1002/1118/911
f 684/684/607 1002/1118/911 837/837/749
f 1003/1119/912 987/1103/898 683/683/607
f 1003/1119/912 683/683/607 839/839/751
f 986/1102/897 1004/1120/913 840/840/752
f 986/1102/897 840/840/752 682/682/607
f 842/842/754 1005/1121/914 989/1105/899
f 842/842/754 989/1105/899 685/685/608
f 688/688/608 992/1108/901 1006/1122/915
f 688/688/608 1006/1122/915 841/841/753
f 1007/1123/916 991/1107/901 687/687/608
f 1007/1123/916 687/687/608 843/843/755
f 990/1106/900 1008/1124/917 844/844/756
f 990/1106/900 844/844/756 686/686/608
f 850/1125/762 849/1126/761 486/486/478
f 850/1125/762 486/486/478 485/485/477
f 456/456/448 455/455/447 488/488/480
f 456/456/448 488/488/480 487/487/479
f 835/1127/747 836/1128/748 490/490/482
f 835/1127/747 490/490/482 489/489/481
f 80/80/72 79/79/71 492/492/484
f 80/80/72 492/492/484 491/491/483
f 502/502/494 459/459/451 460/460/452
f 502/502/494 460/460/452 503/503/495
f 504/504/496 860/1129/772 859/1130/771
f 504/504/496 859/1130/771 501/501/493
f 506/506/498 842/1131/754 841/1132/753
f 506/506/498 841/1132/753 507/507/499
f 508/508/500 85/85/77 88/88/80
f 508/508/500 88/88/80 505/505/497
f 518/518/510 463/463/455 464/464/456
f 518/518/510 464/464/456 519/519/511
f 520/520/512 852/1133/764 851/1134/763
f 520/520/512 851/1134/763 517/517/509
f 522/522/514 834/1135/746 833/1136/745
f 522/522/514 833/1136/745 523/523/515
f 524/524/516 93/93/85 96/96/88
f 524/524/516 96/96/88 521/521/513
f 858/1137/770 857/1138/769 534/534/526
f 858/1137/770 534/534/526 533/533/525
f 468/468/460 467/467/459 536/536/528
f 468/468/460 536/536/528 535/535/527
f 843/1139/755 844/1140/756 538/538/530
f 843/1139/755 538/538/530 537/537/529
f 104/104/96 103/103/95 540/540/532
f 104/104/96 540/540/532 539/539/531
f 470/470/462 456/456/448 487/487/479
f 470/470/462 487/487/479 543/543/535
f 849/1126/761 863/1141/775 544/544/536
f 849/1126/761 544/544/536 486/486/478
f 548/548/540 868/1142/780 860/1129/772
f 548/548/540 860/1129/772 504/504/496
f 503/503/495 460/460/452 472/472/464
f 503/503/495 472/472/464 547/547/539
f 552/552/544 864/1143/776 852/1133/764
f 552/552/544 852/1133/764 520/520/512
f 519/519/511 464/464/456 474/474/466
f 519/519/511 474/474/466 551/551/543
f 476/476/468 468/468/460 535/535/527
f 476/476/468 535/535/527 555/555/547
f 857/1138/769 867/1144/779 556/556/548
f 857/1138/769 556/556/548 534/534/526
f 863/1141/775 868/1142/780 548/548/540
f 863/1141/775 548/548/540 544/544/536
f 472/472/464 470/470/462 543/543/535
f 472/472/464 543/543/535 547/547/539
f 474/474/466 476/476/468 555/555/547
f 474/474/466 555/555/547 551/551/543
f 867/1144/779 864/1143/776 552/552/544
f 867/1144/779 552/552/544 556/556/548
f 984/1145/895 983/1146/894 662/662/601
f 984/1145/895 662/662/601 661/661/601
f 651/651/597 652/652/597 664/664/601
f 651/651/597 664/664/601 663/663/602
f 655/655/599 656/656/599 670/670/604
f 655/655/599 670/670/604 669/669/604
f 992/1147/901 991/1148/901 672/672/604
f 992/1147/901 672/672/604 671/671/604
f 998/1149/907 984/1145/895 661/661/601
f 998/1149/907 661/661/601 817/817/729
f 652/652/597 808/808/720 818/818/730
f 652/652/597 818/818/730 664/664/601
f 807/807/719 651/651/597 663/663/602
f 807/807/719 663/663/602 819/819/731
f 983/1146/894 999/1150/908 820/820/732
f 983/1146/894 820/820/732 662/662/601
f 811/811/723 655/655/599 669/669/604
f 811/811/723 669/669/604 825/825/737
f 991/1148/901 1007/1151/916 826/826/738
f 991/1148/901 826/826/738 672/672/604
f 1006/1152/915 992/1147/901 671/671/604
f 1006/1152/915 671/671/604 827/827/739
f 656/656/599 812/812/724 828/828/740
f 656/656/599 828/828/740 670/670/604
f 999/1153/908 835/1127/747 489/489/481
f 999/1153/908 489/489/481 820/1065/732
f 79/79/71 807/904/719 819/1066/731
f 79/79/71 819/1066/731 492/492/484
f 879/905/791 80/80/72 491/491/483
f 879/905/791 491/491/483 963/1067/875
f 836/1128/748 1000/1154/909 964/1068/876
f 836/1128/748 964/1068/876 490/490/482
f 968/1074/880 1005/1155/914 842/1131/754
f 968/1074/880 842/1131/754 506/506/498
f 505/505/497 88/88/80 884/912/796
f 505/505/497 884/912/796 967/1073/879
f 828/1076/740 812/910/724 85/85/77
f 828/1076/740 85/85/77 508/508/500
f 507/507/499 841/1132/753 1006/1156/915
f 507/507/499 1006/1156/915 827/1075/739
f 972/1082/884 997/1157/906 834/1135/746
f 972/1082/884 834/1135/746 522/522/514
f 521/521/513 96/96/88 888/918/800
f 521/521/513 888/918/800 971/1081/883
f 818/1084/730 808/916/720 93/93/85
f 818/1084/730 93/93/85 524/524/516
f 523/523/515 833/1136/745 998/1158/907
f 523/523/515 998/1158/907 817/1083/729
f 1007/1159/916 843/1139/755 537/537/529
f 1007/1159/916 537/537/529 826/1089/738
f 103/103/95 811/922/723 825/1090/737
f 103/103/95 825/1090/737 540/540/532
f 891/923/803 104/104/96 539/539/531
f 891/923/803 539/539/531 975/1091/887
f 844/1140/756 1008/1160/917 976/1092/888
f 844/1140/756 976/1092/888 538/538/530
f 478/478/470 453/453/445 454/454/446
f 478/478/470 454/454/446 479/479/471
f 480/480/472 848/1161/760 847/1162/759
f 480/480/472 847/1162/759 477/477/469
f 482/482/474 830/1163/742 829/1164/741
f 482/482/474 829/1164/741 483/483/475
f 484/484/476 73/73/65 76/76/68
f 484/484/476 76/76/68 481/481/473
f 854/1165/766 853/1166/765 494/494/486
f 854/1165/766 494/494/486 493/493/485
f 458/458/450 457/457/449 496/496/488
f 458/458/450 496/496/488 495/495/487
f 839/1167/751 840/1168/752 498/498/490
f 839/1167/751 498/498/490 497/497/489
f 84/84/76 83/83/75 500/500/492
f 84/84/76 500/500/492 499/499/491
f 846/1169/758 845/1170/757 510/510/502
f 846/1169/758 510/510/502 509/509/501
f 462/462/454 461/461/453 512/512/504
f 462/462/454 512/512/504 511/511/503
f 831/1171/743 832/1172/744 514/514/506
f 831/1171/743 514/514/506 513/513/505
f 92/92/84 91/91/83 516/516/508
f 92/92/84 516/516/508 515/515/507
f 526/526/518 465/465/457 466/466/458
f 526/526/518 466/466/458 527/527/519
f 528/528/520 856/1173/768 855/1174/767
f 528/528/520 855/1174/767 525/525/517
f 530/530/522 838/1175/750 837/1176/749
f 530/530/522 837/1176/749 531/531/523
f 532/532/524 97/97/89 100/100/92
f 532/532/524 100/100/92 529/529/521
f 542/542/534 862/1177/774 848/1161/760
f 542/542/534 848/1161/760 480/480/472
f 479/479/471 454/454/446 469/469/461
f 479/479/471 469/469/461 541/541/533
f 471/471/463 458/458/450 495/495/487
f 471/471/463 495/495/487 545/545/537
f 853/1166/765 865/1178/777 546/546/538
f 853/1166/765 546/546/538 494/494/486
f 473/473/465 462/462/454 511/511/503
f 473/473/465 511/511/503 549/549/541
f 845/1170/757 861/1179/773 550/550/542
f 845/1170/757 550/550/542 510/510/502
f 554/554/546 866/1180/778 856/1173/768
f 554/554/546 856/1173/768 528/528/520
f 527/527/519 466/466/458 475/475/467
f 527/527/519 475/475/467 553/553/545
f 469/469/461 471/471/463 545/545/537
f 469/469/461 545/545/537 541/541/533
f 865/1178/777 862/1177/774 542/542/534
f 865/1178/777 542/542/534 546/546/538
f 861/1179/773 866/1180/778 554/554/546
f 861/1179/773 554/554/546 550/550/542
f 475/475/467 473/473/465 549/549/541
f 475/475/467 549/549/541 553/553/545
f 649/649/596 650/650/596 658/658/600
f 649/649/596 658/658/600 657/657/600
f 980/1181/891 979/1182/891 660/660/600
f 980/1181/891 660/660/600 659/659/600
f 988/1183/898 987/1184/898 666/666/603
f 988/1183/898 666/666/603 665/665/603
f 653/653/598 654/654/598 668/668/603
f 653/653/598 668/668/603 667/667/603
f 805/805/717 649/649/596 657/657/600
f 805/805/717 657/657/600 813/813/725
f 979/1182/891 995/1185/904 814/814/726
f 979/1182/891 814/814/726 660/660/600
f 994/1186/903 980/1181/891 659/659/600
f 994/1186/903 659/659/600 815/815/727
f 650/650/596 806/806/718 816/816/728
f 650/650/596 816/816/728 658/658/600
f 1002/1187/911 988/1183/898 665/665/603
f 1002/1187/911 665/665/603 821/821/733
f 654/654/598 810/810/722 822/822/734
f 654/654/598 822/822/734 668/668/603
f 809/809/721 653/653/598 667/667/603
f 809/809/721 667/667/603 823/823/735
f 987/1184/898 1003/1188/912 824/824/736
f 987/1184/898 824/824/736 666/666/603
f 962/1062/874 993/1189/902 830/1163/742
f 962/1062/874 830/1163/742 482/482/474
f 481/481/473 76/76/68 878/903/790
f 481/481/473 878/903/790 961/1061/873
f 816/1064/728 806/901/718 73/73/65
f 816/1064/728 73/73/65 484/484/476
f 483/483/475 829/1164/741 994/1190/903
f 483/483/475 994/1190/903 815/1063/727
f 1003/1191/912 839/1167/751 497/497/489
f 1003/1191/912 497/497/489 824/1069/736
f 83/83/75 809/907/721 823/1070/735
f 83/83/75 823/1070/735 500/500/492
f 881/908/793 84/84/76 499/499/491
f 881/908/793 499/499/491 965/1071/877
f 840/1168/752 1004/1192/913 966/1072/878
f 840/1168/752 966/1072/878 498/498/490
f 995/1193/904 831/1171/743 513/513/505
f 995/1193/904 513/513/505 814/1077/726
f 91/91/83 805/913/717 813/1078/725
f 91/91/83 813/1078/725 516/516/508
f 885/914/797 92/92/84 515/515/507
f 885/914/797 515/515/507 969/1079/881
f 832/1172/744 996/1194/905 970/1080/882
f 832/1172/744 970/1080/882 514/514/506
f 974/1086/886 1001/1195/910 838/1175/750
f 974/1086/886 838/1175/750 530/530/522
f 529/529/521 100/100/92 890/921/802
f 529/529/521 890/921/802 973/1085/885
f 822/1088/734 810/919/722 97/97/89
f 822/1088/734 97/97/89 532/532/524
f 531/531/523 837/1176/749 1002/1196/911
f 531/531/523 1002/1196/911 821/1087/733
f 921/983/833 913/965/825 3/3/3
f 921/983/833 3/3/3 2/2/2
f 913/965/825 905/949/817 153/153/145
f 913/965/825 153/153/145 3/3/3
f 905/949/817 894/926/806 108/108/100
f 905/949/817 108/108/100 153/153/145
f 894/926/806 893/925/805 105/105/97
f 894/926/806 105/105/97 108/108/100
f 893/925/805 895/930/807 114/114/106
f 893/925/805 114/114/106 105/105/97
f 895/930/807 906/952/818 157/157/149
f 895/930/807 157/157/149 114/114/106
f 906/952/818 914/968/826 4/4/4
f 906/952/818 4/4/4 157/157/149
f 914/968/826 925/988/837 5/5/5
f 914/968/826 5/5/5 4/4/4
f 925/988/837 924/987/836 236/236/228
f 925/988/837 236/236/228 5/5/5
f 924/987/836 926/991/838 238/238/230
f 924/987/836 238/238/230 236/236/228
f 926/991/838 870/873/782 328/328/320
f 926/991/838 328/328/320 238/238/230
f 870/873/782 946/1032/858 353/353/345
f 870/873/782 353/353/345 328/328/320
f 946/1032/858 954/1048/866 393/393/385
f 946/1032/858 393/393/385 353/353/345
f 954/1048/866 880/906/792 432/432/424
f 954/1048/866 432/432/424 393/393/385
f 880/906/792 879/905/791 455/455/447
f 880/906/792 455/455/447 432/432/424
f 879/905/791 963/1067/875 488/488/480
f 879/905/791 488/488/480 455/455/447
f 963/1067/875 964/1068/876 485/485/477
f 963/1067/875 485/485/477 488/488/480
f 964/1068/876 1000/1154/909 850/1125/762
f 964/1068/876 850/1125/762 485/485/477
f 1000/1116/909 982/1098/893 694/694/613
f 1000/1116/909 694/694/613 850/850/762
f 982/1098/893 981/1097/892 695/695/614
f 982/1098/893 695/695/614 694/694/613
f 981/1097/892 997/1113/906 851/851/763
f 981/1097/892 851/851/763 695/695/614
f 997/1157/906 972/1082/884 517/517/509
f 997/1157/906 517/517/509 851/1134/763
f 972/1082/884 971/1081/883 518/518/510
f 972/1082/884 518/518/510 517/517/509
f 971/1081/883 888/918/800 463/463/455
f 971/1081/883 463/463/455 518/518/510
f 888/918/800 887/917/799 444/444/436
f 888/918/800 444/444/436 463/463/455
f 887/917/799 958/1055/870 409/409/401
f 887/917/799 409/409/401 444/444/436
f 958/1055/870 950/1039/862 369/369/361
f 958/1055/870 369/369/361 409/409/401
f 950/1039/862 874/889/786 341/341/333
f 950/1039/862 341/341/333 369/369/361
f 874/889/786 938/1016/850 263/263/255
f 874/889/786 263/263/255 341/341/333
f 938/1016/850 937/1014/849 260/260/252
f 938/1016/850 260/260/252 263/263/255
f 937/1014/849 936/1013/848 17/17/17
f 937/1014/849 17/17/17 260/260/252
f 936/1013/848 918/975/830 18/18/18
f 936/1013/848 18/18/18 17/17/17
f 918/975/830 910/959/822 173/173/165
f 918/975/830 173/173/165 18/18/18
f 910/959/822 901/941/813 138/138/130
f 910/959/822 138/138/130 173/173/165
f 901/941/813 900/940/812 131/131/123
f 901/941/813 131/131/123 138/138/130
f 900/940/812 899/939/811 132/132/124
f 900/940/812 132/132/124 131/131/123
f 899/939/811 909/958/821 169/169/161
f 899/939/811 169/169/161 132/132/124
f 909/958/821 917/974/829 13/13/13
f 909/958/821 13/13/13 169/169/161
f 917/974/829 934/1006/846 14/14/14
f 917/974/829 14/14/14 13/13/13
f 934/1006/846 933/1005/845 254/254/246
f 934/1006/846 254/254/246 14/14/14
f 933/1005/845 935/1009/847 256/256/248
f 933/1005/845 256/256/248 254/254/246
f 935/1009/847 873/885/785 337/337/329
f 935/1009/847 337/337/329 256/256/248
f 873/885/785 949/1038/861 365/365/357
f 873/885/785 365/365/357 337/337/329
f 949/1038/861 957/1054/869 405/405/397
f 949/1038/861 405/405/397 365/365/357
f 957/1054/869 886/915/798 441/441/433
f 957/1054/869 441/441/433 405/405/397
f 886/915/798 885/914/797 461/461/453
f 886/915/798 461/461/453 441/441/433
f 885/914/797 969/1079/881 512/512/504
f 885/914/797 512/512/504 461/461/453
f 969/1079/881 970/1080/882 509/509/501
f 969/1079/881 509/509/501 512/512/504
f 970/1080/882 996/1194/905 846/1169/758
f 970/1080/882 846/1169/758 509/509/501
f 996/1112/905 978/1094/890 690/690/610
f 996/1112/905 690/690/610 846/846/758
f 978/1094/890 977/1093/889 691/691/611
f 978/1094/890 691/691/611 690/690/610
f 977/1093/889 993/1109/902 847/847/759
f 977/1093/889 847/847/759 691/691/611
f 993/1189/902 962/1062/874 477/477/469
f 993/1189/902 477/477/469 847/1162/759
f 962/1062/874 961/1061/873 478/478/470
f 962/1062/874 478/478/470 477/477/469
f 961/1061/873 878/903/790 453/453/445
f 961/1061/873 453/453/445 478/478/470
f 878/903/790 877/902/789 429/429/421
f 878/903/790 429/429/421 453/453/445
f 877/902/789 953/1045/865 389/389/381
f 877/902/789 389/389/381 429/429/421
f 953/1045/865 945/1029/857 349/349/341
f 953/1045/865 349/349/341 389/389/381
f 945/1029/857 869/869/781 326/326/318
f 945/1029/857 326/326/318 349/349/341
f 869/869/781 923/986/835 233/233/225
f 869/869/781 233/233/225 326/326/318
f 923/986/835 922/984/834 230/230/222
f 923/986/835 230/230/222 233/233/225
f 922/984/834 921/983/833 2/2/2
f 922/984/834 2/2/2 230/230/222
f 915/970/827 928/994/840 8/8/8
f 915/970/827 8/8/8 7/7/7
f 928/994/840 927/993/839 242/242/234
f 928/994/840 242/242/234 8/8/8
f 927/993/839 929/997/841 244/244/236
f 927/993/839 244/244/236 242/242/234
f 929/997/841 871/877/783 331/331/323
f 929/997/841 331/331/323 244/244/236
f 871/877/783 947/1034/859 357/357/349
f 871/877/783 357/357/349 331/331/323
f 947/1034/859 955/1050/867 397/397/389
f 947/1034/859 397/397/389 357/357/349
f 955/1050/867 882/909/794 435/435/427
f 955/1050/867 435/435/427 397/397/389
f 882/909/794 881/908/793 457/457/449
f 882/909/794 457/457/449 435/435/427
f 881/908/793 965/1071/877 496/496/488
f 881/908/793 496/496/488 457/457/449
f 965/1071/877 966/1072/878 493/493/485
f 965/1071/877 493/493/485 496/496/488
f 966/1072/878 1004/1192/913 854/1165/766
f 966/1072/878 854/1165/766 493/493/485
f 1004/1120/913 986/1102/897 698/698/616
f 1004/1120/913 698/698/616 854/854/766
f 986/1102/897 985/1101/896 699/699/617
f 986/1102/897 699/699/617 698/698/616
f 985/1101/896 1001/1117/910 855/855/767
f 985/1101/896 855/855/767 699/699/617
f 1001/1195/910 974/1086/886 525/525/517
f 1001/1195/910 525/525/517 855/1174/767
f 974/1086/886 973/1085/885 526/526/518
f 974/1086/886 526/526/518 525/525/517
f 973/1085/885 890/921/802 465/465/457
f 973/1085/885 465/465/457 526/526/518
f 890/921/802 889/920/801 447/447/439
f 890/921/802 447/447/439 465/465/457
f 889/920/801 959/1057/871 413/413/405
f 889/920/801 413/413/405 447/447/439
f 959/1057/871 951/1041/863 373/373/365
f 959/1057/871 373/373/365 413/413/405
f 951/1041/863 875/893/787 344/344/336
f 951/1041/863 344/344/336 373/373/365
f 875/893/787 941/1022/853 269/269/261
f 875/893/787 269/269/261 344/344/336
f 941/1022/853 940/1020/852 266/266/258
f 941/1022/853 266/266/258 269/269/261
f 940/1020/852 939/1019/851 20/20/20
f 940/1020/852 20/20/20 266/266/258
f 939/1019/851 919/977/831 21/21/21
f 939/1019/851 21/21/21 20/20/20
f 919/977/831 911/961/823 177/177/169
f 919/977/831 177/177/169 21/21/21
f 911/961/823 903/944/815 144/144/136
f 911/961/823 144/144/136 177/177/169
f 903/944/815 902/943/814 141/141/133
f 903/944/815 141/141/133 144/144/136
f 902/943/814 904/948/816 150/150/142
f 902/943/814 150/150/142 141/141/133
f 904/948/816 912/964/824 181/181/173
f 904/948/816 181/181/173 150/150/142
f 912/964/824 920/980/832 22/22/22
f 912/964/824 22/22/22 181/181/173
f 920/980/832 943/1024/855 23/23/23
f 920/980/832 23/23/23 22/22/22
f 943/1024/855 942/1023/854 272/272/264
f 943/1024/855 272/272/264 23/23/23
f 942/1023/854 944/1027/856 274/274/266
f 942/1023/854 274/274/266 272/272/264
f 944/1027/856 876/897/788 346/346/338
f 944/1027/856 346/346/338 274/274/266
f 876/897/788 952/1044/864 377/377/369
f 876/897/788 377/377/369 346/346/338
f 952/1044/864 960/1060/872 417/417/409
f 952/1044/864 417/417/409 377/377/369
f 960/1060/872 892/924/804 450/450/442
f 960/1060/872 450/450/442 417/417/409
f 892/924/804 891/923/803 467/467/459
f 892/924/804 467/467/459 450/450/442
f 891/923/803 975/1091/887 536/536/528
f 891/923/803 536/536/528 467/467/459
f 975/1091/887 976/1092/888 533/533/525
f 975/1091/887 533/533/525 536/536/528
f 976/1092/888 1008/1160/917 858/1137/770
f 976/1092/888 858/1137/770 533/533/525
f 1008/1124/917 990/1106/900 702/702/619
f 1008/1124/917 702/702/619 858/858/770
f 990/1106/900 989/1105/899 703/703/620
f 990/1106/900 703/703/620 702/702/619
f 989/1105/899 1005/1121/914 859/859/771
f 989/1105/899 859/859/771 703/703/620
f 1005/1155/914 968/1074/880 501/501/493
f 1005/1155/914 501/501/493 859/1130/771
f 968/1074/880 967/1073/879 502/502/494
f 968/1074/880 502/502/494 501/501/493
f 967/1073/879 884/912/796 459/459/451
f 967/1073/879 459/459/451 502/502/494
f 884/912/796 883/911/795 438/438/430
f 884/912/796 438/438/430 459/459/451
f 883/911/795 956/1051/868 401/401/393
f 883/911/795 401/401/393 438/438/430
f 956/1051/868 948/1035/860 361/361/353
f 956/1051/868 361/361/353 401/401/393
f 948/1035/860 872/881/784 335/335/327
f 948/1035/860 335/335/327 361/361/353
f 872/881/784 932/1004/844 251/251/243
f 872/881/784 251/251/243 335/335/327
f 932/1004/844 931/1002/843 248/248/240
f 932/1004/844 248/248/240 251/251/243
f 931/1002/843 930/1001/842 11/11/11
f 931/1002/843 11/11/11 248/248/240
f 930/1001/842 916/971/828 12/12/12
f 930/1001/842 12/12/12 11/11/11
f 916/971/828 908/955/820 165/165/157
f 916/971/828 165/165/157 12/12/12
f 908/955/820 898/935/810 126/126/118
f 908/955/820 126/126/118 165/165/157
f 898/935/810 897/934/809 119/119/111
f 898/935/810 119/119/111 126/126/118
f 897/934/809 896/933/808 120/120/112
f 897/934/809 120/120/112 119/119/111
f 896/933/808 907/954/819 161/161/153
f 896/933/808 161/161/153 120/120/112
f 907/954/819 915/970/827 7/7/7
f 907/954/819 7/7/7 161/161/153
f 1009/1197/918 1010/1198/919 1011/1199/920
f 1009/1197/918 1011/1199/920 1012/1200/921
f 1013/1201/922 1009/1197/918 1012/1200/921
f 1013/1201/922 1012/1200/921 1014/1202/923
f 1015/1203/924 1013/1201/922 1014/1202/923
f 1015/1203/924 1014/1202/923 1016/1204/925
f 1017/1205/926 1015/1203/924 1016/1204/925
f 1017/1205/926 1016/1204/925 1018/1206/927
f 1019/1207/928 1017/1205/926 1018/1206/927
f 1019/1207/928 1018/1206/927 1020/1208/929
f 1021/1209/930 1019/1210/928 1020/1211/929
f 1021/1209/930 1020/1211/929 1022/1212/931
f 1021/1209/930 1022/1212/931 1023/1213/932
f 1021/1209/930 1023/1213/932 1024/1214/933
f 1024/1214/933 1023/1213/932 1025/1215/934
f 1024/1214/933 1025/1215/934 1026/1216/935
f 1026/1216/935 1025/1215/934 1027/1217/936
f 1026/1216/935 1027/1217/936 1028/1218/937
f 1029/1219/938 1028/1218/937 1027/1217/936
f 1029/1219/938 1027/1217/936 1030/1220/939
f 1029/1219/938 1030/1220/939 1031/1221/940
f 1029/1219/938 1031/1221/940 1032/1222/941
f 1032/1222/941 1031/1221/940 1033/1223/942
f 1032/1222/941 1033/1223/942 1034/1224/943
f 1034/1225/943 1033/1226/942 1035/1227/944
f 1034/1225/943 1035/1227/944 1036/1228/945
f 1036/1228/945 1035/1227/944 1037/1229/946
f 1036/1228/945 1037/1229/946 1038/1230/947
f 1038/1230/947 1037/1229/946 1039/1231/948
f 1038/1230/947 1039/1231/948 1040/1232/949
f 1040/1232/949 1039/1231/948 1041/1233/950
f 1040/1232/949 1041/1233/950 1042/1234/951
f 1042/1234/951 1041/1233/950 1043/1235/952
f 1042/1234/951 1043/1235/952 1044/1236/953
f 1044/1236/953 1043/1235/952 1011/1199/920
f 1044/1236/953 1011/1199/920 1010/1198/919
f 1045/1237/954 1019/1210/928 1021/1209/930
f 1045/1237/954 1021/1209/930 1046/1238/955
f 1046/1238/955 1021/1209/930 1024/1214/933
f 1046/1238/955 1024/1214/933 1047/1239/956
f 1047/1239/956 1024/1214/933 1026/1216/935
f 1047/1239/956 1026/1216/935 1048/1240/957
f 1048/1240/957 1026/1216/935 1028/1218/937
f 1048/1240/957 1028/1218/937 1049/1241/958
f 1050/1242/959 1049/1241/958 1028/1218/937
f 1050/1242/959 1028/1218/937 1029/1219/938
f 1051/1243/960 1050/1242/959 1029/1219/938
f 1051/1243/960 1029/1219/938 1032/1222/941
f 1052/1244/961 1051/1243/960 1032/1222/941
f 1052/1244/961 1032/1222/941 1034/1224/943
f 1053/1245/962 1010/1198/919 1009/1197/918
f 1053/1245/962 1009/1197/918 1054/1246/963
f 1054/1246/963 1009/1197/918 1013/1201/922
f 1054/1246/963 1013/1201/922 1055/1247/964
f 1055/1247/964 1013/1201/922 1015/1203/924
f 1055/1247/964 1015/1203/924 1056/1248/965
f 1056/1248/965 1015/1203/924 1017/1205/926
f 1056/1248/965 1017/1205/926 1057/1249/966
f 1058/1250/967 1057/1249/966 1017/1205/926
f 1058/1250/967 1017/1205/926 1019/1207/928
f 1036/1228/945 1059/1251/968 1034/1225/943 
f 1060/1252/969 1059/1251/968 1036/1228/945
f 1060/1252/969 1036/1228/945 1038/1230/947
f 1061/1253/970 1060/1252/969 1038/1230/947
f 1061/1253/970 1038/1230/947 1040/1232/949
f 1062/1254/971 1061/1253/970 1040/1232/949
f 1062/1254/971 1040/1232/949 1042/1234/951
f 1063/1255/972 1062/1254/971 1042/1234/951
f 1063/1255/972 1042/1234/951 1044/1236/953
f 1053/1245/962 1063/1255/972 1044/1236/953
f 1053/1245/962 1044/1236/953 1010/1198/919
f 1058/1256/967 1045/1237/954 1064/1257/973 
f 1065/1258/974 1052/1244/961 1034/1224/943
f 1065/1258/974 1034/1224/943 1059/1259/968
f 1066/1260/975 1053/1245/962 1054/1246/963
f 1066/1260/975 1054/1246/963 1067/1261/976
f 1068/1262/977 1067/1261/976 1054/1246/963
f 1068/1262/977 1054/1246/963 1055/1247/964
f 1069/1263/978 1068/1262/977 1055/1247/964
f 1069/1263/978 1055/1247/964 1056/1248/965
f 1070/1264/979 1069/1263/978 1056/1248/965
f 1070/1264/979 1056/1248/965 1057/1249/966
f 1071/1265/980 1070/1264/979 1057/1249/966
f 1071/1265/980 1057/1249/966 1058/1250/967
f 1072/1266/981 1059/1251/968 1060/1252/969
f 1072/1266/981 1060/1252/969 1073/1267/982
f 1073/1267/982 1060/1252/969 1061/1253/970
f 1073/1267/982 1061/1253/970 1074/1268/983
f 1074/1268/983 1061/1253/970 1062/1254/971
f 1074/1268/983 1062/1254/971 1075/1269/984
f 1075/1269/984 1062/1254/971 1063/1255/972
f 1075/1269/984 1063/1255/972 1076/1270/985
f 1076/1270/985 1063/1255/972 1053/1245/962
f 1076/1270/985 1053/1245/962 1066/1260/975
f 1058/1256/967 1064/1257/973 1071/1271/980 
f 1077/1272/986 1066/1273/975 1067/1274/976
f 1077/1272/986 1067/1274/976 1078/1275/987
f 1078/1275/987 1067/1274/976 1068/1276/977
f 1078/1275/987 1068/1276/977 1079/1277/988
f 1079/1277/988 1068/1276/977 1069/1278/978
f 1079/1277/988 1069/1278/978 1080/1279/989
f 1080/1279/989 1069/1278/978 1070/1280/979
f 1080/1279/989 1070/1280/979 1081/1281/990
f 1070/1280/979 1071/1282/980 1081/1281/990 
f 1073/1283/982 1082/1284/991 1072/1285/981 
f 1083/1286/992 1082/1284/991 1073/1283/982
f 1083/1286/992 1073/1283/982 1074/1287/983
f 1084/1288/993 1083/1286/992 1074/1287/983
f 1084/1288/993 1074/1287/983 1075/1289/984
f 1085/1290/994 1084/1288/993 1075/1289/984
f 1085/1290/994 1075/1289/984 1076/1291/985
f 1077/1272/986 1085/1290/994 1076/1291/985
f 1077/1272/986 1076/1291/985 1066/1273/975
f 1086/1292/995 1077/1293/986 1078/1294/987
f 1086/1292/995 1078/1294/987 1087/1295/996
f 1087/1295/996 1078/1294/987 1079/1296/988
f 1087/1295/996 1079/1296/988 1088/1297/997
f 1088/1297/997 1079/1296/988 1080/1298/989
f 1088/1297/997 1080/1298/989 1089/1299/998
f 1089/1299/998 1080/1298/989 1081/1300/990
f 1089/1299/998 1081/1300/990 1090/1301/999
f 1090/1301/999 1081/1300/990 1071/1271/980
f 1090/1301/999 1071/1271/980 1064/1257/973
f 1065/1258/974 1072/1302/981 1082/1303/991
f 1065/1258/974 1082/1303/991 1091/1304/1000
f 1091/1304/1000 1082/1303/991 1083/1305/992
f 1091/1304/1000 1083/1305/992 1092/1306/1001
f 1092/1306/1001 1083/1305/992 1084/1307/993
f 1092/1306/1001 1084/1307/993 1093/1308/1002
f 1094/1309/1003 1093/1308/1002 1084/1307/993
f 1094/1309/1003 1084/1307/993 1085/1310/994
f 1094/1309/1003 1085/1310/994 1077/1293/986
f 1094/1309/1003 1077/1293/986 1086/1292/995
f 1065/1258/974 1059/1259/968 1072/1302/981 
f 1095/1311/1004 1096/1312/1005 1045/1237/954
f 1095/1311/1004 1045/1237/954 1046/1238/955
f 1097/1313/1006 1095/1311/1004 1046/1238/955
f 1097/1313/1006 1046/1238/955 1047/1239/956
f 1097/1313/1006 1047/1239/956 1048/1240/957
f 1097/1313/1006 1048/1240/957 1098/1314/1007
f 1098/1314/1007 1048/1240/957 1049/1241/958
f 1098/1314/1007 1049/1241/958 1099/1315/1008
f 1099/1315/1008 1049/1241/958 1050/1242/959
f 1099/1315/1008 1050/1242/959 1100/1316/1009
f 1100/1316/1009 1050/1242/959 1051/1243/960
f 1100/1316/1009 1051/1243/960 1101/1317/1010
f 1101/1317/1010 1051/1243/960 1052/1244/961
f 1101/1317/1010 1052/1244/961 1102/1318/1011
f 1096/1312/1005 1103/1319/1012 1064/1257/973
f 1096/1312/1005 1064/1257/973 1045/1237/954
f 1102/1318/1011 1052/1244/961 1065/1258/974
f 1102/1318/1011 1065/1258/974 1104/1320/1013
f 1105/1321/1014 1106/1322/1015 1086/1292/995
f 1105/1321/1014 1086/1292/995 1087/1295/996
f 1107/1323/1016 1105/1321/1014 1087/1295/996
f 1107/1323/1016 1087/1295/996 1088/1297/997
f 1108/1324/1017 1107/1323/1016 1088/1297/997
f 1108/1324/1017 1088/1297/997 1089/1299/998
f 1109/1325/1018 1108/1324/1017 1089/1299/998
f 1109/1325/1018 1089/1299/998 1090/1301/999
f 1103/1319/1012 1109/1325/1018 1090/1301/999
f 1103/1319/1012 1090/1301/999 1064/1257/973
f 1104/1320/1013 1065/1258/974 1091/1304/1000
f 1104/1320/1013 1091/1304/1000 1110/1326/1019
f 1110/1326/1019 1091/1304/1000 1092/1306/1001
f 1110/1326/1019 1092/1306/1001 1111/1327/1020
f 1111/1327/1020 1092/1306/1001 1093/1308/1002
f 1111/1327/1020 1093/1308/1002 1112/1328/1021
f 1112/1328/1021 1093/1308/1002 1094/1309/1003
f 1112/1328/1021 1094/1309/1003 1113/1329/1022
f 1113/1329/1022 1094/1309/1003 1086/1292/995
f 1113/1329/1022 1086/1292/995 1106/1322/1015
f 1114/1330/1023 1115/1331/1024 1096/1312/1005
f 1114/1330/1023 1096/1312/1005 1095/1311/1004
f 1116/1332/1025 1114/1330/1023 1095/1311/1004
f 1116/1332/1025 1095/1311/1004 1097/1313/1006
f 1117/1333/1026 1116/1332/1025 1097/1313/1006
f 1117/1333/1026 1097/1313/1006 1098/1314/1007
f 1117/1333/1026 1098/1314/1007 1099/1315/1008
f 1117/1333/1026 1099/1315/1008 1118/1334/1027
f 1118/1334/1027 1099/1315/1008 1100/1316/1009
f 1118/1334/1027 1100/1316/1009 1119/1335/1028
f 1119/1335/1028 1100/1316/1009 1101/1317/1010
f 1119/1335/1028 1101/1317/1010 1120/1336/1029
f 1120/1336/1029 1101/1317/1010 1102/1318/1011
f 1120/1336/1029 1102/1318/1011 1121/1337/1030
f 1115/1331/1024 1122/1338/1031 1103/1319/1012
f 1115/1331/1024 1103/1319/1012 1096/1312/1005
f 1121/1337/1030 1102/1318/1011 1104/1320/1013
f 1121/1337/1030 1104/1320/1013 1123/1339/1032
f 1124/1340/1033 1125/1341/1034 1106/1322/1015
f 1124/1340/1033 1106/1322/1015 1105/1321/1014
f 1126/1342/1035 1124/1340/1033 1105/1321/1014
f 1126/1342/1035 1105/1321/1014 1107/1323/1016
f 1127/1343/1036 1126/1342/1035 1107/1323/1016
f 1127/1343/1036 1107/1323/1016 1108/1324/1017
f 1128/1344/1037 1127/1343/1036 1108/1324/1017
f 1128/1344/1037 1108/1324/1017 1109/1325/1018
f 1122/1338/1031 1128/1344/1037 1109/1325/1018
f 1122/1338/1031 1109/1325/1018 1103/1319/1012
f 1123/1339/1032 1104/1320/1013 1110/1326/1019
f 1123/1339/1032 1110/1326/1019 1129/1345/1038
f 1129/1345/1038 1110/1326/1019 1111/1327/1020
f 1129/1345/1038 1111/1327/1020 1130/1346/1039
f 1130/1346/1039 1111/1327/1020 1112/1328/1021
f 1130/1346/1039 1112/1328/1021 1131/1347/1040
f 1131/1347/1040 1112/1328/1021 1113/1329/1022
f 1131/1347/1040 1113/1329/1022 1132/1348/1041
f 1132/1348/1041 1113/1329/1022 1106/1322/1015
f 1132/1348/1041 1106/1322/1015 1125/1341/1034
f 1133/1349/1042 1134/1350/1043 1115/1331/1024
f 1133/1349/1042 1115/1331/1024 1114/1330/1023
f 1135/1351/1044 1133/1349/1042 1114/1330/1023
f 1135/1351/1044 1114/1330/1023 1116/1332/1025
f 1136/1352/1045 1135/1351/1044 1116/1332/1025
f 1136/1352/1045 1116/1332/1025 1117/1333/1026
f 1137/1353/1046 1136/1352/1045 1117/1333/1026
f 1137/1353/1046 1117/1333/1026 1118/1334/1027
f 1137/1353/1046 1118/1334/1027 1119/1335/1028
f 1137/1353/1046 1119/1335/1028 1138/1354/1047
f 1138/1354/1047 1119/1335/1028 1120/1336/1029
f 1138/1354/1047 1120/1336/1029 1139/1355/1048
f 1139/1355/1048 1120/1336/1029 1121/1337/1030
f 1139/1355/1048 1121/1337/1030 1140/1356/1049
f 1134/1350/1043 1141/1357/1050 1122/1338/1031
f 1134/1350/1043 1122/1338/1031 1115/1331/1024
f 1140/1356/1049 1121/1337/1030 1123/1339/1032
f 1140/1356/1049 1123/1339/1032 1142/1358/1051
f 1143/1359/1052 1125/1341/1034 1124/1340/1033
f 1143/1359/1052 1124/1340/1033 1144/1360/1053
f 1144/1360/1053 1124/1340/1033 1126/1342/1035
f 1144/1360/1053 1126/1342/1035 1145/1361/1054
f 1146/1362/1055 1145/1361/1054 1126/1342/1035
f 1146/1362/1055 1126/1342/1035 1127/1343/1036
f 1147/1363/1056 1146/1362/1055 1127/1343/1036
f 1147/1363/1056 1127/1343/1036 1128/1344/1037
f 1141/1357/1050 1147/1363/1056 1128/1344/1037
f 1141/1357/1050 1128/1344/1037 1122/1338/1031
f 1142/1358/1051 1123/1339/1032 1129/1345/1038
f 1142/1358/1051 1129/1345/1038 1148/1364/1057
f 1148/1364/1057 1129/1345/1038 1130/1346/1039
f 1148/1364/1057 1130/1346/1039 1149/1365/1058
f 1149/1365/1058 1130/1346/1039 1131/1347/1040
f 1149/1365/1058 1131/1347/1040 1150/1366/1059
f 1151/1367/1060 1150/1366/1059 1131/1347/1040
f 1151/1367/1060 1131/1347/1040 1132/1348/1041
f 1152/1368/1061 1153/1369/1062 1134/1370/1043
f 1152/1368/1061 1134/1370/1043 1133/1371/1042
f 1154/1372/1063 1152/1368/1061 1133/1371/1042
f 1154/1372/1063 1133/1371/1042 1135/1373/1044
f 1155/1374/1064 1154/1372/1063 1135/1373/1044
f 1155/1374/1064 1135/1373/1044 1136/1375/1045
f 1156/1376/1065 1155/1374/1064 1136/1375/1045
f 1156/1376/1065 1136/1375/1045 1137/1377/1046
f 1156/1376/1065 1137/1377/1046 1138/1378/1047
f 1156/1376/1065 1138/1378/1047 1157/1379/1066
f 1157/1379/1066 1138/1378/1047 1139/1380/1048
f 1157/1379/1066 1139/1380/1048 1158/1381/1067
f 1158/1381/1067 1139/1380/1048 1140/1382/1049
f 1158/1381/1067 1140/1382/1049 1159/1383/1068
f 1153/1369/1062 1160/1384/1069 1141/1385/1050
f 1153/1369/1062 1141/1385/1050 1134/1370/1043
f 1159/1383/1068 1140/1382/1049 1142/1386/1051
f 1159/1383/1068 1142/1386/1051 1161/1387/1070
f 1162/1388/1071 1163/1389/1072 1145/1390/1054
f 1162/1388/1071 1145/1390/1054 1146/1391/1055
f 1164/1392/1073 1162/1388/1071 1146/1391/1055
f 1164/1392/1073 1146/1391/1055 1147/1393/1056
f 1160/1384/1069 1164/1392/1073 1147/1393/1056
f 1160/1384/1069 1147/1393/1056 1141/1385/1050
f 1161/1387/1070 1142/1386/1051 1148/1394/1057
f 1161/1387/1070 1148/1394/1057 1165/1395/1074
f 1165/1395/1074 1148/1394/1057 1149/1396/1058
f 1165/1395/1074 1149/1396/1058 1166/1397/1075
f 1166/1397/1075 1149/1396/1058 1150/1398/1059
f 1166/1397/1075 1150/1398/1059 1167/1399/1076
f 1167/1399/1076 1150/1398/1059 1151/1400/1060
f 1167/1399/1076 1151/1400/1060 1168/1401/1077
f 1143/1359/1052 1151/1367/1060 1132/1348/1041
f 1143/1359/1052 1132/1348/1041 1125/1341/1034
f 1169/1402/1078 1170/1403/1079 1143/1404/1052
f 1169/1402/1078 1143/1404/1052 1144/1405/1053
f 1163/1389/1072 1169/1402/1078 1144/1405/1053
f 1163/1389/1072 1144/1405/1053 1145/1390/1054
f 1168/1401/1077 1151/1400/1060 1143/1406/1052
f 1168/1401/1077 1143/1406/1052 1170/1407/1079
f 1058/1256/967 1019/1210/928 1045/1237/954 
f 1171/1408/918 1172/1409/919 1173/1410/920
f 1171/1408/918 1173/1410/920 1174/1411/921
f 1175/1412/922 1171/1408/918 1174/1411/921
f 1175/1412/922 1174/1411/921 1176/1413/923
f 1177/1414/924 1175/1412/922 1176/1413/923
f 1177/1414/924 1176/1413/923 1178/1415/925
f 1179/1416/926 1177/1414/924 1178/1415/925
f 1179/1416/926 1178/1415/925 1180/1417/927
f 1181/1418/928 1179/1416/926 1180/1417/927
f 1181/1418/928 1180/1417/927 1182/1419/929
f 1183/1420/930 1181/1421/928 1182/1422/929
f 1183/1420/930 1182/1422/929 1184/1423/931
f 1183/1420/930 1184/1423/931 1185/1424/932
f 1183/1420/930 1185/1424/932 1186/1425/933
f 1186/1425/933 1185/1424/932 1187/1426/934
f 1186/1425/933 1187/1426/934 1188/1427/935
f 1188/1427/935 1187/1426/934 1189/1428/936
f 1188/1427/935 1189/1428/936 1190/1429/937
f 1191/1430/938 1190/1429/937 1189/1428/936
f 1191/1430/938 1189/1428/936 1192/1431/939
f 1191/1430/938 1192/1431/939 1193/1432/940
f 1191/1430/938 1193/1432/940 1194/1433/941
f 1194/1433/941 1193/1432/940 1195/1434/942
f 1194/1433/941 1195/1434/942 1196/1435/943
f 1196/1436/943 1195/1437/942 1197/1438/944
f 1196/1436/943 1197/1438/944 1198/1439/945
f 1198/1439/945 1197/1438/944 1199/1440/946
f 1198/1439/945 1199/1440/946 1200/1441/947
f 1200/1441/947 1199/1440/946 1201/1442/948
f 1200/1441/947 1201/1442/948 1202/1443/949
f 1202/1443/949 1201/1442/948 1203/1444/950
f 1202/1443/949 1203/1444/950 1204/1445/951
f 1204/1445/951 1203/1444/950 1205/1446/952
f 1204/1445/951 1205/1446/952 1206/1447/953
f 1206/1447/953 1205/1446/952 1173/1410/920
f 1206/1447/953 1173/1410/920 1172/1409/919
f 1207/1448/954 1181/1421/928 1183/1420/930
f 1207/1448/954 1183/1420/930 1208/1449/955
f 1208/1449/955 1183/1420/930 1186/1425/933
f 1208/1449/955 1186/1425/933 1209/1450/956
f 1209/1450/956 1186/1425/933 1188/1427/935
f 1209/1450/956 1188/1427/935 1210/1451/957
f 1210/1451/957 1188/1427/935 1190/1429/937
f 1210/1451/957 1190/1429/937 1211/1452/958
f 1212/1453/959 1211/1452/958 1190/1429/937
f 1212/1453/959 1190/1429/937 1191/1430/938
f 1213/1454/960 1212/1453/959 1191/1430/938
f 1213/1454/960 1191/1430/938 1194/1433/941
f 1214/1455/961 1213/1454/960 1194/1433/941
f 1214/1455/961 1194/1433/941 1196/1435/943
f 1215/1456/962 1172/1409/919 1171/1408/918
f 1215/1456/962 1171/1408/918 1216/1457/963
f 1216/1457/963 1171/1408/918 1175/1412/922
f 1216/1457/963 1175/1412/922 1217/1458/964
f 1217/1458/964 1175/1412/922 1177/1414/924
f 1217/1458/964 1177/1414/924 1218/1459/965
f 1218/1459/965 1177/1414/924 1179/1416/926
f 1218/1459/965 1179/1416/926 1219/1460/966
f 1220/1461/967 1219/1460/966 1179/1416/926
f 1220/1461/967 1179/1416/926 1181/1418/928
f 1198/1439/945 1221/1462/968 1196/1436/943 
f 1222/1463/969 1221/1462/968 1198/1439/945
f 1222/1463/969 1198/1439/945 1200/1441/947
f 1223/1464/970 1222/1463/969 1200/1441/947
f 1223/1464/970 1200/1441/947 1202/1443/949
f 1224/1465/971 1223/1464/970 1202/1443/949
f 1224/1465/971 1202/1443/949 1204/1445/951
f 1225/1466/972 1224/1465/971 1204/1445/951
f 1225/1466/972 1204/1445/951 1206/1447/953
f 1215/1456/962 1225/1466/972 1206/1447/953
f 1215/1456/962 1206/1447/953 1172/1409/919
f 1220/1467/967 1207/1448/954 1226/1468/973 
f 1227/1469/974 1214/1455/961 1196/1435/943
f 1227/1469/974 1196/1435/943 1221/1470/968
f 1228/1471/975 1215/1456/962 1216/1457/963
f 1228/1471/975 1216/1457/963 1229/1472/976
f 1230/1473/977 1229/1472/976 1216/1457/963
f 1230/1473/977 1216/1457/963 1217/1458/964
f 1231/1474/978 1230/1473/977 1217/1458/964
f 1231/1474/978 1217/1458/964 1218/1459/965
f 1232/1475/979 1231/1474/978 1218/1459/965
f 1232/1475/979 1218/1459/965 1219/1460/966
f 1233/1476/980 1232/1475/979 1219/1460/966
f 1233/1476/980 1219/1460/966 1220/1461/967
f 1234/1477/981 1221/1462/968 1222/1463/969
f 1234/1477/981 1222/1463/969 1235/1478/982
f 1235/1478/982 1222/1463/969 1223/1464/970
f 1235/1478/982 1223/1464/970 1236/1479/983
f 1236/1479/983 1223/1464/970 1224/1465/971
f 1236/1479/983 1224/1465/971 1237/1480/984
f 1237/1480/984 1224/1465/971 1225/1466/972
f 1237/1480/984 1225/1466/972 1238/1481/985
f 1238/1481/985 1225/1466/972 1215/1456/962
f 1238/1481/985 1215/1456/962 1228/1471/975
f 1220/1467/967 1226/1468/973 1233/1482/980 
f 1239/1483/986 1228/1484/975 1229/1485/976
f 1239/1483/986 1229/1485/976 1240/1486/987
f 1240/1486/987 1229/1485/976 1230/1487/977
f 1240/1486/987 1230/1487/977 1241/1488/988
f 1241/1488/988 1230/1487/977 1231/1489/978
f 1241/1488/988 1231/1489/978 1242/1490/989
f 1242/1490/989 1231/1489/978 1232/1491/979
f 1242/1490/989 1232/1491/979 1243/1492/990
f 1232/1491/979 1233/1493/980 1243/1492/990 
f 1235/1494/982 1244/1495/991 1234/1496/981 
f 1245/1497/992 1244/1495/991 1235/1494/982
f 1245/1497/992 1235/1494/982 1236/1498/983
f 1246/1499/993 1245/1497/992 1236/1498/983
f 1246/1499/993 1236/1498/983 1237/1500/984
f 1247/1501/994 1246/1499/993 1237/1500/984
f 1247/1501/994 1237/1500/984 1238/1502/985
f 1239/1483/986 1247/1501/994 1238/1502/985
f 1239/1483/986 1238/1502/985 1228/1484/975
f 1248/1503/995 1239/1504/986 1240/1505/987
f 1248/1503/995 1240/1505/987 1249/1506/996
f 1249/1506/996 1240/1505/987 1241/1507/988
f 1249/1506/996 1241/1507/988 1250/1508/997
f 1250/1508/997 1241/1507/988 1242/1509/989
f 1250/1508/997 1242/1509/989 1251/1510/998
f 1251/1510/998 1242/1509/989 1243/1511/990
f 1251/1510/998 1243/1511/990 1252/1512/999
f 1252/1512/999 1243/1511/990 1233/1482/980
f 1252/1512/999 1233/1482/980 1226/1468/973
f 1227/1469/974 1234/1513/981 1244/1514/991
f 1227/1469/974 1244/1514/991 1253/1515/1000
f 1253/1515/1000 1244/1514/991 1245/1516/992
f 1253/1515/1000 1245/1516/992 1254/1517/1001
f 1254/1517/1001 1245/1516/992 1246/1518/993
f 1254/1517/1001 1246/1518/993 1255/1519/1002
f 1256/1520/1003 1255/1519/1002 1246/1518/993
f 1256/1520/1003 1246/1518/993 1247/1521/994
f 1256/1520/1003 1247/1521/994 1239/1504/986
f 1256/1520/1003 1239/1504/986 1248/1503/995
f 1227/1469/974 1221/1470/968 1234/1513/981 
f 1257/1522/1004 1258/1523/1005 1207/1448/954
f 1257/1522/1004 1207/1448/954 1208/1449/955
f 1259/1524/1006 1257/1522/1004 1208/1449/955
f 1259/1524/1006 1208/1449/955 1209/1450/956
f 1259/1524/1006 1209/1450/956 1210/1451/957
f 1259/1524/1006 1210/1451/957 1260/1525/1007
f 1260/1525/1007 1210/1451/957 1211/1452/958
f 1260/1525/1007 1211/1452/958 1261/1526/1008
f 1261/1526/1008 1211/1452/958 1212/1453/959
f 1261/1526/1008 1212/1453/959 1262/1527/1009
f 1262/1527/1009 1212/1453/959 1213/1454/960
f 1262/1527/1009 1213/1454/960 1263/1528/1010
f 1263/1528/1010 1213/1454/960 1214/1455/961
f 1263/1528/1010 1214/1455/961 1264/1529/1011
f 1258/1523/1005 1265/1530/1012 1226/1468/973
f 1258/1523/1005 1226/1468/973 1207/1448/954
f 1264/1529/1011 1214/1455/961 1227/1469/974
f 1264/1529/1011 1227/1469/974 1266/1531/1013
f 1267/1532/1014 1268/1533/1015 1248/1503/995
f 1267/1532/1014 1248/1503/995 1249/1506/996
f 1269/1534/1016 1267/1532/1014 1249/1506/996
f 1269/1534/1016 1249/1506/996 1250/1508/997
f 1270/1535/1017 1269/1534/1016 1250/1508/997
f 1270/1535/1017 1250/1508/997 1251/1510/998
f 1271/1536/1018 1270/1535/1017 1251/1510/998
f 1271/1536/1018 1251/1510/998 1252/1512/999
f 1265/1530/1012 1271/1536/1018 1252/1512/999
f 1265/1530/1012 1252/1512/999 1226/1468/973
f 1266/1531/1013 1227/1469/974 1253/1515/1000
f 1266/1531/1013 1253/1515/1000 1272/1537/1019
f 1272/1537/1019 1253/1515/1000 1254/1517/1001
f 1272/1537/1019 1254/1517/1001 1273/1538/1020
f 1273/1538/1020 1254/1517/1001 1255/1519/1002
f 1273/1538/1020 1255/1519/1002 1274/1539/1021
f 1274/1539/1021 1255/1519/1002 1256/1520/1003
f 1274/1539/1021 1256/1520/1003 1275/1540/1022
f 1275/1540/1022 1256/1520/1003 1248/1503/995
f 1275/1540/1022 1248/1503/995 1268/1533/1015
f 1276/1541/1023 1277/1542/1024 1258/1523/1005
f 1276/1541/1023 1258/1523/1005 1257/1522/1004
f 1278/1543/1025 1276/1541/1023 1257/1522/1004
f 1278/1543/1025 1257/1522/1004 1259/1524/1006
f 1279/1544/1026 1278/1543/1025 1259/1524/1006
f 1279/1544/1026 1259/1524/1006 1260/1525/1007
f 1279/1544/1026 1260/1525/1007 1261/1526/1008
f 1279/1544/1026 1261/1526/1008 1280/1545/1027
f 1280/1545/1027 1261/1526/1008 1262/1527/1009
f 1280/1545/1027 1262/1527/1009 1281/1546/1028
f 1281/1546/1028 1262/1527/1009 1263/1528/1010
f 1281/1546/1028 1263/1528/1010 1282/1547/1029
f 1282/1547/1029 1263/1528/1010 1264/1529/1011
f 1282/1547/1029 1264/1529/1011 1283/1548/1030
f 1277/1542/1024 1284/1549/1031 1265/1530/1012
f 1277/1542/1024 1265/1530/1012 1258/1523/1005
f 1283/1548/1030 1264/1529/1011 1266/1531/1013
f 1283/1548/1030 1266/1531/1013 1285/1550/1032
f 1286/1551/1033 1287/1552/1034 1268/1533/1015
f 1286/1551/1033 1268/1533/1015 1267/1532/1014
f 1288/1553/1035 1286/1551/1033 1267/1532/1014
f 1288/1553/1035 1267/1532/1014 1269/1534/1016
f 1289/1554/1036 1288/1553/1035 1269/1534/1016
f 1289/1554/1036 1269/1534/1016 1270/1535/1017
f 1290/1555/1037 1289/1554/1036 1270/1535/1017
f 1290/1555/1037 1270/1535/1017 1271/1536/1018
f 1284/1549/1031 1290/1555/1037 1271/1536/1018
f 1284/1549/1031 1271/1536/1018 1265/1530/1012
f 1285/1550/1032 1266/1531/1013 1272/1537/1019
f 1285/1550/1032 1272/1537/1019 1291/1556/1038
f 1291/1556/1038 1272/1537/1019 1273/1538/1020
f 1291/1556/1038 1273/1538/1020 1292/1557/1039
f 1292/1557/1039 1273/1538/1020 1274/1539/1021
f 1292/1557/1039 1274/1539/1021 1293/1558/1040
f 1293/1558/1040 1274/1539/1021 1275/1540/1022
f 1293/1558/1040 1275/1540/1022 1294/1559/1041
f 1294/1559/1041 1275/1540/1022 1268/1533/1015
f 1294/1559/1041 1268/1533/1015 1287/1552/1034
f 1295/1560/1042 1296/1561/1043 1277/1542/1024
f 1295/1560/1042 1277/1542/1024 1276/1541/1023
f 1297/1562/1044 1295/1560/1042 1276/1541/1023
f 1297/1562/1044 1276/1541/1023 1278/1543/1025
f 1298/1563/1045 1297/1562/1044 1278/1543/1025
f 1298/1563/1045 1278/1543/1025 1279/1544/1026
f 1299/1564/1046 1298/1563/1045 1279/1544/1026
f 1299/1564/1046 1279/1544/1026 1280/1545/1027
f 1299/1564/1046 1280/1545/1027 1281/1546/1028
f 1299/1564/1046 1281/1546/1028 1300/1565/1047
f 1300/1565/1047 1281/1546/1028 1282/1547/1029
f 1300/1565/1047 1282/1547/1029 1301/1566/1048
f 1301/1566/1048 1282/1547/1029 1283/1548/1030
f 1301/1566/1048 1283/1548/1030 1302/1567/1049
f 1296/1561/1043 1303/1568/1050 1284/1549/1031
f 1296/1561/1043 1284/1549/1031 1277/1542/1024
f 1302/1567/1049 1283/1548/1030 1285/1550/1032
f 1302/1567/1049 1285/1550/1032 1304/1569/1051
f 1305/1570/1052 1287/1552/1034 1286/1551/1033
f 1305/1570/1052 1286/1551/1033 1306/1571/1053
f 1306/1571/1053 1286/1551/1033 1288/1553/1035
f 1306/1571/1053 1288/1553/1035 1307/1572/1054
f 1308/1573/1055 1307/1572/1054 1288/1553/1035
f 1308/1573/1055 1288/1553/1035 1289/1554/1036
f 1309/1574/1056 1308/1573/1055 1289/1554/1036
f 1309/1574/1056 1289/1554/1036 1290/1555/1037
f 1303/1568/1050 1309/1574/1056 1290/1555/1037
f 1303/1568/1050 1290/1555/1037 1284/1549/1031
f 1304/1569/1051 1285/1550/1032 1291/1556/1038
f 1304/1569/1051 1291/1556/1038 1310/1575/1057
f 1310/1575/1057 1291/1556/1038 1292/1557/1039
f 1310/1575/1057 1292/1557/1039 1311/1576/1058
f 1311/1576/1058 1292/1557/1039 1293/1558/1040
f 1311/1576/1058 1293/1558/1040 1312/1577/1059
f 1313/1578/1060 1312/1577/1059 1293/1558/1040
f 1313/1578/1060 1293/1558/1040 1294/1559/1041
f 1314/1579/1061 1315/1580/1062 1296/1581/1043
f 1314/1579/1061 1296/1581/1043 1295/1582/1042
f 1316/1583/1063 1314/1579/1061 1295/1582/1042
f 1316/1583/1063 1295/1582/1042 1297/1584/1044
f 1317/1585/1064 1316/1583/1063 1297/1584/1044
f 1317/1585/1064 1297/1584/1044 1298/1586/1045
f 1318/1587/1065 1317/1585/1064 1298/1586/1045
f 1318/1587/1065 1298/1586/1045 1299/1588/1046
f 1318/1587/1065 1299/1588/1046 1300/1589/1047
f 1318/1587/1065 1300/1589/1047 1319/1590/1066
f 1319/1590/1066 1300/1589/1047 1301/1591/1048
f 1319/1590/1066 1301/1591/1048 1320/1592/1067
f 1320/1592/1067 1301/1591/1048 1302/1593/1049
f 1320/1592/1067 1302/1593/1049 1321/1594/1068
f 1315/1580/1062 1322/1595/1069 1303/1596/1050
f 1315/1580/1062 1303/1596/1050 1296/1581/1043
f 1321/1594/1068 1302/1593/1049 1304/1597/1051
f 1321/1594/1068 1304/1597/1051 1323/1598/1070
f 1324/1599/1071 1325/1600/1072 1307/1601/1054
f 1324/1599/1071 1307/1601/1054 1308/1602/1055
f 1326/1603/1073 1324/1599/1071 1308/1602/1055
f 1326/1603/1073 1308/1602/1055 1309/1604/1056
f 1322/1595/1069 1326/1603/1073 1309/1604/1056
f 1322/1595/1069 1309/1604/1056 1303/1596/1050
f 1323/1598/1070 1304/1597/1051 1310/1605/1057
f 1323/1598/1070 1310/1605/1057 1327/1606/1074
f 1327/1606/1074 1310/1605/1057 1311/1607/1058
f 1327/1606/1074 1311/1607/1058 1328/1608/1075
f 1328/1608/1075 1311/1607/1058 1312/1609/1059
f 1328/1608/1075 1312/1609/1059 1329/1610/1076
f 1329/1610/1076 1312/1609/1059 1313/1611/1060
f 1329/1610/1076 1313/1611/1060 1330/1612/1077
f 1305/1570/1052 1313/1578/1060 1294/1559/1041
f 1305/1570/1052 1294/1559/1041 1287/1552/1034
f 1331/1613/1078 1332/1614/1079 1305/1615/1052
f 1331/1613/1078 1305/1615/1052 1306/1616/1053
f 1325/1600/1072 1331/1613/1078 1306/1616/1053
f 1325/1600/1072 1306/1616/1053 1307/1601/1054
f 1330/1612/1077 1313/1611/1060 1305/1617/1052
f 1330/1612/1077 1305/1617/1052 1332/1618/1079
f 1220/1467/967 1181/1421/928 1207/1448/954 
s 9
f 1333/1619/1080 1334/1620/1081 1335/1621/1082 
f 1335/1621/1082 1334/1620/1081 1336/1622/1083 
f 1334/1620/1081 1337/1623/1084 1336/1622/1083 
f 1337/1623/1084 1334/1620/1081 1338/1624/1085 
f 1334/1620/1081 1333/1619/1080 1338/1624/1085 
f 1339/1625/1086 1340/1626/1087 1341/1627/1088 
f 1341/1627/1088 1340/1626/1087 1342/1628/1089 
f 1340/1626/1087 1343/1629/1090 1342/1628/1089 
f 1343/1629/1090 1340/1626/1087 1344/1630/1091 
f 1340/1626/1087 1339/1625/1086 1344/1630/1091 
s 1
f 1345/1631/1092 1346/1632/1093 1347/1633/1094
f 1345/1631/1092 1347/1633/1094 1348/1634/1095
f 1346/1632/1093 1349/1635/1096 1350/1636/1097
f 1346/1632/1093 1350/1636/1097 1347/1633/1094
f 1349/1637/1096 1351/1638/1098 1352/1639/1099
f 1349/1637/1096 1352/1639/1099 1350/1640/1097
f 1351/1638/1098 1353/1641/1100 1354/1642/1101
f 1351/1638/1098 1354/1642/1101 1352/1639/1099
f 1353/1641/1100 1355/1643/1102 1356/1644/1103
f 1353/1641/1100 1356/1644/1103 1354/1642/1101
f 1355/1643/1102 1357/1645/1104 1358/1646/1105
f 1355/1643/1102 1358/1646/1105 1356/1644/1103
f 1357/1645/1104 1359/1647/1106 1360/1648/1107
f 1357/1645/1104 1360/1648/1107 1358/1646/1105
f 1359/1647/1106 1361/1649/1108 1362/1650/1109
f 1359/1647/1106 1362/1650/1109 1360/1648/1107
f 1361/1649/1108 1363/1651/1110 1364/1652/1111
f 1361/1649/1108 1364/1652/1111 1362/1650/1109
f 1363/1651/1110 1365/1653/1112 1366/1654/1113
f 1363/1651/1110 1366/1654/1113 1364/1652/1111
f 1365/1653/1112 1367/1655/1114 1368/1656/1115
f 1365/1653/1112 1368/1656/1115 1366/1654/1113
f 1367/1655/1114 1369/1657/1116 1370/1658/1117
f 1367/1655/1114 1370/1658/1117 1368/1656/1115
f 1369/1657/1116 1371/1659/1118 1372/1660/1119
f 1369/1657/1116 1372/1660/1119 1370/1658/1117
f 1371/1659/1118 1373/1661/1120 1374/1662/1121
f 1371/1659/1118 1374/1662/1121 1372/1660/1119
f 1373/1661/1120 1375/1663/1122 1376/1664/1123
f 1373/1661/1120 1376/1664/1123 1374/1662/1121
f 1375/1663/1122 1377/1665/1124 1378/1666/1125
f 1375/1663/1122 1378/1666/1125 1376/1664/1123
f 1379/1667/1126 1380/1668/1127 1378/1666/1125
f 1379/1667/1126 1378/1666/1125 1377/1665/1124
f 1379/1667/1126 1345/1631/1092 1348/1634/1095
f 1379/1667/1126 1348/1634/1095 1380/1668/1127
f 1381/1669/1128 1382/1670/1129 1348/1634/1095
f 1381/1669/1128 1348/1634/1095 1347/1633/1094
f 1383/1671/1130 1381/1669/1128 1347/1633/1094
f 1383/1671/1130 1347/1633/1094 1350/1636/1097
f 1384/1672/1131 1383/1673/1130 1350/1640/1097
f 1384/1672/1131 1350/1640/1097 1352/1639/1099
f 1385/1674/1132 1384/1672/1131 1352/1639/1099
f 1385/1674/1132 1352/1639/1099 1354/1642/1101
f 1386/1675/1133 1385/1674/1132 1354/1642/1101
f 1386/1675/1133 1354/1642/1101 1356/1644/1103
f 1387/1676/1134 1386/1675/1133 1356/1644/1103
f 1387/1676/1134 1356/1644/1103 1358/1646/1105
f 1388/1677/1135 1387/1676/1134 1358/1646/1105
f 1388/1677/1135 1358/1646/1105 1360/1648/1107
f 1389/1678/1136 1388/1677/1135 1360/1648/1107
f 1389/1678/1136 1360/1648/1107 1362/1650/1109
f 1390/1679/1137 1389/1678/1136 1362/1650/1109
f 1390/1679/1137 1362/1650/1109 1364/1652/1111
f 1391/1680/1138 1390/1679/1137 1364/1652/1111
f 1391/1680/1138 1364/1652/1111 1366/1654/1113
f 1392/1681/1139 1391/1680/1138 1366/1654/1113
f 1392/1681/1139 1366/1654/1113 1368/1656/1115
f 1393/1682/1140 1392/1681/1139 1368/1656/1115
f 1393/1682/1140 1368/1656/1115 1370/1658/1117
f 1394/1683/1141 1393/1682/1140 1370/1658/1117
f 1394/1683/1141 1370/1658/1117 1372/1660/1119
f 1395/1684/1142 1394/1683/1141 1372/1660/1119
f 1395/1684/1142 1372/1660/1119 1374/1662/1121
f 1396/1685/1143 1395/1684/1142 1374/1662/1121
f 1396/1685/1143 1374/1662/1121 1376/1664/1123
f 1397/1686/1144 1396/1685/1143 1376/1664/1123
f 1397/1686/1144 1376/1664/1123 1378/1666/1125
f 1398/1687/1145 1397/1686/1144 1378/1666/1125
f 1398/1687/1145 1378/1666/1125 1380/1668/1127
f 1382/1670/1129 1398/1687/1145 1380/1668/1127
f 1382/1670/1129 1380/1668/1127 1348/1634/1095
f 1399/1688/1146 1400/1689/1147 1382/1670/1129
f 1399/1688/1146 1382/1670/1129 1381/1669/1128
f 1401/1690/1148 1399/1688/1146 1381/1669/1128
f 1401/1690/1148 1381/1669/1128 1383/1671/1130
f 1402/1691/1149 1401/1692/1148 1383/1673/1130
f 1402/1691/1149 1383/1673/1130 1384/1672/1131
f 1403/1693/1150 1402/1691/1149 1384/1672/1131
f 1403/1693/1150 1384/1672/1131 1385/1674/1132
f 1404/1694/1151 1403/1693/1150 1385/1674/1132
f 1404/1694/1151 1385/1674/1132 1386/1675/1133
f 1405/1695/1152 1404/1694/1151 1386/1675/1133
f 1405/1695/1152 1386/1675/1133 1387/1676/1134
f 1406/1696/1153 1405/1695/1152 1387/1676/1134
f 1406/1696/1153 1387/1676/1134 1388/1677/1135
f 1407/1697/1154 1406/1696/1153 1388/1677/1135
f 1407/1697/1154 1388/1677/1135 1389/1678/1136
f 1408/1698/1155 1407/1697/1154 1389/1678/1136
f 1408/1698/1155 1389/1678/1136 1390/1679/1137
f 1409/1699/1156 1408/1698/1155 1390/1679/1137
f 1409/1699/1156 1390/1679/1137 1391/1680/1138
f 1410/1700/1157 1409/1699/1156 1391/1680/1138
f 1410/1700/1157 1391/1680/1138 1392/1681/1139
f 1411/1701/1158 1410/1700/1157 1392/1681/1139
f 1411/1701/1158 1392/1681/1139 1393/1682/1140
f 1412/1702/1159 1411/1701/1158 1393/1682/1140
f 1412/1702/1159 1393/1682/1140 1394/1683/1141
f 1413/1703/1160 1412/1702/1159 1394/1683/1141
f 1413/1703/1160 1394/1683/1141 1395/1684/1142
f 1414/1704/1161 1413/1703/1160 1395/1684/1142
f 1414/1704/1161 1395/1684/1142 1396/1685/1143
f 1415/1705/1162 1414/1704/1161 1396/1685/1143
f 1415/1705/1162 1396/1685/1143 1397/1686/1144
f 1416/1706/1163 1415/1705/1162 1397/1686/1144
f 1416/1706/1163 1397/1686/1144 1398/1687/1145
f 1400/1689/1147 1416/1706/1163 1398/1687/1145
f 1400/1689/1147 1398/1687/1145 1382/1670/1129
f 1346/1632/1093 1345/1631/1092 1417/1707/1164
f 1346/1632/1093 1417/1707/1164 1418/1708/1165
f 1349/1635/1096 1346/1632/1093 1418/1708/1165
f 1349/1635/1096 1418/1708/1165 1419/1709/1166
f 1351/1638/1098 1349/1637/1096 1419/1710/1166
f 1351/1638/1098 1419/1710/1166 1420/1711/1167
f 1353/1641/1100 1351/1638/1098 1420/1711/1167
f 1353/1641/1100 1420/1711/1167 1421/1712/1168
f 1355/1643/1102 1353/1641/1100 1421/1712/1168
f 1355/1643/1102 1421/1712/1168 1422/1713/1169
f 1357/1645/1104 1355/1643/1102 1422/1713/1169
f 1357/1645/1104 1422/1713/1169 1423/1714/1170
f 1359/1647/1106 1357/1645/1104 1423/1714/1170
f 1359/1647/1106 1423/1714/1170 1424/1715/1171
f 1361/1649/1108 1359/1647/1106 1424/1715/1171
f 1361/1649/1108 1424/1715/1171 1425/1716/1172
f 1363/1651/1110 1361/1649/1108 1425/1716/1172
f 1363/1651/1110 1425/1716/1172 1426/1717/1173
f 1365/1653/1112 1363/1651/1110 1426/1717/1173
f 1365/1653/1112 1426/1717/1173 1427/1718/1174
f 1367/1655/1114 1365/1653/1112 1427/1718/1174
f 1367/1655/1114 1427/1718/1174 1428/1719/1175
f 1369/1657/1116 1367/1655/1114 1428/1719/1175
f 1369/1657/1116 1428/1719/1175 1429/1720/1176
f 1371/1659/1118 1369/1657/1116 1429/1720/1176
f 1371/1659/1118 1429/1720/1176 1430/1721/1177
f 1373/1661/1120 1371/1659/1118 1430/1721/1177
f 1373/1661/1120 1430/1721/1177 1431/1722/1178
f 1375/1663/1122 1373/1661/1120 1431/1722/1178
f 1375/1663/1122 1431/1722/1178 1432/1723/1179
f 1377/1665/1124 1375/1663/1122 1432/1723/1179
f 1377/1665/1124 1432/1723/1179 1433/1724/1180
f 1379/1667/1126 1377/1665/1124 1433/1724/1180
f 1379/1667/1126 1433/1724/1180 1434/1725/1181
f 1345/1631/1092 1379/1667/1126 1434/1725/1181
f 1345/1631/1092 1434/1725/1181 1417/1707/1164
f 1435/1726/1182 1436/1727/1183 1437/1728/1183
f 1435/1726/1182 1437/1728/1183 1438/1729/1182
f 1439/1730/1184 1435/1726/1182 1438/1729/1182
f 1439/1730/1184 1438/1729/1182 1440/1731/1184
f 1441/1732/1185 1439/1733/1184 1440/1734/1184
f 1441/1732/1185 1440/1734/1184 1442/1735/1185
f 1443/1736/1186 1441/1732/1185 1442/1735/1185
f 1443/1736/1186 1442/1735/1185 1444/1737/1186
f 1445/1738/1187 1443/1736/1186 1444/1737/1186
f 1445/1738/1187 1444/1737/1186 1446/1739/1187
f 1447/1740/1188 1445/1738/1187 1446/1739/1187
f 1447/1740/1188 1446/1739/1187 1448/1741/1188
f 1449/1742/1189 1447/1740/1188 1448/1741/1188
f 1449/1742/1189 1448/1741/1188 1450/1743/1189
f 1451/1744/1190 1449/1742/1189 1450/1743/1189
f 1451/1744/1190 1450/1743/1189 1452/1745/1190
f 1453/1746/1191 1451/1744/1190 1452/1745/1190
f 1453/1746/1191 1452/1745/1190 1454/1747/1192
f 1455/1748/1193 1453/1746/1191 1454/1747/1192
f 1455/1748/1193 1454/1747/1192 1456/1749/1193
f 1457/1750/1194 1455/1748/1193 1456/1749/1193
f 1457/1750/1194 1456/1749/1193 1458/1751/1194
f 1459/1752/1195 1457/1750/1194 1458/1751/1194
f 1459/1752/1195 1458/1751/1194 1460/1753/1195
f 1461/1754/1196 1459/1752/1195 1460/1753/1195
f 1461/1754/1196 1460/1753/1195 1462/1755/1196
f 1463/1756/1197 1461/1754/1196 1462/1755/1196
f 1463/1756/1197 1462/1755/1196 1464/1757/1197
f 1465/1758/1198 1463/1756/1197 1464/1757/1197
f 1465/1758/1198 1464/1757/1197 1466/1759/1198
f 1467/1760/1199 1465/1758/1198 1466/1759/1198
f 1467/1760/1199 1466/1759/1198 1468/1761/1199
f 1469/1762/1200 1467/1760/1199 1468/1761/1199
f 1469/1762/1200 1468/1761/1199 1470/1763/1200
f 1436/1727/1183 1469/1762/1200 1470/1763/1200
f 1436/1727/1183 1470/1763/1200 1437/1728/1183
f 1471/1764/1201 1472/1765/1202 1473/1766/1203
f 1471/1764/1201 1473/1766/1203 1474/1767/1204
f 1472/1765/1202 1475/1768/1205 1476/1769/1206
f 1472/1765/1202 1476/1769/1206 1473/1766/1203
f 1475/1770/1205 1477/1771/1207 1478/1772/1208
f 1475/1770/1205 1478/1772/1208 1476/1773/1206
f 1477/1771/1207 1479/1774/1209 1480/1775/1210
f 1477/1771/1207 1480/1775/1210 1478/1772/1208
f 1479/1774/1209 1481/1776/1211 1482/1777/1212
f 1479/1774/1209 1482/1777/1212 1480/1775/1210
f 1481/1776/1211 1483/1778/1213 1484/1779/1214
f 1481/1776/1211 1484/1779/1214 1482/1777/1212
f 1483/1778/1213 1485/1780/1215 1486/1781/1216
f 1483/1778/1213 1486/1781/1216 1484/1779/1214
f 1485/1780/1215 1487/1782/1217 1488/1783/1218
f 1485/1780/1215 1488/1783/1218 1486/1781/1216
f 1487/1782/1217 1489/1784/1219 1490/1785/1220
f 1487/1782/1217 1490/1785/1220 1488/1783/1218
f 1489/1784/1219 1491/1786/1221 1492/1787/1222
f 1489/1784/1219 1492/1787/1222 1490/1785/1220
f 1491/1786/1221 1493/1788/1223 1494/1789/1224
f 1491/1786/1221 1494/1789/1224 1492/1787/1222
f 1493/1788/1223 1495/1790/1225 1496/1791/1226
f 1493/1788/1223 1496/1791/1226 1494/1789/1224
f 1495/1790/1225 1497/1792/1227 1498/1793/1228
f 1495/1790/1225 1498/1793/1228 1496/1791/1226
f 1497/1792/1227 1499/1794/1229 1500/1795/1230
f 1497/1792/1227 1500/1795/1230 1498/1793/1228
f 1499/1794/1229 1501/1796/1231 1502/1797/1232
f 1499/1794/1229 1502/1797/1232 1500/1795/1230
f 1501/1796/1231 1503/1798/1233 1504/1799/1234
f 1501/1796/1231 1504/1799/1234 1502/1797/1232
f 1503/1798/1233 1505/1800/1235 1506/1801/1236
f 1503/1798/1233 1506/1801/1236 1504/1799/1234
f 1505/1800/1235 1471/1764/1201 1474/1767/1204
f 1505/1800/1235 1474/1767/1204 1506/1801/1236
f 1507/1802/1237 1508/1803/1238 1509/1804/1238
f 1507/1802/1237 1509/1804/1238 1510/1805/1237
f 1508/1803/1238 1511/1806/1239 1512/1807/1239
f 1508/1803/1238 1512/1807/1239 1509/1804/1238
f 1511/1808/1239 1513/1809/1240 1514/1810/1240
f 1511/1808/1239 1514/1810/1240 1512/1811/1239
f 1513/1809/1240 1515/1812/1241 1516/1813/1241
f 1513/1809/1240 1516/1813/1241 1514/1810/1240
f 1515/1812/1241 1517/1814/1242 1518/1815/1242
f 1515/1812/1241 1518/1815/1242 1516/1813/1241
f 1517/1814/1242 1519/1816/1243 1520/1817/1243
f 1517/1814/1242 1520/1817/1243 1518/1815/1242
f 1519/1816/1243 1521/1818/1244 1522/1819/1244
f 1519/1816/1243 1522/1819/1244 1520/1817/1243
f 1521/1818/1244 1523/1820/1245 1524/1821/1245
f 1521/1818/1244 1524/1821/1245 1522/1819/1244
f 1523/1820/1245 1525/1822/1246 1526/1823/1246
f 1523/1820/1245 1526/1823/1246 1524/1821/1245
f 1525/1822/1246 1527/1824/1247 1528/1825/1247
f 1525/1822/1246 1528/1825/1247 1526/1823/1246
f 1527/1824/1247 1529/1826/1248 1530/1827/1248
f 1527/1824/1247 1530/1827/1248 1528/1825/1247
f 1529/1826/1248 1531/1828/1249 1532/1829/1249
f 1529/1826/1248 1532/1829/1249 1530/1827/1248
f 1531/1828/1249 1533/1830/1250 1534/1831/1250
f 1531/1828/1249 1534/1831/1250 1532/1829/1249
f 1533/1830/1250 1535/1832/1251 1536/1833/1251
f 1533/1830/1250 1536/1833/1251 1534/1831/1250
f 1535/1832/1251 1537/1834/1252 1538/1835/1252
f 1535/1832/1251 1538/1835/1252 1536/1833/1251
f 1537/1834/1252 1539/1836/1253 1540/1837/1253
f 1537/1834/1252 1540/1837/1253 1538/1835/1252
f 1539/1836/1253 1541/1838/1254 1542/1839/1254
f 1539/1836/1253 1542/1839/1254 1540/1837/1253
f 1541/1838/1254 1507/1802/1237 1510/1805/1237
f 1541/1838/1254 1510/1805/1237 1542/1839/1254
f 1543/1840/1255 1544/1841/1256 1545/1842/1256
f 1543/1840/1255 1545/1842/1256 1546/1843/1255
f 1544/1841/1256 1547/1844/1257 1548/1845/1257
f 1544/1841/1256 1548/1845/1257 1545/1842/1256
f 1547/1846/1257 1549/1847/1258 1550/1848/1258
f 1547/1846/1257 1550/1848/1258 1548/1849/1257
f 1549/1847/1258 1551/1850/1259 1552/1851/1259
f 1549/1847/1258 1552/1851/1259 1550/1848/1258
f 1551/1850/1259 1553/1852/1260 1554/1853/1260
f 1551/1850/1259 1554/1853/1260 1552/1851/1259
f 1553/1852/1260 1555/1854/1261 1556/1855/1261
f 1553/1852/1260 1556/1855/1261 1554/1853/1260
f 1555/1854/1261 1557/1856/1262 1558/1857/1262
f 1555/1854/1261 1558/1857/1262 1556/1855/1261
f 1557/1856/1262 1559/1858/1263 1560/1859/1263
f 1557/1856/1262 1560/1859/1263 1558/1857/1262
f 1559/1858/1263 1561/1860/1264 1562/1861/1264
f 1559/1858/1263 1562/1861/1264 1560/1859/1263
f 1561/1860/1264 1563/1862/1265 1564/1863/1265
f 1561/1860/1264 1564/1863/1265 1562/1861/1264
f 1563/1862/1265 1565/1864/1266 1566/1865/1266
f 1563/1862/1265 1566/1865/1266 1564/1863/1265
f 1565/1864/1266 1567/1866/1267 1568/1867/1267
f 1565/1864/1266 1568/1867/1267 1566/1865/1266
f 1567/1866/1267 1569/1868/1268 1570/1869/1268
f 1567/1866/1267 1570/1869/1268 1568/1867/1267
f 1569/1868/1268 1571/1870/1269 1572/1871/1269
f 1569/1868/1268 1572/1871/1269 1570/1869/1268
f 1571/1870/1269 1573/1872/1270 1574/1873/1270
f 1571/1870/1269 1574/1873/1270 1572/1871/1269
f 1573/1872/1270 1575/1874/1271 1576/1875/1271
f 1573/1872/1270 1576/1875/1271 1574/1873/1270
f 1575/1874/1271 1577/1876/1272 1578/1877/1272
f 1575/1874/1271 1578/1877/1272 1576/1875/1271
f 1577/1876/1272 1543/1840/1255 1546/1843/1255
f 1577/1876/1272 1546/1843/1255 1578/1877/1272
f 1579/1878/1255 1580/1879/1256 1581/1880/1256
f 1579/1878/1255 1581/1880/1256 1582/1881/1273
f 1583/1882/1255 1584/1883/1256 1585/1884/1256
f 1583/1882/1255 1585/1884/1256 1586/1885/1255
f 1587/1886/1255 1588/1887/1256 1589/1888/1256
f 1587/1886/1255 1589/1888/1256 1590/1889/1255
f 1591/1890/1255 1592/1891/1256 1593/1892/1256
f 1591/1890/1255 1593/1892/1256 1594/1893/1255
f 1595/1894/1255 1596/1895/1256 1597/1896/1256
f 1595/1894/1255 1597/1896/1256 1598/1897/1255
f 1599/1898/1255 1600/1899/1256 1601/1900/1256
f 1599/1898/1255 1601/1900/1256 1602/1901/1255
f 1603/1902/1255 1604/1903/1256 1605/1904/1256
f 1603/1902/1255 1605/1904/1256 1606/1905/1255
f 1607/1906/1256 1608/1907/1255 1609/1908/1273
f 1607/1906/1256 1609/1908/1273 1610/1909/1256
f 1611/1910/1256 1612/1911/1255 1613/1912/1255
f 1611/1910/1256 1613/1912/1255 1614/1913/1256
f 1615/1914/1256 1616/1915/1255 1617/1916/1255
f 1615/1914/1256 1617/1916/1255 1618/1917/1256
f 1619/1918/1256 1620/1919/1255 1621/1920/1255
f 1619/1918/1256 1621/1920/1255 1622/1921/1256
f 1623/1922/1256 1624/1923/1255 1625/1924/1255
f 1623/1922/1256 1625/1924/1255 1626/1925/1256
f 1627/1926/1256 1628/1927/1255 1629/1928/1255
f 1627/1926/1256 1629/1928/1255 1630/1929/1256
f 1580/1879/1256 1631/1930/1257 1632/1931/1257
f 1580/1879/1256 1632/1931/1257 1581/1880/1256
f 1584/1883/1256 1633/1932/1257 1634/1933/1257
f 1584/1883/1256 1634/1933/1257 1585/1884/1256
f 1588/1887/1256 1635/1934/1257 1636/1935/1257
f 1588/1887/1256 1636/1935/1257 1589/1888/1256
f 1592/1891/1256 1637/1936/1257 1638/1937/1257
f 1592/1891/1256 1638/1937/1257 1593/1892/1256
f 1596/1895/1256 1639/1938/1257 1640/1939/1257
f 1596/1895/1256 1640/1939/1257 1597/1896/1256
f 1600/1899/1256 1641/1940/1257 1642/1941/1257
f 1600/1899/1256 1642/1941/1257 1601/1900/1256
f 1604/1903/1256 1643/1942/1257 1644/1943/1257
f 1604/1903/1256 1644/1943/1257 1605/1904/1256
f 1645/1944/1257 1607/1906/1256 1610/1909/1256
f 1645/1944/1257 1610/1909/1256 1646/1945/1257
f 1647/1946/1257 1611/1910/1256 1614/1913/1256
f 1647/1946/1257 1614/1913/1256 1648/1947/1257
f 1649/1948/1257 1615/1914/1256 1618/1917/1256
f 1649/1948/1257 1618/1917/1256 1650/1949/1257
f 1651/1950/1257 1619/1918/1256 1622/1921/1256
f 1651/1950/1257 1622/1921/1256 1652/1951/1257
f 1653/1952/1257 1623/1922/1256 1626/1925/1256
f 1653/1952/1257 1626/1925/1256 1654/1953/1257
f 1655/1954/1257 1627/1926/1256 1630/1929/1256
f 1655/1954/1257 1630/1929/1256 1656/1955/1257
f 1631/1956/1257 1657/1957/1258 1658/1958/1258
f 1631/1956/1257 1658/1958/1258 1632/1959/1257
f 1633/1960/1257 1659/1961/1258 1660/1962/1258
f 1633/1960/1257 1660/1962/1258 1634/1963/1257
f 1635/1964/1257 1661/1965/1258 1662/1966/1258
f 1635/1964/1257 1662/1966/1258 1636/1967/1257
f 1637/1968/1257 1663/1969/1258 1664/1970/1258
f 1637/1968/1257 1664/1970/1258 1638/1971/1257
f 1639/1972/1257 1665/1973/1258 1666/1974/1258
f 1639/1972/1257 1666/1974/1258 1640/1975/1257
f 1641/1976/1257 1667/1977/1258 1668/1978/1258
f 1641/1976/1257 1668/1978/1258 1642/1979/1257
f 1643/1980/1257 1669/1981/1258 1670/1982/1258
f 1643/1980/1257 1670/1982/1258 1644/1983/1257
f 1671/1984/1258 1645/1985/1257 1646/1986/1257
f 1671/1984/1258 1646/1986/1257 1672/1987/1258
f 1673/1988/1258 1647/1989/1257 1648/1990/1257
f 1673/1988/1258 1648/1990/1257 1674/1991/1258
f 1675/1992/1258 1649/1993/1257 1650/1994/1257
f 1675/1992/1258 1650/1994/1257 1676/1995/1258
f 1677/1996/1258 1651/1997/1257 1652/1998/1257
f 1677/1996/1258 1652/1998/1257 1678/1999/1258
f 1679/2000/1258 1653/2001/1257 1654/2002/1257
f 1679/2000/1258 1654/2002/1257 1680/2003/1258
f 1681/2004/1258 1655/2005/1257 1656/2006/1257
f 1681/2004/1258 1656/2006/1257 1682/2007/1258
f 1657/1957/1258 1683/2008/1259 1684/2009/1259
f 1657/1957/1258 1684/2009/1259 1658/1958/1258
f 1659/1961/1258 1685/2010/1259 1686/2011/1259
f 1659/1961/1258 1686/2011/1259 1660/1962/1258
f 1661/1965/1258 1687/2012/1259 1688/2013/1259
f 1661/1965/1258 1688/2013/1259 1662/1966/1258
f 1663/1969/1258 1689/2014/1259 1690/2015/1259
f 1663/1969/1258 1690/2015/1259 1664/1970/1258
f 1665/1973/1258 1691/2016/1259 1692/2017/1259
f 1665/1973/1258 1692/2017/1259 1666/1974/1258
f 1667/1977/1258 1693/2018/1259 1694/2019/1259
f 1667/1977/1258 1694/2019/1259 1668/1978/1258
f 1669/1981/1258 1695/2020/1259 1696/2021/1259
f 1669/1981/1258 1696/2021/1259 1670/1982/1258
f 1697/2022/1259 1671/1984/1258 1672/1987/1258
f 1697/2022/1259 1672/1987/1258 1698/2023/1259
f 1699/2024/1259 1673/1988/1258 1674/1991/1258
f 1699/2024/1259 1674/1991/1258 1700/2025/1259
f 1701/2026/1259 1675/1992/1258 1676/1995/1258
f 1701/2026/1259 1676/1995/1258 1702/2027/1259
f 1703/2028/1259 1677/1996/1258 1678/1999/1258
f 1703/2028/1259 1678/1999/1258 1704/2029/1259
f 1705/2030/1259 1679/2000/1258 1680/2003/1258
f 1705/2030/1259 1680/2003/1258 1706/2031/1259
f 1707/2032/1259 1681/2004/1258 1682/2007/1258
f 1707/2032/1259 1682/2007/1258 1708/2033/1259
f 1683/2008/1259 1709/2034/1260 1710/2035/1260
f 1683/2008/1259 1710/2035/1260 1684/2009/1259
f 1685/2010/1259 1711/2036/1260 1712/2037/1260
f 1685/2010/1259 1712/2037/1260 1686/2011/1259
f 1687/2012/1259 1713/2038/1260 1714/2039/1260
f 1687/2012/1259 1714/2039/1260 1688/2013/1259
f 1689/2014/1259 1715/2040/1260 1716/2041/1260
f 1689/2014/1259 1716/2041/1260 1690/2015/1259
f 1691/2016/1259 1717/2042/1260 1718/2043/1260
f 1691/2016/1259 1718/2043/1260 1692/2017/1259
f 1693/2018/1259 1719/2044/1260 1720/2045/1260
f 1693/2018/1259 1720/2045/1260 1694/2019/1259
f 1695/2020/1259 1721/2046/1260 1722/2047/1260
f 1695/2020/1259 1722/2047/1260 1696/2021/1259
f 1723/2048/1260 1697/2022/1259 1698/2023/1259
f 1723/2048/1260 1698/2023/1259 1724/2049/1260
f 1725/2050/1260 1699/2024/1259 1700/2025/1259
f 1725/2050/1260 1700/2025/1259 1726/2051/1260
f 1727/2052/1260 1701/2026/1259 1702/2027/1259
f 1727/2052/1260 1702/2027/1259 1728/2053/1260
f 1729/2054/1260 1703/2028/1259 1704/2029/1259
f 1729/2054/1260 1704/2029/1259 1730/2055/1260
f 1731/2056/1260 1705/2030/1259 1706/2031/1259
f 1731/2056/1260 1706/2031/1259 1732/2057/1260
f 1733/2058/1260 1707/2032/1259 1708/2033/1259
f 1733/2058/1260 1708/2033/1259 1734/2059/1260
f 1709/2034/1260 1735/2060/1261 1736/2061/1261
f 1709/2034/1260 1736/2061/1261 1710/2035/1260
f 1711/2036/1260 1737/2062/1261 1738/2063/1261
f 1711/2036/1260 1738/2063/1261 1712/2037/1260
f 1713/2038/1260 1739/2064/1261 1740/2065/1261
f 1713/2038/1260 1740/2065/1261 1714/2039/1260
f 1715/2040/1260 1741/2066/1261 1742/2067/1261
f 1715/2040/1260 1742/2067/1261 1716/2041/1260
f 1717/2042/1260 1743/2068/1261 1744/2069/1261
f 1717/2042/1260 1744/2069/1261 1718/2043/1260
f 1719/2044/1260 1745/2070/1261 1746/2071/1261
f 1719/2044/1260 1746/2071/1261 1720/2045/1260
f 1721/2046/1260 1747/2072/1261 1748/2073/1261
f 1721/2046/1260 1748/2073/1261 1722/2047/1260
f 1749/2074/1261 1723/2048/1260 1724/2049/1260
f 1749/2074/1261 1724/2049/1260 1750/2075/1261
f 1751/2076/1261 1725/2050/1260 1726/2051/1260
f 1751/2076/1261 1726/2051/1260 1752/2077/1261
f 1753/2078/1261 1727/2052/1260 1728/2053/1260
f 1753/2078/1261 1728/2053/1260 1754/2079/1261
f 1755/2080/1261 1729/2054/1260 1730/2055/1260
f 1755/2080/1261 1730/2055/1260 1756/2081/1261
f 1757/2082/1261 1731/2056/1260 1732/2057/1260
f 1757/2082/1261 1732/2057/1260 1758/2083/1261
f 1759/2084/1261 1733/2058/1260 1734/2059/1260
f 1759/2084/1261 1734/2059/1260 1760/2085/1261
f 1735/2060/1261 1761/2086/1262 1762/2087/1262
f 1735/2060/1261 1762/2087/1262 1736/2061/1261
f 1737/2062/1261 1763/2088/1262 1764/2089/1262
f 1737/2062/1261 1764/2089/1262 1738/2063/1261
f 1739/2064/1261 1765/2090/1262 1766/2091/1262
f 1739/2064/1261 1766/2091/1262 1740/2065/1261
f 1741/2066/1261 1767/2092/1262 1768/2093/1262
f 1741/2066/1261 1768/2093/1262 1742/2067/1261
f 1743/2068/1261 1769/2094/1262 1770/2095/1262
f 1743/2068/1261 1770/2095/1262 1744/2069/1261
f 1745/2070/1261 1771/2096/1262 1772/2097/1262
f 1745/2070/1261 1772/2097/1262 1746/2071/1261
f 1747/2072/1261 1773/2098/1262 1774/2099/1262
f 1747/2072/1261 1774/2099/1262 1748/2073/1261
f 1775/2100/1262 1749/2074/1261 1750/2075/1261
f 1775/2100/1262 1750/2075/1261 1776/2101/1262
f 1777/2102/1262 1751/2076/1261 1752/2077/1261
f 1777/2102/1262 1752/2077/1261 1778/2103/1262
f 1779/2104/1262 1753/2078/1261 1754/2079/1261
f 1779/2104/1262 1754/2079/1261 1780/2105/1262
f 1781/2106/1262 1755/2080/1261 1756/2081/1261
f 1781/2106/1262 1756/2081/1261 1782/2107/1262
f 1783/2108/1262 1757/2082/1261 1758/2083/1261
f 1783/2108/1262 1758/2083/1261 1784/2109/1262
f 1785/2110/1262 1759/2084/1261 1760/2085/1261
f 1785/2110/1262 1760/2085/1261 1786/2111/1262
f 1761/2086/1262 1787/2112/1263 1788/2113/1263
f 1761/2086/1262 1788/2113/1263 1762/2087/1262
f 1763/2088/1262 1789/2114/1263 1790/2115/1263
f 1763/2088/1262 1790/2115/1263 1764/2089/1262
f 1765/2090/1262 1791/2116/1263 1792/2117/1263
f 1765/2090/1262 1792/2117/1263 1766/2091/1262
f 1767/2092/1262 1793/2118/1263 1794/2119/1263
f 1767/2092/1262 1794/2119/1263 1768/2093/1262
f 1769/2094/1262 1795/2120/1263 1796/2121/1263
f 1769/2094/1262 1796/2121/1263 1770/2095/1262
f 1771/2096/1262 1797/2122/1263 1798/2123/1263
f 1771/2096/1262 1798/2123/1263 1772/2097/1262
f 1773/2098/1262 1799/2124/1263 1800/2125/1263
f 1773/2098/1262 1800/2125/1263 1774/2099/1262
f 1801/2126/1263 1775/2100/1262 1776/2101/1262
f 1801/2126/1263 1776/2101/1262 1802/2127/1263
f 1803/2128/1263 1777/2102/1262 1778/2103/1262
f 1803/2128/1263 1778/2103/1262 1804/2129/1263
f 1805/2130/1263 1779/2104/1262 1780/2105/1262
f 1805/2130/1263 1780/2105/1262 1806/2131/1263
f 1807/2132/1263 1781/2106/1262 1782/2107/1262
f 1807/2132/1263 1782/2107/1262 1808/2133/1263
f 1809/2134/1263 1783/2108/1262 1784/2109/1262
f 1809/2134/1263 1784/2109/1262 1810/2135/1263
f 1811/2136/1263 1785/2110/1262 1786/2111/1262
f 1811/2136/1263 1786/2111/1262 1812/2137/1263
f 1787/2112/1263 1813/2138/1274 1814/2139/1274
f 1787/2112/1263 1814/2139/1274 1788/2113/1263
f 1789/2114/1263 1815/2140/1274 1816/2141/1264
f 1789/2114/1263 1816/2141/1264 1790/2115/1263
f 1791/2116/1263 1817/2142/1274 1818/2143/1264
f 1791/2116/1263 1818/2143/1264 1792/2117/1263
f 1793/2118/1263 1819/2144/1264 1820/2145/1274
f 1793/2118/1263 1820/2145/1274 1794/2119/1263
f 1795/2120/1263 1821/2146/1274 1822/2147/1264
f 1795/2120/1263 1822/2147/1264 1796/2121/1263
f 1797/2122/1263 1823/2148/1264 1824/2149/1274
f 1797/2122/1263 1824/2149/1274 1798/2123/1263
f 1799/2124/1263 1825/2150/1274 1826/2151/1264
f 1799/2124/1263 1826/2151/1264 1800/2125/1263
f 1827/2152/1274 1801/2126/1263 1802/2127/1263
f 1827/2152/1274 1802/2127/1263 1828/2153/1264
f 1829/2154/1264 1803/2128/1263 1804/2129/1263
f 1829/2154/1264 1804/2129/1263 1830/2155/1274
f 1831/2156/1274 1805/2130/1263 1806/2131/1263
f 1831/2156/1274 1806/2131/1263 1832/2157/1274
f 1833/2158/1264 1807/2132/1263 1808/2133/1263
f 1833/2158/1264 1808/2133/1263 1834/2159/1264
f 1835/2160/1274 1809/2134/1263 1810/2135/1263
f 1835/2160/1274 1810/2135/1263 1836/2161/1264
f 1837/2162/1274 1811/2136/1263 1812/2137/1263
f 1837/2162/1274 1812/2137/1263 1838/2163/1264
f 1813/2138/1274 1839/2164/1265 1840/2165/1265
f 1813/2138/1274 1840/2165/1265 1814/2139/1274
f 1815/2140/1274 1841/2166/1265 1842/2167/1265
f 1815/2140/1274 1842/2167/1265 1816/2141/1264
f 1817/2142/1274 1843/2168/1265 1844/2169/1265
f 1817/2142/1274 1844/2169/1265 1818/2143/1264
f 1819/2144/1264 1845/2170/1265 1846/2171/1265
f 1819/2144/1264 1846/2171/1265 1820/2145/1274
f 1821/2146/1274 1847/2172/1265 1848/2173/1265
f 1821/2146/1274 1848/2173/1265 1822/2147/1264
f 1823/2148/1264 1849/2174/1265 1850/2175/1265
f 1823/2148/1264 1850/2175/1265 1824/2149/1274
f 1825/2150/1274 1851/2176/1265 1852/2177/1265
f 1825/2150/1274 1852/2177/1265 1826/2151/1264
f 1853/2178/1265 1827/2152/1274 1828/2153/1264
f 1853/2178/1265 1828/2153/1264 1854/2179/1265
f 1855/2180/1265 1829/2154/1264 1830/2155/1274
f 1855/2180/1265 1830/2155/1274 1856/2181/1265
f 1857/2182/1265 1831/2156/1274 1832/2157/1274
f 1857/2182/1265 1832/2157/1274 1858/2183/1265
f 1859/2184/1265 1833/2158/1264 1834/2159/1264
f 1859/2184/1265 1834/2159/1264 1860/2185/1265
f 1861/2186/1265 1835/2160/1274 1836/2161/1264
f 1861/2186/1265 1836/2161/1264 1862/2187/1265
f 1863/2188/1265 1837/2162/1274 1838/2163/1264
f 1863/2188/1265 1838/2163/1264 1864/2189/1265
f 1839/2164/1265 1865/2190/1266 1866/2191/1266
f 1839/2164/1265 1866/2191/1266 1840/2165/1265
f 1841/2166/1265 1867/2192/1266 1868/2193/1266
f 1841/2166/1265 1868/2193/1266 1842/2167/1265
f 1843/2168/1265 1869/2194/1266 1870/2195/1266
f 1843/2168/1265 1870/2195/1266 1844/2169/1265
f 1845/2170/1265 1871/2196/1266 1872/2197/1266
f 1845/2170/1265 1872/2197/1266 1846/2171/1265
f 1847/2172/1265 1873/2198/1266 1874/2199/1266
f 1847/2172/1265 1874/2199/1266 1848/2173/1265
f 1849/2174/1265 1875/2200/1266 1876/2201/1266
f 1849/2174/1265 1876/2201/1266 1850/2175/1265
f 1851/2176/1265 1877/2202/1266 1878/2203/1266
f 1851/2176/1265 1878/2203/1266 1852/2177/1265
f 1879/2204/1266 1853/2178/1265 1854/2179/1265
f 1879/2204/1266 1854/2179/1265 1880/2205/1266
f 1881/2206/1266 1855/2180/1265 1856/2181/1265
f 1881/2206/1266 1856/2181/1265 1882/2207/1266
f 1883/2208/1266 1857/2182/1265 1858/2183/1265
f 1883/2208/1266 1858/2183/1265 1884/2209/1266
f 1885/2210/1266 1859/2184/1265 1860/2185/1265
f 1885/2210/1266 1860/2185/1265 1886/2211/1266
f 1887/2212/1266 1861/2186/1265 1862/2187/1265
f 1887/2212/1266 1862/2187/1265 1888/2213/1266
f 1889/2214/1266 1863/2188/1265 1864/2189/1265
f 1889/2214/1266 1864/2189/1265 1890/2215/1266
f 1865/2190/1266 1891/2216/1267 1892/2217/1267
f 1865/2190/1266 1892/2217/1267 1866/2191/1266
f 1867/2192/1266 1893/2218/1267 1894/2219/1267
f 1867/2192/1266 1894/2219/1267 1868/2193/1266
f 1869/2194/1266 1895/2220/1267 1896/2221/1267
f 1869/2194/1266 1896/2221/1267 1870/2195/1266
f 1871/2196/1266 1897/2222/1267 1898/2223/1267
f 1871/2196/1266 1898/2223/1267 1872/2197/1266
f 1873/2198/1266 1899/2224/1267 1900/2225/1267
f 1873/2198/1266 1900/2225/1267 1874/2199/1266
f 1875/2200/1266 1901/2226/1267 1902/2227/1267
f 1875/2200/1266 1902/2227/1267 1876/2201/1266
f 1877/2202/1266 1903/2228/1267 1904/2229/1267
f 1877/2202/1266 1904/2229/1267 1878/2203/1266
f 1905/2230/1267 1879/2204/1266 1880/2205/1266
f 1905/2230/1267 1880/2205/1266 1906/2231/1267
f 1907/2232/1267 1881/2206/1266 1882/2207/1266
f 1907/2232/1267 1882/2207/1266 1908/2233/1267
f 1909/2234/1267 1883/2208/1266 1884/2209/1266
f 1909/2234/1267 1884/2209/1266 1910/2235/1267
f 1911/2236/1267 1885/2210/1266 1886/2211/1266
f 1911/2236/1267 1886/2211/1266 1912/2237/1267
f 1913/2238/1267 1887/2212/1266 1888/2213/1266
f 1913/2238/1267 1888/2213/1266 1914/2239/1267
f 1915/2240/1267 1889/2214/1266 1890/2215/1266
f 1915/2240/1267 1890/2215/1266 1916/2241/1267
f 1891/2216/1267 1917/2242/1268 1918/2243/1268
f 1891/2216/1267 1918/2243/1268 1892/2217/1267
f 1893/2218/1267 1919/2244/1268 1920/2245/1268
f 1893/2218/1267 1920/2245/1268 1894/2219/1267
f 1895/2220/1267 1921/2246/1268 1922/2247/1268
f 1895/2220/1267 1922/2247/1268 1896/2221/1267
f 1897/2222/1267 1923/2248/1268 1924/2249/1268
f 1897/2222/1267 1924/2249/1268 1898/2223/1267
f 1899/2224/1267 1925/2250/1268 1926/2251/1268
f 1899/2224/1267 1926/2251/1268 1900/2225/1267
f 1901/2226/1267 1927/2252/1268 1928/2253/1268
f 1901/2226/1267 1928/2253/1268 1902/2227/1267
f 1903/2228/1267 1929/2254/1268 1930/2255/1268
f 1903/2228/1267 1930/2255/1268 1904/2229/1267
f 1931/2256/1268 1905/2230/1267 1906/2231/1267
f 1931/2256/1268 1906/2231/1267 1932/2257/1268
f 1933/2258/1268 1907/2232/1267 1908/2233/1267
f 1933/2258/1268 1908/2233/1267 1934/2259/1268
f 1935/2260/1268 1909/2234/1267 1910/2235/1267
f 1935/2260/1268 1910/2235/1267 1936/2261/1268
f 1937/2262/1268 1911/2236/1267 1912/2237/1267
f 1937/2262/1268 1912/2237/1267 1938/2263/1268
f 1939/2264/1268 1913/2238/1267 1914/2239/1267
f 1939/2264/1268 1914/2239/1267 1940/2265/1268
f 1941/2266/1268 1915/2240/1267 1916/2241/1267
f 1941/2266/1268 1916/2241/1267 1942/2267/1268
f 1917/2242/1268 1943/2268/1269 1944/2269/1269
f 1917/2242/1268 1944/2269/1269 1918/2243/1268
f 1919/2244/1268 1945/2270/1269 1946/2271/1269
f 1919/2244/1268 1946/2271/1269 1920/2245/1268
f 1921/2246/1268 1947/2272/1269 1948/2273/1269
f 1921/2246/1268 1948/2273/1269 1922/2247/1268
f 1923/2248/1268 1949/2274/1269 1950/2275/1269
f 1923/2248/1268 1950/2275/1269 1924/2249/1268
f 1925/2250/1268 1951/2276/1269 1952/2277/1269
f 1925/2250/1268 1952/2277/1269 1926/2251/1268
f 1927/2252/1268 1953/2278/1269 1954/2279/1269
f 1927/2252/1268 1954/2279/1269 1928/2253/1268
f 1929/2254/1268 1955/2280/1269 1956/2281/1269
f 1929/2254/1268 1956/2281/1269 1930/2255/1268
f 1957/2282/1269 1931/2256/1268 1932/2257/1268
f 1957/2282/1269 1932/2257/1268 1958/2283/1269
f 1959/2284/1269 1933/2258/1268 1934/2259/1268
f 1959/2284/1269 1934/2259/1268 1960/2285/1269
f 1961/2286/1269 1935/2260/1268 1936/2261/1268
f 1961/2286/1269 1936/2261/1268 1962/2287/1269
f 1963/2288/1269 1937/2262/1268 1938/2263/1268
f 1963/2288/1269 1938/2263/1268 1964/2289/1269
f 1965/2290/1269 1939/2264/1268 1940/2265/1268
f 1965/2290/1269 1940/2265/1268 1966/2291/1269
f 1967/2292/1269 1941/2266/1268 1942/2267/1268
f 1967/2292/1269 1942/2267/1268 1968/2293/1269
f 1943/2268/1269 1969/2294/1270 1970/2295/1270
f 1943/2268/1269 1970/2295/1270 1944/2269/1269
f 1945/2270/1269 1971/2296/1270 1972/2297/1270
f 1945/2270/1269 1972/2297/1270 1946/2271/1269
f 1947/2272/1269 1973/2298/1270 1974/2299/1270
f 1947/2272/1269 1974/2299/1270 1948/2273/1269
f 1949/2274/1269 1975/2300/1270 1976/2301/1270
f 1949/2274/1269 1976/2301/1270 1950/2275/1269
f 1951/2276/1269 1977/2302/1270 1978/2303/1270
f 1951/2276/1269 1978/2303/1270 1952/2277/1269
f 1953/2278/1269 1979/2304/1270 1980/2305/1270
f 1953/2278/1269 1980/2305/1270 1954/2279/1269
f 1955/2280/1269 1981/2306/1270 1982/2307/1270
f 1955/2280/1269 1982/2307/1270 1956/2281/1269
f 1983/2308/1270 1957/2282/1269 1958/2283/1269
f 1983/2308/1270 1958/2283/1269 1984/2309/1270
f 1985/2310/1270 1959/2284/1269 1960/2285/1269
f 1985/2310/1270 1960/2285/1269 1986/2311/1270
f 1987/2312/1270 1961/2286/1269 1962/2287/1269
f 1987/2312/1270 1962/2287/1269 1988/2313/1270
f 1989/2314/1270 1963/2288/1269 1964/2289/1269
f 1989/2314/1270 1964/2289/1269 1990/2315/1270
f 1991/2316/1270 1965/2290/1269 1966/2291/1269
f 1991/2316/1270 1966/2291/1269 1992/2317/1270
f 1993/2318/1270 1967/2292/1269 1968/2293/1269
f 1993/2318/1270 1968/2293/1269 1994/2319/1270
f 1969/2294/1270 1995/2320/1271 1996/2321/1271
f 1969/2294/1270 1996/2321/1271 1970/2295/1270
f 1971/2296/1270 1997/2322/1271 1998/2323/1271
f 1971/2296/1270 1998/2323/1271 1972/2297/1270
f 1973/2298/1270 1999/2324/1271 2000/2325/1271
f 1973/2298/1270 2000/2325/1271 1974/2299/1270
f 1975/2300/1270 2001/2326/1271 2002/2327/1271
f 1975/2300/1270 2002/2327/1271 1976/2301/1270
f 1977/2302/1270 2003/2328/1271 2004/2329/1271
f 1977/2302/1270 2004/2329/1271 1978/2303/1270
f 1979/2304/1270 2005/2330/1271 2006/2331/1271
f 1979/2304/1270 2006/2331/1271 1980/2305/1270
f 1981/2306/1270 2007/2332/1271 2008/2333/1271
f 1981/2306/1270 2008/2333/1271 1982/2307/1270
f 2009/2334/1271 1983/2308/1270 1984/2309/1270
f 2009/2334/1271 1984/2309/1270 2010/2335/1271
f 2011/2336/1271 1985/2310/1270 1986/2311/1270
f 2011/2336/1271 1986/2311/1270 2012/2337/1271
f 2013/2338/1271 1987/2312/1270 1988/2313/1270
f 2013/2338/1271 1988/2313/1270 2014/2339/1271
f 2015/2340/1271 1989/2314/1270 1990/2315/1270
f 2015/2340/1271 1990/2315/1270 2016/2341/1271
f 2017/2342/1271 1991/2316/1270 1992/2317/1270
f 2017/2342/1271 1992/2317/1270 2018/2343/1271
f 2019/2344/1271 1993/2318/1270 1994/2319/1270
f 2019/2344/1271 1994/2319/1270 2020/2345/1271
f 1995/2320/1271 2021/2346/1272 2022/2347/1272
f 1995/2320/1271 2022/2347/1272 1996/2321/1271
f 1997/2322/1271 2023/2348/1272 2024/2349/1272
f 1997/2322/1271 2024/2349/1272 1998/2323/1271
f 1999/2324/1271 2025/2350/1272 2026/2351/1272
f 1999/2324/1271 2026/2351/1272 2000/2325/1271
f 2001/2326/1271 2027/2352/1272 2028/2353/1272
f 2001/2326/1271 2028/2353/1272 2002/2327/1271
f 2003/2328/1271 2029/2354/1272 2030/2355/1272
f 2003/2328/1271 2030/2355/1272 2004/2329/1271
f 2005/2330/1271 2031/2356/1272 2032/2357/1272
f 2005/2330/1271 2032/2357/1272 2006/2331/1271
f 2007/2332/1271 2033/2358/1272 2034/2359/1272
f 2007/2332/1271 2034/2359/1272 2008/2333/1271
f 2035/2360/1272 2009/2334/1271 2010/2335/1271
f 2035/2360/1272 2010/2335/1271 2036/2361/1272
f 2037/2362/1272 2011/2336/1271 2012/2337/1271
f 2037/2362/1272 2012/2337/1271 2038/2363/1272
f 2039/2364/1272 2013/2338/1271 2014/2339/1271
f 2039/2364/1272 2014/2339/1271 2040/2365/1272
f 2041/2366/1272 2015/2340/1271 2016/2341/1271
f 2041/2366/1272 2016/2341/1271 2042/2367/1272
f 2043/2368/1272 2017/2342/1271 2018/2343/1271
f 2043/2368/1272 2018/2343/1271 2044/2369/1272
f 2045/2370/1272 2019/2344/1271 2020/2345/1271
f 2045/2370/1272 2020/2345/1271 2046/2371/1272
f 2021/2346/1272 1579/1878/1255 1582/1881/1273
f 2021/2346/1272 1582/1881/1273 2022/2347/1272
f 2023/2348/1272 1583/1882/1255 1586/1885/1255
f 2023/2348/1272 1586/1885/1255 2024/2349/1272
f 2025/2350/1272 1587/1886/1255 1590/1889/1255
f 2025/2350/1272 1590/1889/1255 2026/2351/1272
f 2027/2352/1272 1591/1890/1255 1594/1893/1255
f 2027/2352/1272 1594/1893/1255 2028/2353/1272
f 2029/2354/1272 1595/1894/1255 1598/1897/1255
f 2029/2354/1272 1598/1897/1255 2030/2355/1272
f 2031/2356/1272 1599/1898/1255 1602/1901/1255
f 2031/2356/1272 1602/1901/1255 2032/2357/1272
f 2033/2358/1272 1603/1902/1255 1606/1905/1255
f 2033/2358/1272 1606/1905/1255 2034/2359/1272
f 1608/1907/1255 2035/2360/1272 2036/2361/1272
f 1608/1907/1255 2036/2361/1272 1609/1908/1273
f 1612/1911/1255 2037/2362/1272 2038/2363/1272
f 1612/1911/1255 2038/2363/1272 1613/1912/1255
f 1616/1915/1255 2039/2364/1272 2040/2365/1272
f 1616/1915/1255 2040/2365/1272 1617/1916/1255
f 1620/1919/1255 2041/2366/1272 2042/2367/1272
f 1620/1919/1255 2042/2367/1272 1621/1920/1255
f 1624/1923/1255 2043/2368/1272 2044/2369/1272
f 1624/1923/1255 2044/2369/1272 1625/1924/1255
f 1628/1927/1255 2045/2370/1272 2046/2371/1272
f 1628/1927/1255 2046/2371/1272 1629/1928/1255
f 2047/2372/1275 2048/2373/1276 2049/2374/1277
f 2047/2372/1275 2049/2374/1277 2050/2375/1278
f 2048/2373/1276 2051/2376/1279 2052/2377/1280
f 2048/2373/1276 2052/2377/1280 2049/2374/1277
f 2051/2378/1279 2053/2379/1281 2054/2380/1282
f 2051/2378/1279 2054/2380/1282 2052/2381/1280
f 2053/2379/1281 2055/2382/1283 2056/2383/1284
f 2053/2379/1281 2056/2383/1284 2054/2380/1282
f 2055/2382/1283 2057/2384/1285 2058/2385/1286
f 2055/2382/1283 2058/2385/1286 2056/2383/1284
f 2057/2384/1285 2059/2386/1287 2060/2387/1288
f 2057/2384/1285 2060/2387/1288 2058/2385/1286
f 2059/2386/1287 2061/2388/1289 2062/2389/1290
f 2059/2386/1287 2062/2389/1290 2060/2387/1288
f 2061/2388/1289 2063/2390/1291 2064/2391/1292
f 2061/2388/1289 2064/2391/1292 2062/2389/1290
f 2063/2390/1291 2065/2392/1293 2066/2393/1294
f 2063/2390/1291 2066/2393/1294 2064/2391/1292
f 2065/2392/1293 2067/2394/1295 2068/2395/1296
f 2065/2392/1293 2068/2395/1296 2066/2393/1294
f 2067/2394/1295 2069/2396/1297 2070/2397/1298
f 2067/2394/1295 2070/2397/1298 2068/2395/1296
f 2069/2396/1297 2071/2398/1299 2072/2399/1300
f 2069/2396/1297 2072/2399/1300 2070/2397/1298
f 2071/2398/1299 2073/2400/1301 2074/2401/1302
f 2071/2398/1299 2074/2401/1302 2072/2399/1300
f 2073/2400/1301 2075/2402/1303 2076/2403/1304
f 2073/2400/1301 2076/2403/1304 2074/2401/1302
f 2075/2402/1303 2077/2404/1305 2078/2405/1306
f 2075/2402/1303 2078/2405/1306 2076/2403/1304
f 2077/2404/1305 2079/2406/1307 2080/2407/1308
f 2077/2404/1305 2080/2407/1308 2078/2405/1306
f 2079/2406/1307 2081/2408/1309 2082/2409/1310
f 2079/2406/1307 2082/2409/1310 2080/2407/1308
f 2081/2408/1309 2047/2372/1275 2050/2375/1278
f 2081/2408/1309 2050/2375/1278 2082/2409/1310
f 2083/2410/1311 2084/2411/1312 2085/2412/1313
f 2083/2410/1311 2085/2412/1313 2086/2413/1314
f 2084/2411/1312 2087/2414/1315 2088/2415/1316
f 2084/2411/1312 2088/2415/1316 2085/2412/1313
f 2087/2414/1315 2089/2416/1317 2090/2417/1318
f 2087/2414/1315 2090/2417/1318 2088/2415/1316
f 2089/2416/1317 2091/2418/1319 2092/2419/1320
f 2089/2416/1317 2092/2419/1320 2090/2417/1318
f 2091/2418/1319 2093/2420/1321 2094/2421/1322
f 2091/2418/1319 2094/2421/1322 2092/2419/1320
f 2093/2420/1321 2095/2422/1323 2096/2423/1324
f 2093/2420/1321 2096/2423/1324 2094/2421/1322
f 2095/2422/1323 2097/2424/1325 2098/2425/1326
f 2095/2422/1323 2098/2425/1326 2096/2423/1324
f 2097/2424/1325 2099/2426/1327 2100/2427/1328
f 2097/2424/1325 2100/2427/1328 2098/2425/1326
f 2099/2426/1327 2101/2428/1329 2102/2429/1330
f 2099/2426/1327 2102/2429/1330 2100/2427/1328
f 2101/2428/1329 2103/2430/1331 2104/2431/1332
f 2101/2428/1329 2104/2431/1332 2102/2429/1330
f 2103/2430/1331 2105/2432/1333 2106/2433/1334
f 2103/2430/1331 2106/2433/1334 2104/2431/1332
f 2105/2432/1333 2107/2434/1335 2108/2435/1336
f 2105/2432/1333 2108/2435/1336 2106/2433/1334
f 2107/2434/1335 2109/2436/1337 2110/2437/1338
f 2107/2434/1335 2110/2437/1338 2108/2435/1336
f 2109/2436/1337 2111/2438/1339 2112/2439/1340
f 2109/2436/1337 2112/2439/1340 2110/2437/1338
f 2111/2438/1339 2113/2440/1341 2114/2441/1342
f 2111/2438/1339 2114/2441/1342 2112/2439/1340
f 2113/2440/1341 2115/2442/1343 2116/2443/1344
f 2113/2440/1341 2116/2443/1344 2114/2441/1342
f 2115/2442/1343 2117/2444/1345 2118/2445/1346
f 2115/2442/1343 2118/2445/1346 2116/2443/1344
f 2117/2446/1345 2083/2410/1311 2086/2413/1314
f 2117/2446/1345 2086/2413/1314 2118/2447/1346
f 2119/2448/1347 2120/2449/1276 2121/2450/1277
f 2119/2448/1347 2121/2450/1277 2122/2451/1278
f 2120/2449/1276 2123/2452/1279 2124/2453/1280
f 2120/2449/1276 2124/2453/1280 2121/2450/1277
f 2123/2454/1279 2125/2455/1281 2126/2456/1282
f 2123/2454/1279 2126/2456/1282 2124/2457/1280
f 2125/2455/1281 2127/2458/1283 2128/2459/1284
f 2125/2455/1281 2128/2459/1284 2126/2456/1282
f 2127/2458/1283 2129/2460/1285 2130/2461/1286
f 2127/2458/1283 2130/2461/1286 2128/2459/1284
f 2129/2460/1285 2131/2462/1287 2132/2463/1288
f 2129/2460/1285 2132/2463/1288 2130/2461/1286
f 2131/2462/1287 2133/2464/1289 2134/2465/1290
f 2131/2462/1287 2134/2465/1290 2132/2463/1288
f 2133/2464/1289 2135/2466/1291 2136/2467/1292
f 2133/2464/1289 2136/2467/1292 2134/2465/1290
f 2135/2466/1291 2137/2468/1348 2138/2469/1294
f 2135/2466/1291 2138/2469/1294 2136/2467/1292
f 2137/2468/1348 2139/2470/1295 2140/2471/1296
f 2137/2468/1348 2140/2471/1296 2138/2469/1294
f 2139/2470/1295 2141/2472/1297 2142/2473/1298
f 2139/2470/1295 2142/2473/1298 2140/2471/1296
f 2141/2472/1297 2143/2474/1299 2144/2475/1300
f 2141/2472/1297 2144/2475/1300 2142/2473/1298
f 2143/2474/1299 2145/2476/1301 2146/2477/1302
f 2143/2474/1299 2146/2477/1302 2144/2475/1300
f 2145/2476/1301 2147/2478/1303 2148/2479/1304
f 2145/2476/1301 2148/2479/1304 2146/2477/1302
f 2147/2478/1303 2149/2480/1305 2150/2481/1306
f 2147/2478/1303 2150/2481/1306 2148/2479/1304
f 2149/2480/1305 2151/2482/1307 2152/2483/1308
f 2149/2480/1305 2152/2483/1308 2150/2481/1306
f 2151/2482/1307 2153/2484/1309 2154/2485/1310
f 2151/2482/1307 2154/2485/1310 2152/2483/1308
f 2153/2484/1309 2119/2448/1347 2122/2451/1278
f 2153/2484/1309 2122/2451/1278 2154/2485/1310
f 2155/2486/1311 2156/2487/1312 2157/2488/1349
f 2155/2486/1311 2157/2488/1349 2158/2489/1314
f 2156/2487/1312 2159/2490/1315 2160/2491/1316
f 2156/2487/1312 2160/2491/1316 2157/2488/1349
f 2159/2490/1315 2161/2492/1317 2162/2493/1318
f 2159/2490/1315 2162/2493/1318 2160/2491/1316
f 2161/2492/1317 2163/2494/1319 2164/2495/1350
f 2161/2492/1317 2164/2495/1350 2162/2493/1318
f 2163/2494/1319 2165/2496/1321 2166/2497/1322
f 2163/2494/1319 2166/2497/1322 2164/2495/1350
f 2165/2496/1321 2167/2498/1323 2168/2499/1324
f 2165/2496/1321 2168/2499/1324 2166/2497/1322
f 2167/2498/1323 2169/2500/1325 2170/2501/1326
f 2167/2498/1323 2170/2501/1326 2168/2499/1324
f 2169/2500/1325 2171/2502/1327 2172/2503/1328
f 2169/2500/1325 2172/2503/1328 2170/2501/1326
f 2171/2502/1327 2173/2504/1329 2174/2505/1330
f 2171/2502/1327 2174/2505/1330 2172/2503/1328
f 2173/2504/1329 2175/2506/1351 2176/2507/1332
f 2173/2504/1329 2176/2507/1332 2174/2505/1330
f 2175/2506/1351 2177/2508/1333 2178/2509/1334
f 2175/2506/1351 2178/2509/1334 2176/2507/1332
f 2177/2508/1333 2179/2510/1335 2180/2511/1336
f 2177/2508/1333 2180/2511/1336 2178/2509/1334
f 2179/2510/1335 2181/2512/1337 2182/2513/1352
f 2179/2510/1335 2182/2513/1352 2180/2511/1336
f 2181/2512/1337 2183/2514/1339 2184/2515/1340
f 2181/2512/1337 2184/2515/1340 2182/2513/1352
f 2183/2514/1339 2185/2516/1341 2186/2517/1342
f 2183/2514/1339 2186/2517/1342 2184/2515/1340
f 2185/2516/1341 2187/2518/1343 2188/2519/1353
f 2185/2516/1341 2188/2519/1353 2186/2517/1342
f 2187/2518/1343 2189/2520/1345 2190/2521/1346
f 2187/2518/1343 2190/2521/1346 2188/2519/1353
f 2189/2522/1345 2155/2486/1311 2158/2489/1314
f 2189/2522/1345 2158/2489/1314 2190/2523/1346
f 2191/2524/1347 2192/2525/1276 2193/2526/1277
f 2191/2524/1347 2193/2526/1277 2194/2527/1278
f 2192/2525/1276 2195/2528/1279 2196/2529/1280
f 2192/2525/1276 2196/2529/1280 2193/2526/1277
f 2195/2530/1279 2197/2531/1281 2198/2532/1282
f 2195/2530/1279 2198/2532/1282 2196/2533/1280
f 2197/2531/1281 2199/2534/1283 2200/2535/1284
f 2197/2531/1281 2200/2535/1284 2198/2532/1282
f 2199/2534/1283 2201/2536/1285 2202/2537/1286
f 2199/2534/1283 2202/2537/1286 2200/2535/1284
f 2201/2536/1285 2203/2538/1287 2204/2539/1288
f 2201/2536/1285 2204/2539/1288 2202/2537/1286
f 2203/2538/1287 2205/2540/1289 2206/2541/1290
f 2203/2538/1287 2206/2541/1290 2204/2539/1288
f 2205/2540/1289 2207/2542/1291 2208/2543/1292
f 2205/2540/1289 2208/2543/1292 2206/2541/1290
f 2207/2542/1291 2209/2544/1348 2210/2545/1294
f 2207/2542/1291 2210/2545/1294 2208/2543/1292
f 2209/2544/1348 2211/2546/1295 2212/2547/1296
f 2209/2544/1348 2212/2547/1296 2210/2545/1294
f 2211/2546/1295 2213/2548/1297 2214/2549/1298
f 2211/2546/1295 2214/2549/1298 2212/2547/1296
f 2213/2548/1297 2215/2550/1299 2216/2551/1300
f 2213/2548/1297 2216/2551/1300 2214/2549/1298
f 2215/2550/1299 2217/2552/1301 2218/2553/1302
f 2215/2550/1299 2218/2553/1302 2216/2551/1300
f 2217/2552/1301 2219/2554/1303 2220/2555/1304
f 2217/2552/1301 2220/2555/1304 2218/2553/1302
f 2219/2554/1303 2221/2556/1305 2222/2557/1306
f 2219/2554/1303 2222/2557/1306 2220/2555/1304
f 2221/2556/1305 2223/2558/1307 2224/2559/1308
f 2221/2556/1305 2224/2559/1308 2222/2557/1306
f 2223/2558/1307 2225/2560/1309 2226/2561/1310
f 2223/2558/1307 2226/2561/1310 2224/2559/1308
f 2225/2560/1309 2191/2524/1347 2194/2527/1278
f 2225/2560/1309 2194/2527/1278 2226/2561/1310
f 2227/2562/1311 2228/2563/1312 2229/2564/1349
f 2227/2562/1311 2229/2564/1349 2230/2565/1314
f 2228/2563/1312 2231/2566/1315 2232/2567/1316
f 2228/2563/1312 2232/2567/1316 2229/2564/1349
f 2231/2566/1315 2233/2568/1317 2234/2569/1318
f 2231/2566/1315 2234/2569/1318 2232/2567/1316
f 2233/2568/1317 2235/2570/1319 2236/2571/1350
f 2233/2568/1317 2236/2571/1350 2234/2569/1318
f 2235/2570/1319 2237/2572/1321 2238/2573/1322
f 2235/2570/1319 2238/2573/1322 2236/2571/1350
f 2237/2572/1321 2239/2574/1323 2240/2575/1324
f 2237/2572/1321 2240/2575/1324 2238/2573/1322
f 2239/2574/1323 2241/2576/1325 2242/2577/1354
f 2239/2574/1323 2242/2577/1354 2240/2575/1324
f 2241/2576/1325 2243/2578/1327 2244/2579/1328
f 2241/2576/1325 2244/2579/1328 2242/2577/1354
f 2243/2578/1327 2245/2580/1329 2246/2581/1330
f 2243/2578/1327 2246/2581/1330 2244/2579/1328
f 2245/2580/1329 2247/2582/1351 2248/2583/1332
f 2245/2580/1329 2248/2583/1332 2246/2581/1330
f 2247/2582/1351 2249/2584/1333 2250/2585/1334
f 2247/2582/1351 2250/2585/1334 2248/2583/1332
f 2249/2584/1333 2251/2586/1335 2252/2587/1336
f 2249/2584/1333 2252/2587/1336 2250/2585/1334
f 2251/2586/1335 2253/2588/1337 2254/2589/1338
f 2251/2586/1335 2254/2589/1338 2252/2587/1336
f 2253/2588/1337 2255/2590/1339 2256/2591/1340
f 2253/2588/1337 2256/2591/1340 2254/2589/1338
f 2255/2590/1339 2257/2592/1341 2258/2593/1342
f 2255/2590/1339 2258/2593/1342 2256/2591/1340
f 2257/2592/1341 2259/2594/1343 2260/2595/1353
f 2257/2592/1341 2260/2595/1353 2258/2593/1342
f 2259/2594/1343 2261/2596/1345 2262/2597/1346
f 2259/2594/1343 2262/2597/1346 2260/2595/1353
f 2261/2598/1345 2227/2562/1311 2230/2565/1314
f 2261/2598/1345 2230/2565/1314 2262/2599/1346
f 2263/2600/1347 2264/2601/1276 2265/2602/1277
f 2263/2600/1347 2265/2602/1277 2266/2603/1355
f 2264/2601/1276 2267/2604/1279 2268/2605/1280
f 2264/2601/1276 2268/2605/1280 2265/2602/1277
f 2267/2606/1279 2269/2607/1281 2270/2608/1282
f 2267/2606/1279 2270/2608/1282 2268/2609/1280
f 2269/2607/1281 2271/2610/1283 2272/2611/1284
f 2269/2607/1281 2272/2611/1284 2270/2608/1282
f 2271/2610/1283 2273/2612/1285 2274/2613/1286
f 2271/2610/1283 2274/2613/1286 2272/2611/1284
f 2273/2612/1285 2275/2614/1287 2276/2615/1288
f 2273/2612/1285 2276/2615/1288 2274/2613/1286
f 2275/2614/1287 2277/2616/1289 2278/2617/1290
f 2275/2614/1287 2278/2617/1290 2276/2615/1288
f 2277/2616/1289 2279/2618/1291 2280/2619/1292
f 2277/2616/1289 2280/2619/1292 2278/2617/1290
f 2279/2618/1291 2281/2620/1348 2282/2621/1294
f 2279/2618/1291 2282/2621/1294 2280/2619/1292
f 2281/2620/1348 2283/2622/1295 2284/2623/1296
f 2281/2620/1348 2284/2623/1296 2282/2621/1294
f 2283/2622/1295 2285/2624/1297 2286/2625/1298
f 2283/2622/1295 2286/2625/1298 2284/2623/1296
f 2285/2624/1297 2287/2626/1299 2288/2627/1300
f 2285/2624/1297 2288/2627/1300 2286/2625/1298
f 2287/2626/1299 2289/2628/1301 2290/2629/1302
f 2287/2626/1299 2290/2629/1302 2288/2627/1300
f 2289/2628/1301 2291/2630/1303 2292/2631/1304
f 2289/2628/1301 2292/2631/1304 2290/2629/1302
f 2291/2630/1303 2293/2632/1305 2294/2633/1306
f 2291/2630/1303 2294/2633/1306 2292/2631/1304
f 2293/2632/1305 2295/2634/1307 2296/2635/1308
f 2293/2632/1305 2296/2635/1308 2294/2633/1306
f 2295/2634/1307 2297/2636/1309 2298/2637/1310
f 2295/2634/1307 2298/2637/1310 2296/2635/1308
f 2297/2636/1309 2263/2600/1347 2266/2603/1355
f 2297/2636/1309 2266/2603/1355 2298/2637/1310
f 2299/2638/1311 2300/2639/1312 2301/2640/1349
f 2299/2638/1311 2301/2640/1349 2302/2641/1314
f 2300/2639/1312 2303/2642/1315 2304/2643/1316
f 2300/2639/1312 2304/2643/1316 2301/2640/1349
f 2303/2642/1315 2305/2644/1317 2306/2645/1318
f 2303/2642/1315 2306/2645/1318 2304/2643/1316
f 2305/2644/1317 2307/2646/1319 2308/2647/1350
f 2305/2644/1317 2308/2647/1350 2306/2645/1318
f 2307/2646/1319 2309/2648/1321 2310/2649/1322
f 2307/2646/1319 2310/2649/1322 2308/2647/1350
f 2309/2648/1321 2311/2650/1323 2312/2651/1324
f 2309/2648/1321 2312/2651/1324 2310/2649/1322
f 2311/2650/1323 2313/2652/1325 2314/2653/1354
f 2311/2650/1323 2314/2653/1354 2312/2651/1324
f 2313/2652/1325 2315/2654/1327 2316/2655/1328
f 2313/2652/1325 2316/2655/1328 2314/2653/1354
f 2315/2654/1327 2317/2656/1329 2318/2657/1330
f 2315/2654/1327 2318/2657/1330 2316/2655/1328
f 2317/2656/1329 2319/2658/1351 2320/2659/1356
f 2317/2656/1329 2320/2659/1356 2318/2657/1330
f 2319/2658/1351 2321/2660/1333 2322/2661/1334
f 2319/2658/1351 2322/2661/1334 2320/2659/1356
f 2321/2660/1333 2323/2662/1335 2324/2663/1336
f 2321/2660/1333 2324/2663/1336 2322/2661/1334
f 2323/2662/1335 2325/2664/1337 2326/2665/1352
f 2323/2662/1335 2326/2665/1352 2324/2663/1336
f 2325/2664/1337 2327/2666/1339 2328/2667/1340
f 2325/2664/1337 2328/2667/1340 2326/2665/1352
f 2327/2666/1339 2329/2668/1341 2330/2669/1342
f 2327/2666/1339 2330/2669/1342 2328/2667/1340
f 2329/2668/1341 2331/2670/1343 2332/2671/1344
f 2329/2668/1341 2332/2671/1344 2330/2669/1342
f 2331/2670/1343 2333/2672/1345 2334/2673/1346
f 2331/2670/1343 2334/2673/1346 2332/2671/1344
f 2333/2674/1345 2299/2638/1311 2302/2641/1314
f 2333/2674/1345 2302/2641/1314 2334/2675/1346
f 2335/2676/1357 2336/2677/1358 2337/2678/1359
f 2335/2676/1357 2337/2678/1359 2338/2679/1360
f 2336/2677/1358 2339/2680/1361 2340/2681/1362
f 2336/2677/1358 2340/2681/1362 2337/2678/1359
f 2339/2680/1361 2341/2682/1363 2342/2683/1364
f 2339/2680/1361 2342/2683/1364 2340/2681/1362
f 2341/2682/1363 2343/2684/1365 2344/2685/1366
f 2341/2682/1363 2344/2685/1366 2342/2683/1364
f 2343/2684/1365 2345/2686/1367 2346/2687/1368
f 2343/2684/1365 2346/2687/1368 2344/2685/1366
f 2345/2686/1367 2347/2688/1369 2348/2689/1370
f 2345/2686/1367 2348/2689/1370 2346/2687/1368
f 2347/2688/1369 2349/2690/1371 2350/2691/1372
f 2347/2688/1369 2350/2691/1372 2348/2689/1370
f 2349/2690/1371 2351/2692/1373 2352/2693/1374
f 2349/2690/1371 2352/2693/1374 2350/2691/1372
f 2351/2692/1373 2353/2694/1375 2354/2695/1376
f 2351/2692/1373 2354/2695/1376 2352/2693/1374
f 2353/2694/1375 2355/2696/1377 2356/2697/1378
f 2353/2694/1375 2356/2697/1378 2354/2695/1376
f 2355/2696/1377 2357/2698/1379 2358/2699/1380
f 2355/2696/1377 2358/2699/1380 2356/2697/1378
f 2357/2698/1379 2359/2700/1381 2360/2701/1382
f 2357/2698/1379 2360/2701/1382 2358/2699/1380
f 2359/2700/1381 2361/2702/1383 2362/2703/1384
f 2359/2700/1381 2362/2703/1384 2360/2701/1382
f 2361/2702/1383 2363/2704/1385 2364/2705/1386
f 2361/2702/1383 2364/2705/1386 2362/2703/1384
f 2363/2704/1385 2365/2706/1387 2366/2707/1388
f 2363/2704/1385 2366/2707/1388 2364/2705/1386
f 2365/2706/1387 2367/2708/1389 2368/2709/1390
f 2365/2706/1387 2368/2709/1390 2366/2707/1388
f 2367/2708/1389 2369/2710/1391 2370/2711/1392
f 2367/2708/1389 2370/2711/1392 2368/2709/1390
f 2369/2712/1391 2335/2676/1357 2338/2679/1360
f 2369/2712/1391 2338/2679/1360 2370/2713/1392
f 2371/2714/1347 2372/2715/1276 2373/2716/1277
f 2371/2714/1347 2373/2716/1277 2374/2717/1278
f 2372/2715/1276 2375/2718/1279 2376/2719/1280
f 2372/2715/1276 2376/2719/1280 2373/2716/1277
f 2375/2720/1279 2377/2721/1281 2378/2722/1282
f 2375/2720/1279 2378/2722/1282 2376/2723/1280
f 2377/2721/1281 2379/2724/1283 2380/2725/1284
f 2377/2721/1281 2380/2725/1284 2378/2722/1282
f 2379/2724/1283 2381/2726/1285 2382/2727/1286
f 2379/2724/1283 2382/2727/1286 2380/2725/1284
f 2381/2726/1285 2383/2728/1287 2384/2729/1288
f 2381/2726/1285 2384/2729/1288 2382/2727/1286
f 2383/2728/1287 2385/2730/1289 2386/2731/1290
f 2383/2728/1287 2386/2731/1290 2384/2729/1288
f 2385/2730/1289 2387/2732/1291 2388/2733/1292
f 2385/2730/1289 2388/2733/1292 2386/2731/1290
f 2387/2732/1291 2389/2734/1348 2390/2735/1294
f 2387/2732/1291 2390/2735/1294 2388/2733/1292
f 2389/2734/1348 2391/2736/1295 2392/2737/1296
f 2389/2734/1348 2392/2737/1296 2390/2735/1294
f 2391/2736/1295 2393/2738/1297 2394/2739/1298
f 2391/2736/1295 2394/2739/1298 2392/2737/1296
f 2393/2738/1297 2395/2740/1299 2396/2741/1300
f 2393/2738/1297 2396/2741/1300 2394/2739/1298
f 2395/2740/1299 2397/2742/1301 2398/2743/1302
f 2395/2740/1299 2398/2743/1302 2396/2741/1300
f 2397/2742/1301 2399/2744/1303 2400/2745/1304
f 2397/2742/1301 2400/2745/1304 2398/2743/1302
f 2399/2744/1303 2401/2746/1305 2402/2747/1306
f 2399/2744/1303 2402/2747/1306 2400/2745/1304
f 2401/2746/1305 2403/2748/1307 2404/2749/1308
f 2401/2746/1305 2404/2749/1308 2402/2747/1306
f 2403/2748/1307 2405/2750/1309 2406/2751/1310
f 2403/2748/1307 2406/2751/1310 2404/2749/1308
f 2405/2750/1309 2371/2714/1347 2374/2717/1278
f 2405/2750/1309 2374/2717/1278 2406/2751/1310
f 2407/2752/1311 2408/2753/1312 2409/2754/1349
f 2407/2752/1311 2409/2754/1349 2410/2755/1314
f 2408/2753/1312 2411/2756/1315 2412/2757/1316
f 2408/2753/1312 2412/2757/1316 2409/2754/1349
f 2411/2756/1315 2413/2758/1317 2414/2759/1318
f 2411/2756/1315 2414/2759/1318 2412/2757/1316
f 2413/2758/1317 2415/2760/1319 2416/2761/1320
f 2413/2758/1317 2416/2761/1320 2414/2759/1318
f 2415/2760/1319 2417/2762/1321 2418/2763/1322
f 2415/2760/1319 2418/2763/1322 2416/2761/1320
f 2417/2762/1321 2419/2764/1323 2420/2765/1324
f 2417/2762/1321 2420/2765/1324 2418/2763/1322
f 2419/2764/1323 2421/2766/1325 2422/2767/1326
f 2419/2764/1323 2422/2767/1326 2420/2765/1324
f 2421/2766/1325 2423/2768/1327 2424/2769/1328
f 2421/2766/1325 2424/2769/1328 2422/2767/1326
f 2423/2768/1327 2425/2770/1329 2426/2771/1330
f 2423/2768/1327 2426/2771/1330 2424/2769/1328
f 2425/2770/1329 2427/2772/1331 2428/2773/1356
f 2425/2770/1329 2428/2773/1356 2426/2771/1330
f 2427/2772/1331 2429/2774/1333 2430/2775/1334
f 2427/2772/1331 2430/2775/1334 2428/2773/1356
f 2429/2774/1333 2431/2776/1335 2432/2777/1336
f 2429/2774/1333 2432/2777/1336 2430/2775/1334
f 2431/2776/1335 2433/2778/1337 2434/2779/1338
f 2431/2776/1335 2434/2779/1338 2432/2777/1336
f 2433/2778/1337 2435/2780/1339 2436/2781/1340
f 2433/2778/1337 2436/2781/1340 2434/2779/1338
f 2435/2780/1339 2437/2782/1341 2438/2783/1342
f 2435/2780/1339 2438/2783/1342 2436/2781/1340
f 2437/2782/1341 2439/2784/1343 2440/2785/1344
f 2437/2782/1341 2440/2785/1344 2438/2783/1342
f 2439/2784/1343 2441/2786/1345 2442/2787/1346
f 2439/2784/1343 2442/2787/1346 2440/2785/1344
f 2441/2788/1345 2407/2752/1311 2410/2755/1314
f 2441/2788/1345 2410/2755/1314 2442/2789/1346
f 2443/2790/1275 2444/2791/1276 2445/2792/1277
f 2443/2790/1275 2445/2792/1277 2446/2793/1278
f 2444/2791/1276 2447/2794/1279 2448/2795/1280
f 2444/2791/1276 2448/2795/1280 2445/2792/1277
f 2447/2796/1279 2449/2797/1281 2450/2798/1282
f 2447/2796/1279 2450/2798/1282 2448/2799/1280
f 2449/2797/1281 2451/2800/1283 2452/2801/1284
f 2449/2797/1281 2452/2801/1284 2450/2798/1282
f 2451/2800/1283 2453/2802/1285 2454/2803/1286
f 2451/2800/1283 2454/2803/1286 2452/2801/1284
f 2453/2802/1285 2455/2804/1287 2456/2805/1288
f 2453/2802/1285 2456/2805/1288 2454/2803/1286
f 2455/2804/1287 2457/2806/1289 2458/2807/1290
f 2455/2804/1287 2458/2807/1290 2456/2805/1288
f 2457/2806/1289 2459/2808/1291 2460/2809/1292
f 2457/2806/1289 2460/2809/1292 2458/2807/1290
f 2459/2808/1291 2461/2810/1293 2462/2811/1393
f 2459/2808/1291 2462/2811/1393 2460/2809/1292
f 2461/2810/1293 2463/2812/1295 2464/2813/1296
f 2461/2810/1293 2464/2813/1296 2462/2811/1393
f 2463/2812/1295 2465/2814/1297 2466/2815/1298
f 2463/2812/1295 2466/2815/1298 2464/2813/1296
f 2465/2814/1297 2467/2816/1299 2468/2817/1300
f 2465/2814/1297 2468/2817/1300 2466/2815/1298
f 2467/2816/1299 2469/2818/1301 2470/2819/1302
f 2467/2816/1299 2470/2819/1302 2468/2817/1300
f 2469/2818/1301 2471/2820/1303 2472/2821/1304
f 2469/2818/1301 2472/2821/1304 2470/2819/1302
f 2471/2820/1303 2473/2822/1305 2474/2823/1306
f 2471/2820/1303 2474/2823/1306 2472/2821/1304
f 2473/2822/1305 2475/2824/1307 2476/2825/1308
f 2473/2822/1305 2476/2825/1308 2474/2823/1306
f 2475/2824/1307 2477/2826/1309 2478/2827/1310
f 2475/2824/1307 2478/2827/1310 2476/2825/1308
f 2477/2826/1309 2443/2790/1275 2446/2793/1278
f 2477/2826/1309 2446/2793/1278 2478/2827/1310
f 2479/2828/1311 2480/2829/1312 2481/2830/1349
f 2479/2828/1311 2481/2830/1349 2482/2831/1314
f 2480/2829/1312 2483/2832/1315 2484/2833/1316
f 2480/2829/1312 2484/2833/1316 2481/2830/1349
f 2483/2832/1315 2485/2834/1317 2486/2835/1318
f 2483/2832/1315 2486/2835/1318 2484/2833/1316
f 2485/2834/1317 2487/2836/1319 2488/2837/1320
f 2485/2834/1317 2488/2837/1320 2486/2835/1318
f 2487/2836/1319 2489/2838/1321 2490/2839/1322
f 2487/2836/1319 2490/2839/1322 2488/2837/1320
f 2489/2838/1321 2491/2840/1323 2492/2841/1324
f 2489/2838/1321 2492/2841/1324 2490/2839/1322
f 2491/2840/1323 2493/2842/1325 2494/2843/1326
f 2491/2840/1323 2494/2843/1326 2492/2841/1324
f 2493/2842/1325 2495/2844/1327 2496/2845/1328
f 2493/2842/1325 2496/2845/1328 2494/2843/1326
f 2495/2844/1327 2497/2846/1329 2498/2847/1330
f 2495/2844/1327 2498/2847/1330 2496/2845/1328
f 2497/2846/1329 2499/2848/1331 2500/2849/1332
f 2497/2846/1329 2500/2849/1332 2498/2847/1330
f 2499/2848/1331 2501/2850/1333 2502/2851/1334
f 2499/2848/1331 2502/2851/1334 2500/2849/1332
f 2501/2850/1333 2503/2852/1335 2504/2853/1336
f 2501/2850/1333 2504/2853/1336 2502/2851/1334
f 2503/2852/1335 2505/2854/1337 2506/2855/1338
f 2503/2852/1335 2506/2855/1338 2504/2853/1336
f 2505/2854/1337 2507/2856/1339 2508/2857/1340
f 2505/2854/1337 2508/2857/1340 2506/2855/1338
f 2507/2856/1339 2509/2858/1341 2510/2859/1342
f 2507/2856/1339 2510/2859/1342 2508/2857/1340
f 2509/2858/1341 2511/2860/1343 2512/2861/1344
f 2509/2858/1341 2512/2861/1344 2510/2859/1342
f 2511/2860/1343 2513/2862/1345 2514/2863/1346
f 2511/2860/1343 2514/2863/1346 2512/2861/1344
f 2513/2864/1345 2479/2828/1311 2482/2831/1314
f 2513/2864/1345 2482/2831/1314 2514/2865/1346
f 2515/2866/1347 2516/2867/1276 2517/2868/1277
f 2515/2866/1347 2517/2868/1277 2518/2869/1355
f 2516/2867/1276 2519/2870/1279 2520/2871/1280
f 2516/2867/1276 2520/2871/1280 2517/2868/1277
f 2519/2872/1279 2521/2873/1281 2522/2874/1282
f 2519/2872/1279 2522/2874/1282 2520/2875/1280
f 2521/2873/1281 2523/2876/1283 2524/2877/1284
f 2521/2873/1281 2524/2877/1284 2522/2874/1282
f 2523/2876/1283 2525/2878/1285 2526/2879/1286
f 2523/2876/1283 2526/2879/1286 2524/2877/1284
f 2525/2878/1285 2527/2880/1287 2528/2881/1288
f 2525/2878/1285 2528/2881/1288 2526/2879/1286
f 2527/2880/1287 2529/2882/1289 2530/2883/1290
f 2527/2880/1287 2530/2883/1290 2528/2881/1288
f 2529/2882/1289 2531/2884/1291 2532/2885/1292
f 2529/2882/1289 2532/2885/1292 2530/2883/1290
f 2531/2884/1291 2533/2886/1293 2534/2887/1393
f 2531/2884/1291 2534/2887/1393 2532/2885/1292
f 2533/2886/1293 2535/2888/1295 2536/2889/1296
f 2533/2886/1293 2536/2889/1296 2534/2887/1393
f 2535/2888/1295 2537/2890/1297 2538/2891/1298
f 2535/2888/1295 2538/2891/1298 2536/2889/1296
f 2537/2890/1297 2539/2892/1299 2540/2893/1300
f 2537/2890/1297 2540/2893/1300 2538/2891/1298
f 2539/2892/1299 2541/2894/1301 2542/2895/1302
f 2539/2892/1299 2542/2895/1302 2540/2893/1300
f 2541/2894/1301 2543/2896/1303 2544/2897/1304
f 2541/2894/1301 2544/2897/1304 2542/2895/1302
f 2543/2896/1303 2545/2898/1305 2546/2899/1306
f 2543/2896/1303 2546/2899/1306 2544/2897/1304
f 2545/2898/1305 2547/2900/1307 2548/2901/1308
f 2545/2898/1305 2548/2901/1308 2546/2899/1306
f 2547/2900/1307 2549/2902/1309 2550/2903/1310
f 2547/2900/1307 2550/2903/1310 2548/2901/1308
f 2549/2902/1309 2515/2866/1347 2518/2869/1355
f 2549/2902/1309 2518/2869/1355 2550/2903/1310
f 2551/2904/1394 2552/2905/1395 2553/2906/1396
f 2551/2904/1394 2553/2906/1396 2554/2907/1397
f 2552/2905/1395 2555/2908/1398 2556/2909/1399
f 2552/2905/1395 2556/2909/1399 2553/2906/1396
f 2555/2910/1398 2557/2911/1400 2558/2912/1401
f 2555/2910/1398 2558/2912/1401 2556/2913/1399
f 2557/2911/1400 2559/2914/1402 2560/2915/1403
f 2557/2911/1400 2560/2915/1403 2558/2912/1401
f 2559/2914/1402 2561/2916/1404 2562/2917/1405
f 2559/2914/1402 2562/2917/1405 2560/2915/1403
f 2561/2916/1404 2563/2918/1406 2564/2919/1407
f 2561/2916/1404 2564/2919/1407 2562/2917/1405
f 2563/2918/1406 2565/2920/1408 2566/2921/1409
f 2563/2918/1406 2566/2921/1409 2564/2919/1407
f 2565/2920/1408 2567/2922/1410 2568/2923/1411
f 2565/2920/1408 2568/2923/1411 2566/2921/1409
f 2567/2922/1410 2569/2924/1412 2570/2925/1413
f 2567/2922/1410 2570/2925/1413 2568/2923/1411
f 2569/2924/1412 2571/2926/1414 2572/2927/1415
f 2569/2924/1412 2572/2927/1415 2570/2925/1413
f 2571/2926/1414 2573/2928/1416 2574/2929/1417
f 2571/2926/1414 2574/2929/1417 2572/2927/1415
f 2573/2928/1416 2575/2930/1418 2576/2931/1419
f 2573/2928/1416 2576/2931/1419 2574/2929/1417
f 2575/2930/1418 2577/2932/1420 2578/2933/1421
f 2575/2930/1418 2578/2933/1421 2576/2931/1419
f 2577/2932/1420 2579/2934/1422 2580/2935/1423
f 2577/2932/1420 2580/2935/1423 2578/2933/1421
f 2579/2934/1422 2581/2936/1424 2582/2937/1425
f 2579/2934/1422 2582/2937/1425 2580/2935/1423
f 2581/2936/1424 2583/2938/1426 2584/2939/1427
f 2581/2936/1424 2584/2939/1427 2582/2937/1425
f 2583/2938/1426 2585/2940/1428 2586/2941/1429
f 2583/2938/1426 2586/2941/1429 2584/2939/1427
f 2585/2940/1428 2551/2904/1394 2554/2907/1397
f 2585/2940/1428 2554/2907/1397 2586/2941/1429
f 2587/2942/1430 2588/2943/1431 2589/2944/1432
f 2587/2942/1430 2589/2944/1432 2590/2945/1433
f 2588/2943/1431 2591/2946/1434 2592/2947/1435
f 2588/2943/1431 2592/2947/1435 2589/2944/1432
f 2591/2946/1434 2593/2948/1436 2594/2949/1437
f 2591/2946/1434 2594/2949/1437 2592/2947/1435
f 2593/2948/1436 2595/2950/1438 2596/2951/1439
f 2593/2948/1436 2596/2951/1439 2594/2949/1437
f 2595/2950/1438 2597/2952/1440 2598/2953/1441
f 2595/2950/1438 2598/2953/1441 2596/2951/1439
f 2597/2952/1440 2599/2954/1442 2600/2955/1443
f 2597/2952/1440 2600/2955/1443 2598/2953/1441
f 2599/2954/1442 2601/2956/1444 2602/2957/1445
f 2599/2954/1442 2602/2957/1445 2600/2955/1443
f 2601/2956/1444 2603/2958/1446 2604/2959/1447
f 2601/2956/1444 2604/2959/1447 2602/2957/1445
f 2603/2958/1446 2605/2960/1448 2606/2961/1449
f 2603/2958/1446 2606/2961/1449 2604/2959/1447
f 2605/2960/1448 2607/2962/1450 2608/2963/1451
f 2605/2960/1448 2608/2963/1451 2606/2961/1449
f 2607/2962/1450 2609/2964/1452 2610/2965/1453
f 2607/2962/1450 2610/2965/1453 2608/2963/1451
f 2609/2964/1452 2611/2966/1454 2612/2967/1455
f 2609/2964/1452 2612/2967/1455 2610/2965/1453
f 2611/2966/1454 2613/2968/1456 2614/2969/1457
f 2611/2966/1454 2614/2969/1457 2612/2967/1455
f 2613/2968/1456 2615/2970/1458 2616/2971/1459
f 2613/2968/1456 2616/2971/1459 2614/2969/1457
f 2615/2970/1458 2617/2972/1460 2618/2973/1461
f 2615/2970/1458 2618/2973/1461 2616/2971/1459
f 2617/2972/1460 2619/2974/1462 2620/2975/1463
f 2617/2972/1460 2620/2975/1463 2618/2973/1461
f 2619/2974/1462 2621/2976/1464 2622/2977/1465
f 2619/2974/1462 2622/2977/1465 2620/2975/1463
f 2621/2978/1464 2587/2942/1430 2590/2945/1433
f 2621/2978/1464 2590/2945/1433 2622/2979/1465
f 2623/2980/1466 2624/2981/1467 2552/2905/1395
f 2623/2980/1466 2552/2905/1395 2551/2904/1394
f 2624/2981/1467 2625/2982/1468 2555/2908/1398
f 2624/2981/1467 2555/2908/1398 2552/2905/1395
f 2625/2983/1468 2626/2984/1469 2557/2911/1400
f 2625/2983/1468 2557/2911/1400 2555/2910/1398
f 2626/2984/1469 2627/2985/1470 2559/2914/1402
f 2626/2984/1469 2559/2914/1402 2557/2911/1400
f 2627/2985/1470 2628/2986/1471 2561/2916/1404
f 2627/2985/1470 2561/2916/1404 2559/2914/1402
f 2628/2986/1471 2629/2987/1472 2563/2918/1406
f 2628/2986/1471 2563/2918/1406 2561/2916/1404
f 2629/2987/1472 2630/2988/1473 2565/2920/1408
f 2629/2987/1472 2565/2920/1408 2563/2918/1406
f 2630/2988/1473 2631/2989/1474 2567/2922/1410
f 2630/2988/1473 2567/2922/1410 2565/2920/1408
f 2631/2989/1474 2632/2990/1475 2569/2924/1412
f 2631/2989/1474 2569/2924/1412 2567/2922/1410
f 2632/2990/1475 2633/2991/1476 2571/2926/1414
f 2632/2990/1475 2571/2926/1414 2569/2924/1412
f 2633/2991/1476 2634/2992/1477 2573/2928/1416
f 2633/2991/1476 2573/2928/1416 2571/2926/1414
f 2634/2992/1477 2635/2993/1478 2575/2930/1418
f 2634/2992/1477 2575/2930/1418 2573/2928/1416
f 2635/2993/1478 2636/2994/1479 2577/2932/1420
f 2635/2993/1478 2577/2932/1420 2575/2930/1418
f 2636/2994/1479 2637/2995/1480 2579/2934/1422
f 2636/2994/1479 2579/2934/1422 2577/2932/1420
f 2637/2995/1480 2638/2996/1481 2581/2936/1424
f 2637/2995/1480 2581/2936/1424 2579/2934/1422
f 2638/2996/1481 2639/2997/1482 2583/2938/1426
f 2638/2996/1481 2583/2938/1426 2581/2936/1424
f 2639/2997/1482 2640/2998/1483 2585/2940/1428
f 2639/2997/1482 2585/2940/1428 2583/2938/1426
f 2640/2998/1483 2623/2980/1466 2551/2904/1394
f 2640/2998/1483 2551/2904/1394 2585/2940/1428
f 2624/2981/1467 2623/2980/1466 2641/2999/1484
f 2624/2981/1467 2641/2999/1484 2642/3000/1485
f 2625/2982/1468 2624/2981/1467 2642/3000/1485
f 2625/2982/1468 2642/3000/1485 2643/3001/1486
f 2626/2984/1469 2625/2983/1468 2643/3002/1486
f 2626/2984/1469 2643/3002/1486 2644/3003/1487
f 2627/2985/1470 2626/2984/1469 2644/3003/1487
f 2627/2985/1470 2644/3003/1487 2645/3004/1488
f 2628/2986/1471 2627/2985/1470 2645/3004/1488
f 2628/2986/1471 2645/3004/1488 2646/3005/1489
f 2629/2987/1472 2628/2986/1471 2646/3005/1489
f 2629/2987/1472 2646/3005/1489 2647/3006/1490
f 2630/2988/1473 2629/2987/1472 2647/3006/1490
f 2630/2988/1473 2647/3006/1490 2648/3007/1491
f 2631/2989/1474 2630/2988/1473 2648/3007/1491
f 2631/2989/1474 2648/3007/1491 2649/3008/1492
f 2632/2990/1475 2631/2989/1474 2649/3008/1492
f 2632/2990/1475 2649/3008/1492 2650/3009/1493
f 2633/2991/1476 2632/2990/1475 2650/3009/1493
f 2633/2991/1476 2650/3009/1493 2651/3010/1494
f 2634/2992/1477 2633/2991/1476 2651/3010/1494
f 2634/2992/1477 2651/3010/1494 2652/3011/1495
f 2635/2993/1478 2634/2992/1477 2652/3011/1495
f 2635/2993/1478 2652/3011/1495 2653/3012/1496
f 2636/2994/1479 2635/2993/1478 2653/3012/1496
f 2636/2994/1479 2653/3012/1496 2654/3013/1497
f 2637/2995/1480 2636/2994/1479 2654/3013/1497
f 2637/2995/1480 2654/3013/1497 2655/3014/1498
f 2638/2996/1481 2637/2995/1480 2655/3014/1498
f 2638/2996/1481 2655/3014/1498 2656/3015/1499
f 2639/2997/1482 2638/2996/1481 2656/3015/1499
f 2639/2997/1482 2656/3015/1499 2657/3016/1500
f 2640/2998/1483 2639/2997/1482 2657/3016/1500
f 2640/2998/1483 2657/3016/1500 2658/3017/1501
f 2623/2980/1466 2640/2998/1483 2658/3017/1501
f 2623/2980/1466 2658/3017/1501 2641/2999/1484
f 2642/3000/1485 2641/2999/1484 2659/3018/1502
f 2642/3000/1485 2659/3018/1502 2660/3019/1503
f 2643/3001/1486 2642/3000/1485 2660/3019/1503
f 2643/3001/1486 2660/3019/1503 2661/3020/1504
f 2644/3003/1487 2643/3002/1486 2661/3021/1504
f 2644/3003/1487 2661/3021/1504 2662/3022/1505
f 2645/3004/1488 2644/3003/1487 2662/3022/1505
f 2645/3004/1488 2662/3022/1505 2663/3023/1506
f 2646/3005/1489 2645/3004/1488 2663/3023/1506
f 2646/3005/1489 2663/3023/1506 2664/3024/1507
f 2647/3006/1490 2646/3005/1489 2664/3024/1507
f 2647/3006/1490 2664/3024/1507 2665/3025/1508
f 2648/3007/1491 2647/3006/1490 2665/3025/1508
f 2648/3007/1491 2665/3025/1508 2666/3026/1509
f 2649/3008/1492 2648/3007/1491 2666/3026/1509
f 2649/3008/1492 2666/3026/1509 2667/3027/1510
f 2650/3009/1493 2649/3008/1492 2667/3027/1510
f 2650/3009/1493 2667/3027/1510 2668/3028/1511
f 2651/3010/1494 2650/3009/1493 2668/3028/1511
f 2651/3010/1494 2668/3028/1511 2669/3029/1512
f 2652/3011/1495 2651/3010/1494 2669/3029/1512
f 2652/3011/1495 2669/3029/1512 2670/3030/1513
f 2653/3012/1496 2652/3011/1495 2670/3030/1513
f 2653/3012/1496 2670/3030/1513 2671/3031/1514
f 2654/3013/1497 2653/3012/1496 2671/3031/1514
f 2654/3013/1497 2671/3031/1514 2672/3032/1515
f 2655/3014/1498 2654/3013/1497 2672/3032/1515
f 2655/3014/1498 2672/3032/1515 2673/3033/1516
f 2656/3015/1499 2655/3014/1498 2673/3033/1516
f 2656/3015/1499 2673/3033/1516 2674/3034/1517
f 2657/3016/1500 2656/3015/1499 2674/3034/1517
f 2657/3016/1500 2674/3034/1517 2675/3035/1518
f 2658/3017/1501 2657/3016/1500 2675/3035/1518
f 2658/3017/1501 2675/3035/1518 2676/3036/1519
f 2641/2999/1484 2658/3017/1501 2676/3036/1519
f 2641/2999/1484 2676/3036/1519 2659/3018/1502
f 2659/3018/1502 2677/3037/1520 2678/3038/1521
f 2659/3018/1502 2678/3038/1521 2660/3019/1503
f 2660/3019/1503 2678/3038/1521 2679/3039/1522
f 2660/3019/1503 2679/3039/1522 2661/3020/1504
f 2661/3021/1504 2679/3040/1522 2680/3041/1523
f 2661/3021/1504 2680/3041/1523 2662/3022/1505
f 2662/3022/1505 2680/3041/1523 2681/3042/1524
f 2662/3022/1505 2681/3042/1524 2663/3023/1506
f 2663/3023/1506 2681/3042/1524 2682/3043/1525
f 2663/3023/1506 2682/3043/1525 2664/3024/1507
f 2664/3024/1507 2682/3043/1525 2683/3044/1526
f 2664/3024/1507 2683/3044/1526 2665/3025/1508
f 2665/3025/1508 2683/3044/1526 2684/3045/1527
f 2665/3025/1508 2684/3045/1527 2666/3026/1509
f 2666/3026/1509 2684/3045/1527 2685/3046/1528
f 2666/3026/1509 2685/3046/1528 2667/3027/1510
f 2667/3027/1510 2685/3046/1528 2686/3047/1529
f 2667/3027/1510 2686/3047/1529 2668/3028/1511
f 2668/3028/1511 2686/3047/1529 2687/3048/1530
f 2668/3028/1511 2687/3048/1530 2669/3029/1512
f 2669/3029/1512 2687/3048/1530 2688/3049/1531
f 2669/3029/1512 2688/3049/1531 2670/3030/1513
f 2670/3030/1513 2688/3049/1531 2689/3050/1532
f 2670/3030/1513 2689/3050/1532 2671/3031/1514
f 2671/3031/1514 2689/3050/1532 2690/3051/1533
f 2671/3031/1514 2690/3051/1533 2672/3032/1515
f 2672/3032/1515 2690/3051/1533 2691/3052/1534
f 2672/3032/1515 2691/3052/1534 2673/3033/1516
f 2673/3033/1516 2691/3052/1534 2692/3053/1535
f 2673/3033/1516 2692/3053/1535 2674/3034/1517
f 2674/3034/1517 2692/3053/1535 2693/3054/1536
f 2674/3034/1517 2693/3054/1536 2675/3035/1518
f 2675/3035/1518 2693/3054/1536 2694/3055/1537
f 2675/3035/1518 2694/3055/1537 2676/3036/1519
f 2676/3036/1519 2694/3055/1537 2677/3037/1520
f 2676/3036/1519 2677/3037/1520 2659/3018/1502
f 2695/3056/1538 2696/3057/1539 2697/3058/1396
f 2695/3056/1538 2697/3058/1396 2698/3059/1540
f 2696/3057/1539 2699/3060/1541 2700/3061/1399
f 2696/3057/1539 2700/3061/1399 2697/3058/1396
f 2699/3062/1541 2701/3063/1542 2702/3064/1401
f 2699/3062/1541 2702/3064/1401 2700/3065/1399
f 2701/3063/1542 2703/3066/1543 2704/3067/1544
f 2701/3063/1542 2704/3067/1544 2702/3064/1401
f 2703/3066/1543 2705/3068/1545 2706/3069/1546
f 2703/3066/1543 2706/3069/1546 2704/3067/1544
f 2705/3068/1545 2707/3070/1547 2708/3071/1407
f 2705/3068/1545 2708/3071/1407 2706/3069/1546
f 2707/3070/1547 2709/3072/1548 2710/3073/1549
f 2707/3070/1547 2710/3073/1549 2708/3071/1407
f 2709/3072/1548 2711/3074/1550 2712/3075/1551
f 2709/3072/1548 2712/3075/1551 2710/3073/1549
f 2711/3074/1550 2713/3076/1552 2714/3077/1553
f 2711/3074/1550 2714/3077/1553 2712/3075/1551
f 2713/3076/1552 2715/3078/1554 2716/3079/1555
f 2713/3076/1552 2716/3079/1555 2714/3077/1553
f 2715/3078/1554 2717/3080/1556 2718/3081/1557
f 2715/3078/1554 2718/3081/1557 2716/3079/1555
f 2717/3080/1556 2719/3082/1558 2720/3083/1419
f 2717/3080/1556 2720/3083/1419 2718/3081/1557
f 2719/3082/1558 2721/3084/1559 2722/3085/1560
f 2719/3082/1558 2722/3085/1560 2720/3083/1419
f 2721/3084/1559 2723/3086/1561 2724/3087/1423
f 2721/3084/1559 2724/3087/1423 2722/3085/1560
f 2723/3086/1561 2725/3088/1562 2726/3089/1425
f 2723/3086/1561 2726/3089/1425 2724/3087/1423
f 2725/3088/1562 2727/3090/1563 2728/3091/1564
f 2725/3088/1562 2728/3091/1564 2726/3089/1425
f 2727/3090/1563 2729/3092/1565 2730/3093/1566
f 2727/3090/1563 2730/3093/1566 2728/3091/1564
f 2729/3092/1565 2695/3056/1538 2698/3059/1540
f 2729/3092/1565 2698/3059/1540 2730/3093/1566
f 2698/3059/1540 2697/3058/1396 2678/3038/1521
f 2698/3059/1540 2678/3038/1521 2677/3037/1520
f 2697/3058/1396 2700/3061/1399 2679/3039/1522
f 2697/3058/1396 2679/3039/1522 2678/3038/1521
f 2700/3065/1399 2702/3064/1401 2680/3041/1523
f 2700/3065/1399 2680/3041/1523 2679/3040/1522
f 2702/3064/1401 2704/3067/1544 2681/3042/1524
f 2702/3064/1401 2681/3042/1524 2680/3041/1523
f 2704/3067/1544 2706/3069/1546 2682/3043/1525
f 2704/3067/1544 2682/3043/1525 2681/3042/1524
f 2706/3069/1546 2708/3071/1407 2683/3044/1526
f 2706/3069/1546 2683/3044/1526 2682/3043/1525
f 2708/3071/1407 2710/3073/1549 2684/3045/1527
f 2708/3071/1407 2684/3045/1527 2683/3044/1526
f 2710/3073/1549 2712/3075/1551 2685/3046/1528
f 2710/3073/1549 2685/3046/1528 2684/3045/1527
f 2712/3075/1551 2714/3077/1553 2686/3047/1529
f 2712/3075/1551 2686/3047/1529 2685/3046/1528
f 2714/3077/1553 2716/3079/1555 2687/3048/1530
f 2714/3077/1553 2687/3048/1530 2686/3047/1529
f 2716/3079/1555 2718/3081/1557 2688/3049/1531
f 2716/3079/1555 2688/3049/1531 2687/3048/1530
f 2718/3081/1557 2720/3083/1419 2689/3050/1532
f 2718/3081/1557 2689/3050/1532 2688/3049/1531
f 2720/3083/1419 2722/3085/1560 2690/3051/1533
f 2720/3083/1419 2690/3051/1533 2689/3050/1532
f 2722/3085/1560 2724/3087/1423 2691/3052/1534
f 2722/3085/1560 2691/3052/1534 2690/3051/1533
f 2724/3087/1423 2726/3089/1425 2692/3053/1535
f 2724/3087/1423 2692/3053/1535 2691/3052/1534
f 2726/3089/1425 2728/3091/1564 2693/3054/1536
f 2726/3089/1425 2693/3054/1536 2692/3053/1535
f 2728/3091/1564 2730/3093/1566 2694/3055/1537
f 2728/3091/1564 2694/3055/1537 2693/3054/1536
f 2730/3093/1566 2698/3059/1540 2677/3037/1520
f 2730/3093/1566 2677/3037/1520 2694/3055/1537
f 2731/3094/1567 2732/3095/1568 2696/3057/1539
f 2731/3094/1567 2696/3057/1539 2695/3056/1538
f 2732/3095/1568 2733/3096/1569 2699/3060/1541
f 2732/3095/1568 2699/3060/1541 2696/3057/1539
f 2733/3097/1569 2734/3098/1570 2701/3063/1542
f 2733/3097/1569 2701/3063/1542 2699/3062/1541
f 2734/3098/1570 2735/3099/1571 2703/3066/1543
f 2734/3098/1570 2703/3066/1543 2701/3063/1542
f 2735/3099/1571 2736/3100/1572 2705/3068/1545
f 2735/3099/1571 2705/3068/1545 2703/3066/1543
f 2736/3100/1572 2737/3101/1573 2707/3070/1547
f 2736/3100/1572 2707/3070/1547 2705/3068/1545
f 2737/3101/1573 2738/3102/1574 2709/3072/1548
f 2737/3101/1573 2709/3072/1548 2707/3070/1547
f 2738/3102/1574 2739/3103/1575 2711/3074/1550
f 2738/3102/1574 2711/3074/1550 2709/3072/1548
f 2739/3103/1575 2740/3104/1576 2713/3076/1552
f 2739/3103/1575 2713/3076/1552 2711/3074/1550
f 2740/3104/1576 2741/3105/1577 2715/3078/1554
f 2740/3104/1576 2715/3078/1554 2713/3076/1552
f 2741/3105/1577 2742/3106/1578 2717/3080/1556
f 2741/3105/1577 2717/3080/1556 2715/3078/1554
f 2742/3106/1578 2743/3107/1579 2719/3082/1558
f 2742/3106/1578 2719/3082/1558 2717/3080/1556
f 2743/3107/1579 2744/3108/1580 2721/3084/1559
f 2743/3107/1579 2721/3084/1559 2719/3082/1558
f 2744/3108/1580 2745/3109/1581 2723/3086/1561
f 2744/3108/1580 2723/3086/1561 2721/3084/1559
f 2745/3109/1581 2746/3110/1582 2725/3088/1562
f 2745/3109/1581 2725/3088/1562 2723/3086/1561
f 2746/3110/1582 2747/3111/1583 2727/3090/1563
f 2746/3110/1582 2727/3090/1563 2725/3088/1562
f 2747/3111/1583 2748/3112/1584 2729/3092/1565
f 2747/3111/1583 2729/3092/1565 2727/3090/1563
f 2748/3112/1584 2731/3094/1567 2695/3056/1538
f 2748/3112/1584 2695/3056/1538 2729/3092/1565
f 2732/3095/1568 2731/3094/1567 2749/3113/1585
f 2732/3095/1568 2749/3113/1585 2750/3114/1586
f 2733/3096/1569 2732/3095/1568 2750/3114/1586
f 2733/3096/1569 2750/3114/1586 2751/3115/1587
f 2734/3098/1570 2733/3097/1569 2751/3116/1587
f 2734/3098/1570 2751/3116/1587 2752/3117/1588
f 2735/3099/1571 2734/3098/1570 2752/3117/1588
f 2735/3099/1571 2752/3117/1588 2753/3118/1589
f 2736/3100/1572 2735/3099/1571 2753/3118/1589
f 2736/3100/1572 2753/3118/1589 2754/3119/1590
f 2737/3101/1573 2736/3100/1572 2754/3119/1590
f 2737/3101/1573 2754/3119/1590 2755/3120/1591
f 2738/3102/1574 2737/3101/1573 2755/3120/1591
f 2738/3102/1574 2755/3120/1591 2756/3121/1592
f 2739/3103/1575 2738/3102/1574 2756/3121/1592
f 2739/3103/1575 2756/3121/1592 2757/3122/1593
f 2740/3104/1576 2739/3103/1575 2757/3122/1593
f 2740/3104/1576 2757/3122/1593 2758/3123/1594
f 2741/3105/1577 2740/3104/1576 2758/3123/1594
f 2741/3105/1577 2758/3123/1594 2759/3124/1595
f 2742/3106/1578 2741/3105/1577 2759/3124/1595
f 2742/3106/1578 2759/3124/1595 2760/3125/1596
f 2743/3107/1579 2742/3106/1578 2760/3125/1596
f 2743/3107/1579 2760/3125/1596 2761/3126/1597
f 2744/3108/1580 2743/3107/1579 2761/3126/1597
f 2744/3108/1580 2761/3126/1597 2762/3127/1598
f 2745/3109/1581 2744/3108/1580 2762/3127/1598
f 2745/3109/1581 2762/3127/1598 2763/3128/1599
f 2746/3110/1582 2745/3109/1581 2763/3128/1599
f 2746/3110/1582 2763/3128/1599 2764/3129/1600
f 2747/3111/1583 2746/3110/1582 2764/3129/1600
f 2747/3111/1583 2764/3129/1600 2765/3130/1601
f 2748/3112/1584 2747/3111/1583 2765/3130/1601
f 2748/3112/1584 2765/3130/1601 2766/3131/1602
f 2731/3094/1567 2748/3112/1584 2766/3131/1602
f 2731/3094/1567 2766/3131/1602 2749/3113/1585
f 2767/3132/1603 2768/3133/1604 2750/3114/1586
f 2767/3132/1603 2750/3114/1586 2749/3113/1585
f 2768/3133/1604 2769/3134/1605 2751/3115/1587
f 2768/3133/1604 2751/3115/1587 2750/3114/1586
f 2769/3135/1605 2770/3136/1606 2752/3117/1588
f 2769/3135/1605 2752/3117/1588 2751/3116/1587
f 2770/3136/1606 2771/3137/1607 2753/3118/1589
f 2770/3136/1606 2753/3118/1589 2752/3117/1588
f 2771/3137/1607 2772/3138/1608 2754/3119/1590
f 2771/3137/1607 2754/3119/1590 2753/3118/1589
f 2772/3138/1608 2773/3139/1609 2755/3120/1591
f 2772/3138/1608 2755/3120/1591 2754/3119/1590
f 2773/3139/1609 2774/3140/1610 2756/3121/1592
f 2773/3139/1609 2756/3121/1592 2755/3120/1591
f 2774/3140/1610 2775/3141/1611 2757/3122/1593
f 2774/3140/1610 2757/3122/1593 2756/3121/1592
f 2775/3141/1611 2776/3142/1612 2758/3123/1594
f 2775/3141/1611 2758/3123/1594 2757/3122/1593
f 2776/3142/1612 2777/3143/1613 2759/3124/1595
f 2776/3142/1612 2759/3124/1595 2758/3123/1594
f 2777/3143/1613 2778/3144/1614 2760/3125/1596
f 2777/3143/1613 2760/3125/1596 2759/3124/1595
f 2778/3144/1614 2779/3145/1615 2761/3126/1597
f 2778/3144/1614 2761/3126/1597 2760/3125/1596
f 2779/3145/1615 2780/3146/1616 2762/3127/1598
f 2779/3145/1615 2762/3127/1598 2761/3126/1597
f 2780/3146/1616 2781/3147/1617 2763/3128/1599
f 2780/3146/1616 2763/3128/1599 2762/3127/1598
f 2781/3147/1617 2782/3148/1618 2764/3129/1600
f 2781/3147/1617 2764/3129/1600 2763/3128/1599
f 2782/3148/1618 2783/3149/1619 2765/3130/1601
f 2782/3148/1618 2765/3130/1601 2764/3129/1600
f 2783/3149/1619 2784/3150/1620 2766/3131/1602
f 2783/3149/1619 2766/3131/1602 2765/3130/1601
f 2784/3150/1620 2767/3132/1603 2749/3113/1585
f 2784/3150/1620 2749/3113/1585 2766/3131/1602
f 2785/3151/1621 2786/3152/1622 2787/3153/1623
f 2785/3151/1621 2787/3153/1623 2788/3154/1624
f 2788/3154/1624 2787/3153/1623 2789/3155/1625
f 2788/3154/1624 2789/3155/1625 2790/3156/1626
f 2790/3157/1626 2789/3158/1625 2791/3159/1627
f 2790/3157/1626 2791/3159/1627 2792/3160/1628
f 2792/3160/1628 2791/3159/1627 2793/3161/1629
f 2792/3160/1628 2793/3161/1629 2794/3162/1630
f 2794/3162/1630 2793/3161/1629 2795/3163/1631
f 2794/3162/1630 2795/3163/1631 2796/3164/1632
f 2796/3164/1632 2795/3163/1631 2797/3165/1633
f 2796/3164/1632 2797/3165/1633 2798/3166/1634
f 2798/3166/1634 2797/3165/1633 2799/3167/1635
f 2798/3166/1634 2799/3167/1635 2800/3168/1636
f 2800/3168/1636 2799/3167/1635 2801/3169/1637
f 2800/3168/1636 2801/3169/1637 2802/3170/1638
f 2802/3170/1638 2801/3169/1637 2803/3171/1639
f 2802/3170/1638 2803/3171/1639 2804/3172/1640
f 2804/3172/1640 2803/3171/1639 2805/3173/1641
f 2804/3172/1640 2805/3173/1641 2806/3174/1642
f 2806/3174/1642 2805/3173/1641 2807/3175/1643
f 2806/3174/1642 2807/3175/1643 2808/3176/1644
f 2808/3176/1644 2807/3175/1643 2809/3177/1645
f 2808/3176/1644 2809/3177/1645 2810/3178/1646
f 2810/3178/1646 2809/3177/1645 2811/3179/1647
f 2810/3178/1646 2811/3179/1647 2812/3180/1648
f 2812/3180/1648 2811/3179/1647 2813/3181/1649
f 2812/3180/1648 2813/3181/1649 2814/3182/1650
f 2814/3182/1650 2813/3181/1649 2815/3183/1651
f 2814/3182/1650 2815/3183/1651 2816/3184/1652
f 2816/3184/1652 2815/3183/1651 2817/3185/1653
f 2816/3184/1652 2817/3185/1653 2818/3186/1654
f 2818/3186/1654 2817/3185/1653 2819/3187/1655
f 2818/3186/1654 2819/3187/1655 2820/3188/1656
f 2820/3188/1656 2819/3187/1655 2786/3152/1622
f 2820/3188/1656 2786/3152/1622 2785/3151/1621
f 2768/3133/1604 2767/3132/1603 2785/3151/1621
f 2768/3133/1604 2785/3151/1621 2788/3154/1624
f 2767/3132/1603 2784/3150/1620 2820/3188/1656
f 2767/3132/1603 2820/3188/1656 2785/3151/1621
f 2784/3150/1620 2783/3149/1619 2818/3186/1654
f 2784/3150/1620 2818/3186/1654 2820/3188/1656
f 2783/3149/1619 2782/3148/1618 2816/3184/1652
f 2783/3149/1619 2816/3184/1652 2818/3186/1654
f 2782/3148/1618 2781/3147/1617 2814/3182/1650
f 2782/3148/1618 2814/3182/1650 2816/3184/1652
f 2781/3147/1617 2780/3146/1616 2812/3180/1648
f 2781/3147/1617 2812/3180/1648 2814/3182/1650
f 2780/3146/1616 2779/3145/1615 2810/3178/1646
f 2780/3146/1616 2810/3178/1646 2812/3180/1648
f 2779/3145/1615 2778/3144/1614 2808/3176/1644
f 2779/3145/1615 2808/3176/1644 2810/3178/1646
f 2778/3144/1614 2777/3143/1613 2806/3174/1642
f 2778/3144/1614 2806/3174/1642 2808/3176/1644
f 2777/3143/1613 2776/3142/1612 2804/3172/1640
f 2777/3143/1613 2804/3172/1640 2806/3174/1642
f 2776/3142/1612 2775/3141/1611 2802/3170/1638
f 2776/3142/1612 2802/3170/1638 2804/3172/1640
f 2775/3141/1611 2774/3140/1610 2800/3168/1636
f 2775/3141/1611 2800/3168/1636 2802/3170/1638
f 2774/3140/1610 2773/3139/1609 2798/3166/1634
f 2774/3140/1610 2798/3166/1634 2800/3168/1636
f 2773/3139/1609 2772/3138/1608 2796/3164/1632
f 2773/3139/1609 2796/3164/1632 2798/3166/1634
f 2772/3138/1608 2771/3137/1607 2794/3162/1630
f 2772/3138/1608 2794/3162/1630 2796/3164/1632
f 2771/3137/1607 2770/3136/1606 2792/3160/1628
f 2771/3137/1607 2792/3160/1628 2794/3162/1630
f 2770/3136/1606 2769/3135/1605 2790/3157/1626
f 2770/3136/1606 2790/3157/1626 2792/3160/1628
f 2769/3134/1605 2768/3133/1604 2788/3154/1624
f 2769/3134/1605 2788/3154/1624 2790/3156/1626
f 2821/3189/1657 2822/3190/1658 2823/3191/1659
f 2821/3189/1657 2823/3191/1659 2824/3192/1660
f 2822/3190/1658 2825/3193/1661 2826/3194/1662
f 2822/3190/1658 2826/3194/1662 2823/3191/1659
f 2825/3195/1661 2827/3196/1663 2828/3197/1664
f 2825/3195/1661 2828/3197/1664 2826/3198/1662
f 2827/3196/1663 2829/3199/1665 2830/3200/1666
f 2827/3196/1663 2830/3200/1666 2828/3197/1664
f 2829/3199/1665 2831/3201/1667 2832/3202/1668
f 2829/3199/1665 2832/3202/1668 2830/3200/1666
f 2831/3201/1667 2833/3203/1669 2834/3204/1670
f 2831/3201/1667 2834/3204/1670 2832/3202/1668
f 2833/3203/1669 2835/3205/1671 2836/3206/1672
f 2833/3203/1669 2836/3206/1672 2834/3204/1670
f 2835/3205/1671 2837/3207/1673 2838/3208/1674
f 2835/3205/1671 2838/3208/1674 2836/3206/1672
f 2837/3207/1673 2839/3209/1675 2840/3210/1676
f 2837/3207/1673 2840/3210/1676 2838/3208/1674
f 2839/3209/1675 2841/3211/1677 2842/3212/1678
f 2839/3209/1675 2842/3212/1678 2840/3210/1676
f 2841/3211/1677 2843/3213/1679 2844/3214/1680
f 2841/3211/1677 2844/3214/1680 2842/3212/1678
f 2843/3213/1679 2845/3215/1681 2846/3216/1682
f 2843/3213/1679 2846/3216/1682 2844/3214/1680
f 2845/3215/1681 2847/3217/1683 2848/3218/1684
f 2845/3215/1681 2848/3218/1684 2846/3216/1682
f 2847/3217/1683 2849/3219/1685 2850/3220/1686
f 2847/3217/1683 2850/3220/1686 2848/3218/1684
f 2849/3219/1685 2851/3221/1687 2852/3222/1688
f 2849/3219/1685 2852/3222/1688 2850/3220/1686
f 2851/3221/1687 2853/3223/1689 2854/3224/1690
f 2851/3221/1687 2854/3224/1690 2852/3222/1688
f 2853/3223/1689 2855/3225/1691 2856/3226/1692
f 2853/3223/1689 2856/3226/1692 2854/3224/1690
f 2855/3225/1691 2821/3189/1657 2824/3192/1660
f 2855/3225/1691 2824/3192/1660 2856/3226/1692
f 2824/3192/1660 2823/3191/1659 2787/3153/1623
f 2824/3192/1660 2787/3153/1623 2786/3152/1622
f 2823/3191/1659 2826/3194/1662 2789/3155/1625
f 2823/3191/1659 2789/3155/1625 2787/3153/1623
f 2826/3198/1662 2828/3197/1664 2791/3159/1627
f 2826/3198/1662 2791/3159/1627 2789/3158/1625
f 2828/3197/1664 2830/3200/1666 2793/3161/1629
f 2828/3197/1664 2793/3161/1629 2791/3159/1627
f 2830/3200/1666 2832/3202/1668 2795/3163/1631
f 2830/3200/1666 2795/3163/1631 2793/3161/1629
f 2832/3202/1668 2834/3204/1670 2797/3165/1633
f 2832/3202/1668 2797/3165/1633 2795/3163/1631
f 2834/3204/1670 2836/3206/1672 2799/3167/1635
f 2834/3204/1670 2799/3167/1635 2797/3165/1633
f 2836/3206/1672 2838/3208/1674 2801/3169/1637
f 2836/3206/1672 2801/3169/1637 2799/3167/1635
f 2838/3208/1674 2840/3210/1676 2803/3171/1639
f 2838/3208/1674 2803/3171/1639 2801/3169/1637
f 2840/3210/1676 2842/3212/1678 2805/3173/1641
f 2840/3210/1676 2805/3173/1641 2803/3171/1639
f 2842/3212/1678 2844/3214/1680 2807/3175/1643
f 2842/3212/1678 2807/3175/1643 2805/3173/1641
f 2844/3214/1680 2846/3216/1682 2809/3177/1645
f 2844/3214/1680 2809/3177/1645 2807/3175/1643
f 2846/3216/1682 2848/3218/1684 2811/3179/1647
f 2846/3216/1682 2811/3179/1647 2809/3177/1645
f 2848/3218/1684 2850/3220/1686 2813/3181/1649
f 2848/3218/1684 2813/3181/1649 2811/3179/1647
f 2850/3220/1686 2852/3222/1688 2815/3183/1651
f 2850/3220/1686 2815/3183/1651 2813/3181/1649
f 2852/3222/1688 2854/3224/1690 2817/3185/1653
f 2852/3222/1688 2817/3185/1653 2815/3183/1651
f 2854/3224/1690 2856/3226/1692 2819/3187/1655
f 2854/3224/1690 2819/3187/1655 2817/3185/1653
f 2856/3226/1692 2824/3192/1660 2786/3152/1622
f 2856/3226/1692 2786/3152/1622 2819/3187/1655
f 2857/3227/1693 2858/3228/1694 2822/3190/1658
f 2857/3227/1693 2822/3190/1658 2821/3189/1657
f 2858/3228/1694 2859/3229/1695 2825/3193/1661
f 2858/3228/1694 2825/3193/1661 2822/3190/1658
f 2859/3230/1695 2860/3231/1696 2827/3196/1663
f 2859/3230/1695 2827/3196/1663 2825/3195/1661
f 2860/3231/1696 2861/3232/1697 2829/3199/1665
f 2860/3231/1696 2829/3199/1665 2827/3196/1663
f 2861/3232/1697 2862/3233/1698 2831/3201/1667
f 2861/3232/1697 2831/3201/1667 2829/3199/1665
f 2862/3233/1698 2863/3234/1699 2833/3203/1669
f 2862/3233/1698 2833/3203/1669 2831/3201/1667
f 2863/3234/1699 2864/3235/1700 2835/3205/1671
f 2863/3234/1699 2835/3205/1671 2833/3203/1669
f 2864/3235/1700 2865/3236/1701 2837/3207/1673
f 2864/3235/1700 2837/3207/1673 2835/3205/1671
f 2865/3236/1701 2866/3237/1702 2839/3209/1675
f 2865/3236/1701 2839/3209/1675 2837/3207/1673
f 2866/3237/1702 2867/3238/1703 2841/3211/1677
f 2866/3237/1702 2841/3211/1677 2839/3209/1675
f 2867/3238/1703 2868/3239/1704 2843/3213/1679
f 2867/3238/1703 2843/3213/1679 2841/3211/1677
f 2868/3239/1704 2869/3240/1705 2845/3215/1681
f 2868/3239/1704 2845/3215/1681 2843/3213/1679
f 2869/3240/1705 2870/3241/1706 2847/3217/1683
f 2869/3240/1705 2847/3217/1683 2845/3215/1681
f 2870/3241/1706 2871/3242/1707 2849/3219/1685
f 2870/3241/1706 2849/3219/1685 2847/3217/1683
f 2871/3242/1707 2872/3243/1708 2851/3221/1687
f 2871/3242/1707 2851/3221/1687 2849/3219/1685
f 2872/3243/1708 2873/3244/1709 2853/3223/1689
f 2872/3243/1708 2853/3223/1689 2851/3221/1687
f 2873/3244/1709 2874/3245/1710 2855/3225/1691
f 2873/3244/1709 2855/3225/1691 2853/3223/1689
f 2874/3245/1710 2857/3227/1693 2821/3189/1657
f 2874/3245/1710 2821/3189/1657 2855/3225/1691
f 2875/3246/1711 2876/3247/1712 2877/3248/1713
f 2875/3246/1711 2877/3248/1713 2878/3249/1714
f 2876/3247/1712 2879/3250/1715 2880/3251/1716
f 2876/3247/1712 2880/3251/1716 2877/3248/1713
f 2879/3252/1715 2881/3253/1717 2882/3254/1718
f 2879/3252/1715 2882/3254/1718 2880/3255/1716
f 2881/3253/1717 2883/3256/1719 2884/3257/1720
f 2881/3253/1717 2884/3257/1720 2882/3254/1718
f 2883/3256/1719 2885/3258/1721 2886/3259/1722
f 2883/3256/1719 2886/3259/1722 2884/3257/1720
f 2885/3258/1721 2887/3260/1723 2888/3261/1724
f 2885/3258/1721 2888/3261/1724 2886/3259/1722
f 2887/3260/1723 2889/3262/1725 2890/3263/1726
f 2887/3260/1723 2890/3263/1726 2888/3261/1724
f 2889/3262/1725 2891/3264/1727 2892/3265/1728
f 2889/3262/1725 2892/3265/1728 2890/3263/1726
f 2891/3264/1727 2893/3266/1729 2894/3267/1730
f 2891/3264/1727 2894/3267/1730 2892/3265/1728
f 2893/3266/1729 2895/3268/1731 2896/3269/1732
f 2893/3266/1729 2896/3269/1732 2894/3267/1730
f 2895/3268/1731 2897/3270/1733 2898/3271/1734
f 2895/3268/1731 2898/3271/1734 2896/3269/1732
f 2897/3270/1733 2899/3272/1735 2900/3273/1736
f 2897/3270/1733 2900/3273/1736 2898/3271/1734
f 2899/3272/1735 2901/3274/1737 2902/3275/1738
f 2899/3272/1735 2902/3275/1738 2900/3273/1736
f 2901/3274/1737 2903/3276/1739 2904/3277/1740
f 2901/3274/1737 2904/3277/1740 2902/3275/1738
f 2903/3276/1739 2905/3278/1741 2906/3279/1742
f 2903/3276/1739 2906/3279/1742 2904/3277/1740
f 2905/3278/1741 2907/3280/1743 2908/3281/1744
f 2905/3278/1741 2908/3281/1744 2906/3279/1742
f 2907/3280/1743 2909/3282/1745 2910/3283/1746
f 2907/3280/1743 2910/3283/1746 2908/3281/1744
f 2909/3282/1745 2875/3246/1711 2878/3249/1714
f 2909/3282/1745 2878/3249/1714 2910/3283/1746
f 2911/3284/1747 2912/3285/1748 2876/3286/1712
f 2911/3284/1747 2876/3286/1712 2875/3287/1711
f 2858/3228/1694 2857/3227/1693 2878/3249/1714
f 2858/3228/1694 2878/3249/1714 2877/3248/1713
f 2912/3285/1748 2913/3288/1749 2879/3289/1715
f 2912/3285/1748 2879/3289/1715 2876/3286/1712
f 2859/3229/1695 2858/3228/1694 2877/3248/1713
f 2859/3229/1695 2877/3248/1713 2880/3251/1716
f 2913/3288/1749 2914/3290/1750 2881/3291/1717
f 2913/3288/1749 2881/3291/1717 2879/3289/1715
f 2860/3231/1696 2859/3230/1695 2880/3255/1716
f 2860/3231/1696 2880/3255/1716 2882/3254/1718
f 2914/3290/1750 2915/3292/1751 2883/3293/1719
f 2914/3290/1750 2883/3293/1719 2881/3291/1717
f 2861/3232/1697 2860/3231/1696 2882/3254/1718
f 2861/3232/1697 2882/3254/1718 2884/3257/1720
f 2915/3292/1751 2916/3294/1752 2885/3295/1721
f 2915/3292/1751 2885/3295/1721 2883/3293/1719
f 2862/3233/1698 2861/3232/1697 2884/3257/1720
f 2862/3233/1698 2884/3257/1720 2886/3259/1722
f 2916/3294/1752 2917/3296/1753 2887/3297/1723
f 2916/3294/1752 2887/3297/1723 2885/3295/1721
f 2863/3234/1699 2862/3233/1698 2886/3259/1722
f 2863/3234/1699 2886/3259/1722 2888/3261/1724
f 2917/3296/1753 2918/3298/1754 2889/3299/1725
f 2917/3296/1753 2889/3299/1725 2887/3297/1723
f 2864/3235/1700 2863/3234/1699 2888/3261/1724
f 2864/3235/1700 2888/3261/1724 2890/3263/1726
f 2918/3298/1754 2919/3300/1755 2891/3301/1727
f 2918/3298/1754 2891/3301/1727 2889/3299/1725
f 2865/3236/1701 2864/3235/1700 2890/3263/1726
f 2865/3236/1701 2890/3263/1726 2892/3265/1728
f 2919/3300/1755 2920/3302/1756 2893/3303/1729
f 2919/3300/1755 2893/3303/1729 2891/3301/1727
f 2866/3237/1702 2865/3236/1701 2892/3265/1728
f 2866/3237/1702 2892/3265/1728 2894/3267/1730
f 2920/3302/1756 2921/3304/1757 2895/3305/1731
f 2920/3302/1756 2895/3305/1731 2893/3303/1729
f 2867/3238/1703 2866/3237/1702 2894/3267/1730
f 2867/3238/1703 2894/3267/1730 2896/3269/1732
f 2921/3304/1757 2922/3306/1758 2897/3307/1733
f 2921/3304/1757 2897/3307/1733 2895/3305/1731
f 2868/3239/1704 2867/3238/1703 2896/3269/1732
f 2868/3239/1704 2896/3269/1732 2898/3271/1734
f 2922/3306/1758 2923/3308/1759 2899/3309/1735
f 2922/3306/1758 2899/3309/1735 2897/3307/1733
f 2869/3240/1705 2868/3239/1704 2898/3271/1734
f 2869/3240/1705 2898/3271/1734 2900/3273/1736
f 2923/3308/1759 2924/3310/1760 2901/3311/1737
f 2923/3308/1759 2901/3311/1737 2899/3309/1735
f 2870/3241/1706 2869/3240/1705 2900/3273/1736
f 2870/3241/1706 2900/3273/1736 2902/3275/1738
f 2924/3310/1760 2925/3312/1761 2903/3313/1739
f 2924/3310/1760 2903/3313/1739 2901/3311/1737
f 2871/3242/1707 2870/3241/1706 2902/3275/1738
f 2871/3242/1707 2902/3275/1738 2904/3277/1740
f 2925/3312/1761 2926/3314/1762 2905/3315/1741
f 2925/3312/1761 2905/3315/1741 2903/3313/1739
f 2872/3243/1708 2871/3242/1707 2904/3277/1740
f 2872/3243/1708 2904/3277/1740 2906/3279/1742
f 2926/3314/1762 2927/3316/1763 2907/3317/1743
f 2926/3314/1762 2907/3317/1743 2905/3315/1741
f 2873/3244/1709 2872/3243/1708 2906/3279/1742
f 2873/3244/1709 2906/3279/1742 2908/3281/1744
f 2927/3316/1763 2928/3318/1764 2909/3319/1745
f 2927/3316/1763 2909/3319/1745 2907/3317/1743
f 2874/3245/1710 2873/3244/1709 2908/3281/1744
f 2874/3245/1710 2908/3281/1744 2910/3283/1746
f 2928/3318/1764 2911/3284/1747 2875/3287/1711
f 2928/3318/1764 2875/3287/1711 2909/3319/1745
f 2857/3227/1693 2874/3245/1710 2910/3283/1746
f 2857/3227/1693 2910/3283/1746 2878/3249/1714
f 2912/3285/1748 2911/3284/1747 2929/3320/1765
f 2912/3285/1748 2929/3320/1765 2930/3321/1766
f 2913/3288/1749 2912/3285/1748 2930/3321/1766
f 2913/3288/1749 2930/3321/1766 2931/3322/1767
f 2914/3290/1750 2913/3288/1749 2931/3322/1767
f 2914/3290/1750 2931/3322/1767 2932/3323/1768
f 2915/3292/1751 2914/3290/1750 2932/3323/1768
f 2915/3292/1751 2932/3323/1768 2933/3324/1769
f 2916/3294/1752 2915/3292/1751 2933/3324/1769
f 2916/3294/1752 2933/3324/1769 2934/3325/1770
f 2917/3296/1753 2916/3294/1752 2934/3325/1770
f 2917/3296/1753 2934/3325/1770 2935/3326/1771
f 2918/3298/1754 2917/3296/1753 2935/3326/1771
f 2918/3298/1754 2935/3326/1771 2936/3327/1772
f 2919/3300/1755 2918/3298/1754 2936/3327/1772
f 2919/3300/1755 2936/3327/1772 2937/3328/1773
f 2920/3302/1756 2919/3300/1755 2937/3328/1773
f 2920/3302/1756 2937/3328/1773 2938/3329/1774
f 2921/3304/1757 2920/3302/1756 2938/3329/1774
f 2921/3304/1757 2938/3329/1774 2939/3330/1775
f 2922/3306/1758 2921/3304/1757 2939/3330/1775
f 2922/3306/1758 2939/3330/1775 2940/3331/1776
f 2923/3308/1759 2922/3306/1758 2940/3331/1776
f 2923/3308/1759 2940/3331/1776 2941/3332/1777
f 2924/3310/1760 2923/3308/1759 2941/3332/1777
f 2924/3310/1760 2941/3332/1777 2942/3333/1778
f 2925/3312/1761 2924/3310/1760 2942/3333/1778
f 2925/3312/1761 2942/3333/1778 2943/3334/1779
f 2926/3314/1762 2925/3312/1761 2943/3334/1779
f 2926/3314/1762 2943/3334/1779 2944/3335/1780
f 2927/3316/1763 2926/3314/1762 2944/3335/1780
f 2927/3316/1763 2944/3335/1780 2945/3336/1781
f 2928/3318/1764 2927/3316/1763 2945/3336/1781
f 2928/3318/1764 2945/3336/1781 2946/3337/1782
f 2911/3284/1747 2928/3318/1764 2946/3337/1782
f 2911/3284/1747 2946/3337/1782 2929/3320/1765
f 2930/3321/1766 2929/3320/1765 2947/3338/1783
f 2930/3321/1766 2947/3338/1783 2948/3339/1784
f 2931/3322/1767 2930/3321/1766 2948/3339/1784
f 2931/3322/1767 2948/3339/1784 2949/3340/1785
f 2932/3323/1768 2931/3322/1767 2949/3340/1785
f 2932/3323/1768 2949/3340/1785 2950/3341/1786
f 2933/3324/1769 2932/3323/1768 2950/3341/1786
f 2933/3324/1769 2950/3341/1786 2951/3342/1787
f 2934/3325/1770 2933/3324/1769 2951/3342/1787
f 2934/3325/1770 2951/3342/1787 2952/3343/1788
f 2935/3326/1771 2934/3325/1770 2952/3343/1788
f 2935/3326/1771 2952/3343/1788 2953/3344/1789
f 2936/3327/1772 2935/3326/1771 2953/3344/1789
f 2936/3327/1772 2953/3344/1789 2954/3345/1790
f 2937/3328/1773 2936/3327/1772 2954/3345/1790
f 2937/3328/1773 2954/3345/1790 2955/3346/1791
f 2938/3329/1774 2937/3328/1773 2955/3346/1791
f 2938/3329/1774 2955/3346/1791 2956/3347/1792
f 2939/3330/1775 2938/3329/1774 2956/3347/1792
f 2939/3330/1775 2956/3347/1792 2957/3348/1793
f 2940/3331/1776 2939/3330/1775 2957/3348/1793
f 2940/3331/1776 2957/3348/1793 2958/3349/1794
f 2941/3332/1777 2940/3331/1776 2958/3349/1794
f 2941/3332/1777 2958/3349/1794 2959/3350/1795
f 2942/3333/1778 2941/3332/1777 2959/3350/1795
f 2942/3333/1778 2959/3350/1795 2960/3351/1796
f 2943/3334/1779 2942/3333/1778 2960/3351/1796
f 2943/3334/1779 2960/3351/1796 2961/3352/1797
f 2944/3335/1780 2943/3334/1779 2961/3352/1797
f 2944/3335/1780 2961/3352/1797 2962/3353/1798
f 2945/3336/1781 2944/3335/1780 2962/3353/1798
f 2945/3336/1781 2962/3353/1798 2963/3354/1799
f 2946/3337/1782 2945/3336/1781 2963/3354/1799
f 2946/3337/1782 2963/3354/1799 2964/3355/1800
f 2929/3320/1765 2946/3337/1782 2964/3355/1800
f 2929/3320/1765 2964/3355/1800 2947/3338/1783
f 2948/3339/1784 2947/3338/1783 2965/3356/1801
f 2948/3339/1784 2965/3356/1801 2966/3357/1802
f 2949/3340/1785 2948/3339/1784 2966/3357/1802
f 2949/3340/1785 2966/3357/1802 2967/3358/1803
f 2950/3341/1786 2949/3340/1785 2967/3358/1803
f 2950/3341/1786 2967/3358/1803 2968/3359/1804
f 2951/3342/1787 2950/3341/1786 2968/3359/1804
f 2951/3342/1787 2968/3359/1804 2969/3360/1805
f 2952/3343/1788 2951/3342/1787 2969/3360/1805
f 2952/3343/1788 2969/3360/1805 2970/3361/1806
f 2953/3344/1789 2952/3343/1788 2970/3361/1806
f 2953/3344/1789 2970/3361/1806 2971/3362/1807
f 2954/3345/1790 2953/3344/1789 2971/3362/1807
f 2954/3345/1790 2971/3362/1807 2972/3363/1808
f 2955/3346/1791 2954/3345/1790 2972/3363/1808
f 2955/3346/1791 2972/3363/1808 2973/3364/1809
f 2956/3347/1792 2955/3346/1791 2973/3364/1809
f 2956/3347/1792 2973/3364/1809 2974/3365/1810
f 2957/3348/1793 2956/3347/1792 2974/3365/1810
f 2957/3348/1793 2974/3365/1810 2975/3366/1811
f 2958/3349/1794 2957/3348/1793 2975/3366/1811
f 2958/3349/1794 2975/3366/1811 2976/3367/1812
f 2959/3350/1795 2958/3349/1794 2976/3367/1812
f 2959/3350/1795 2976/3367/1812 2977/3368/1813
f 2960/3351/1796 2959/3350/1795 2977/3368/1813
f 2960/3351/1796 2977/3368/1813 2978/3369/1814
f 2961/3352/1797 2960/3351/1796 2978/3369/1814
f 2961/3352/1797 2978/3369/1814 2979/3370/1815
f 2962/3353/1798 2961/3352/1797 2979/3370/1815
f 2962/3353/1798 2979/3370/1815 2980/3371/1816
f 2963/3354/1799 2962/3353/1798 2980/3371/1816
f 2963/3354/1799 2980/3371/1816 2981/3372/1817
f 2964/3355/1800 2963/3354/1799 2981/3372/1817
f 2964/3355/1800 2981/3372/1817 2982/3373/1818
f 2947/3338/1783 2964/3355/1800 2982/3373/1818
f 2947/3338/1783 2982/3373/1818 2965/3356/1801
f 2966/3357/1802 2965/3356/1801 2983/3374/1819
f 2966/3357/1802 2983/3374/1819 2984/3375/1820
f 2967/3358/1803 2966/3357/1802 2984/3375/1820
f 2967/3358/1803 2984/3375/1820 2985/3376/1821
f 2968/3359/1804 2967/3358/1803 2985/3376/1821
f 2968/3359/1804 2985/3376/1821 2986/3377/1822
f 2969/3360/1805 2968/3359/1804 2986/3377/1822
f 2969/3360/1805 2986/3377/1822 2987/3378/1823
f 2970/3361/1806 2969/3360/1805 2987/3378/1823
f 2970/3361/1806 2987/3378/1823 2988/3379/1824
f 2971/3362/1807 2970/3361/1806 2988/3379/1824
f 2971/3362/1807 2988/3379/1824 2989/3380/1825
f 2972/3363/1808 2971/3362/1807 2989/3380/1825
f 2972/3363/1808 2989/3380/1825 2990/3381/1826
f 2973/3364/1809 2972/3363/1808 2990/3381/1826
f 2973/3364/1809 2990/3381/1826 2991/3382/1827
f 2974/3365/1810 2973/3364/1809 2991/3382/1827
f 2974/3365/1810 2991/3382/1827 2992/3383/1828
f 2975/3366/1811 2974/3365/1810 2992/3383/1828
f 2975/3366/1811 2992/3383/1828 2993/3384/1829
f 2976/3367/1812 2975/3366/1811 2993/3384/1829
f 2976/3367/1812 2993/3384/1829 2994/3385/1830
f 2977/3368/1813 2976/3367/1812 2994/3385/1830
f 2977/3368/1813 2994/3385/1830 2995/3386/1831
f 2978/3369/1814 2977/3368/1813 2995/3386/1831
f 2978/3369/1814 2995/3386/1831 2996/3387/1832
f 2979/3370/1815 2978/3369/1814 2996/3387/1832
f 2979/3370/1815 2996/3387/1832 2997/3388/1833
f 2980/3371/1816 2979/3370/1815 2997/3388/1833
f 2980/3371/1816 2997/3388/1833 2998/3389/1834
f 2981/3372/1817 2980/3371/1816 2998/3389/1834
f 2981/3372/1817 2998/3389/1834 2999/3390/1835
f 2982/3373/1818 2981/3372/1817 2999/3390/1835
f 2982/3373/1818 2999/3390/1835 3000/3391/1836
f 2965/3356/1801 2982/3373/1818 3000/3391/1836
f 2965/3356/1801 3000/3391/1836 2983/3374/1819
f 2984/3375/1820 2983/3374/1819 3001/3392/1837
f 2984/3375/1820 3001/3392/1837 3002/3393/1838
f 2985/3376/1821 2984/3375/1820 3002/3393/1838
f 2985/3376/1821 3002/3393/1838 3003/3394/1839
f 2986/3377/1822 2985/3376/1821 3003/3394/1839
f 2986/3377/1822 3003/3394/1839 3004/3395/1840
f 2987/3378/1823 2986/3377/1822 3004/3395/1840
f 2987/3378/1823 3004/3395/1840 3005/3396/1841
f 2988/3379/1824 2987/3378/1823 3005/3396/1841
f 2988/3379/1824 3005/3396/1841 3006/3397/1842
f 2989/3380/1825 2988/3379/1824 3006/3397/1842
f 2989/3380/1825 3006/3397/1842 3007/3398/1843
f 2990/3381/1826 2989/3380/1825 3007/3398/1843
f 2990/3381/1826 3007/3398/1843 3008/3399/1844
f 2991/3382/1827 2990/3381/1826 3008/3399/1844
f 2991/3382/1827 3008/3399/1844 3009/3400/1845
f 2992/3383/1828 2991/3382/1827 3009/3400/1845
f 2992/3383/1828 3009/3400/1845 3010/3401/1846
f 2993/3384/1829 2992/3383/1828 3010/3401/1846
f 2993/3384/1829 3010/3401/1846 3011/3402/1847
f 2994/3385/1830 2993/3384/1829 3011/3402/1847
f 2994/3385/1830 3011/3402/1847 3012/3403/1848
f 2995/3386/1831 2994/3385/1830 3012/3403/1848
f 2995/3386/1831 3012/3403/1848 3013/3404/1849
f 2996/3387/1832 2995/3386/1831 3013/3404/1849
f 2996/3387/1832 3013/3404/1849 3014/3405/1850
f 2997/3388/1833 2996/3387/1832 3014/3405/1850
f 2997/3388/1833 3014/3405/1850 3015/3406/1851
f 2998/3389/1834 2997/3388/1833 3015/3406/1851
f 2998/3389/1834 3015/3406/1851 3016/3407/1852
f 2999/3390/1835 2998/3389/1834 3016/3407/1852
f 2999/3390/1835 3016/3407/1852 3017/3408/1853
f 3000/3391/1836 2999/3390/1835 3017/3408/1853
f 3000/3391/1836 3017/3408/1853 3018/3409/1854
f 2983/3374/1819 3000/3391/1836 3018/3409/1854
f 2983/3374/1819 3018/3409/1854 3001/3392/1837
f 3002/3393/1838 3001/3392/1837 3019/3410/1855 
f 3003/3394/1839 3002/3393/1838 3019/3410/1855 
f 3004/3395/1840 3003/3394/1839 3019/3410/1855 
f 3005/3396/1841 3004/3395/1840 3019/3410/1855 
f 3006/3397/1842 3005/3396/1841 3019/3410/1855 
f 3007/3398/1843 3006/3397/1842 3019/3410/1855 
f 3008/3399/1844 3007/3398/1843 3019/3410/1855 
f 3009/3400/1845 3008/3399/1844 3019/3410/1855 
f 3010/3401/1846 3009/3400/1845 3019/3410/1855 
f 3011/3402/1847 3010/3401/1846 3019/3410/1855 
f 3012/3403/1848 3011/3402/1847 3019/3410/1855 
f 3013/3404/1849 3012/3403/1848 3019/3410/1855 
f 3014/3405/1850 3013/3404/1849 3019/3410/1855 
f 3015/3406/1851 3014/3405/1850 3019/3410/1855 
f 3016/3407/1852 3015/3406/1851 3019/3410/1855 
f 3017/3408/1853 3016/3407/1852 3019/3410/1855 
f 3018/3409/1854 3017/3408/1853 3019/3410/1855 
f 3001/3392/1837 3018/3409/1854 3019/3410/1855 
f 3020/3411/1856 3021/3412/1857 1472/1765/1202
f 3020/3411/1856 1472/1765/1202 1471/1764/1201
f 3022/3413/1858 3023/3414/1859 1474/1767/1204
f 3022/3413/1858 1474/1767/1204 1473/1766/1203
f 3021/3412/1857 3024/3415/1860 1475/1768/1205
f 3021/3412/1857 1475/1768/1205 1472/1765/1202
f 3025/3416/1861 3022/3413/1858 1473/1766/1203
f 3025/3416/1861 1473/1766/1203 1476/1769/1206
f 3024/3417/1860 3026/3418/1862 1477/1771/1207
f 3024/3417/1860 1477/1771/1207 1475/1770/1205
f 3027/3419/1863 3025/3420/1861 1476/1773/1206
f 3027/3419/1863 1476/1773/1206 1478/1772/1208
f 3026/3418/1862 3028/3421/1864 1479/1774/1209
f 3026/3418/1862 1479/1774/1209 1477/1771/1207
f 3029/3422/1865 3027/3419/1863 1478/1772/1208
f 3029/3422/1865 1478/1772/1208 1480/1775/1210
f 3028/3421/1864 3030/3423/1866 1481/1776/1211
f 3028/3421/1864 1481/1776/1211 1479/1774/1209
f 3031/3424/1867 3029/3422/1865 1480/1775/1210
f 3031/3424/1867 1480/1775/1210 1482/1777/1212
f 3030/3423/1866 3032/3425/1868 1483/1778/1213
f 3030/3423/1866 1483/1778/1213 1481/1776/1211
f 3033/3426/1869 3031/3424/1867 1482/1777/1212
f 3033/3426/1869 1482/1777/1212 1484/1779/1214
f 3032/3425/1868 3034/3427/1870 1485/1780/1215
f 3032/3425/1868 1485/1780/1215 1483/1778/1213
f 3035/3428/1871 3033/3426/1869 1484/1779/1214
f 3035/3428/1871 1484/1779/1214 1486/1781/1216
f 3034/3427/1870 3036/3429/1872 1487/1782/1217
f 3034/3427/1870 1487/1782/1217 1485/1780/1215
f 3037/3430/1873 3035/3428/1871 1486/1781/1216
f 3037/3430/1873 1486/1781/1216 1488/1783/1218
f 3036/3429/1872 3038/3431/1874 1489/1784/1219
f 3036/3429/1872 1489/1784/1219 1487/1782/1217
f 3039/3432/1875 3037/3430/1873 1488/1783/1218
f 3039/3432/1875 1488/1783/1218 1490/1785/1220
f 3038/3431/1874 3040/3433/1876 1491/1786/1221
f 3038/3431/1874 1491/1786/1221 1489/1784/1219
f 3041/3434/1877 3039/3432/1875 1490/1785/1220
f 3041/3434/1877 1490/1785/1220 1492/1787/1222
f 3040/3433/1876 3042/3435/1878 1493/1788/1223
f 3040/3433/1876 1493/1788/1223 1491/1786/1221
f 3043/3436/1879 3041/3434/1877 1492/1787/1222
f 3043/3436/1879 1492/1787/1222 1494/1789/1224
f 3042/3435/1878 3044/3437/1880 1495/1790/1225
f 3042/3435/1878 1495/1790/1225 1493/1788/1223
f 3045/3438/1881 3043/3436/1879 1494/1789/1224
f 3045/3438/1881 1494/1789/1224 1496/1791/1226
f 3044/3437/1880 3046/3439/1882 1497/1792/1227
f 3044/3437/1880 1497/1792/1227 1495/1790/1225
f 3047/3440/1883 3045/3438/1881 1496/1791/1226
f 3047/3440/1883 1496/1791/1226 1498/1793/1228
f 3046/3439/1882 3048/3441/1884 1499/1794/1229
f 3046/3439/1882 1499/1794/1229 1497/1792/1227
f 3049/3442/1885 3047/3440/1883 1498/1793/1228
f 3049/3442/1885 1498/1793/1228 1500/1795/1230
f 3048/3441/1884 3050/3443/1886 1501/1796/1231
f 3048/3441/1884 1501/1796/1231 1499/1794/1229
f 3051/3444/1887 3049/3442/1885 1500/1795/1230
f 3051/3444/1887 1500/1795/1230 1502/1797/1232
f 3050/3443/1886 3052/3445/1888 1503/1798/1233
f 3050/3443/1886 1503/1798/1233 1501/1796/1231
f 3053/3446/1889 3051/3444/1887 1502/1797/1232
f 3053/3446/1889 1502/1797/1232 1504/1799/1234
f 3052/3445/1888 3054/3447/1890 1505/1800/1235
f 3052/3445/1888 1505/1800/1235 1503/1798/1233
f 3055/3448/1891 3053/3446/1889 1504/1799/1234
f 3055/3448/1891 1504/1799/1234 1506/1801/1236
f 3054/3447/1890 3020/3411/1856 1471/1764/1201
f 3054/3447/1890 1471/1764/1201 1505/1800/1235
f 3023/3414/1859 3055/3448/1891 1506/1801/1236
f 3023/3414/1859 1506/1801/1236 1474/1767/1204
f 3023/3414/1859 3022/3413/1858 1438/1729/1182
f 3023/3414/1859 1438/1729/1182 1437/1728/1183
f 3022/3413/1858 3025/3416/1861 1440/1731/1184
f 3022/3413/1858 1440/1731/1184 1438/1729/1182
f 3025/3420/1861 3027/3419/1863 1442/1735/1185
f 3025/3420/1861 1442/1735/1185 1440/1734/1184
f 3027/3419/1863 3029/3422/1865 1444/1737/1186
f 3027/3419/1863 1444/1737/1186 1442/1735/1185
f 3029/3422/1865 3031/3424/1867 1446/1739/1187
f 3029/3422/1865 1446/1739/1187 1444/1737/1186
f 3031/3424/1867 3033/3426/1869 1448/1741/1188
f 3031/3424/1867 1448/1741/1188 1446/1739/1187
f 3033/3426/1869 3035/3428/1871 1450/1743/1189
f 3033/3426/1869 1450/1743/1189 1448/1741/1188
f 3035/3428/1871 3037/3430/1873 1452/1745/1190
f 3035/3428/1871 1452/1745/1190 1450/1743/1189
f 3037/3430/1873 3039/3432/1875 1454/1747/1192
f 3037/3430/1873 1454/1747/1192 1452/1745/1190
f 3039/3432/1875 3041/3434/1877 1456/1749/1193
f 3039/3432/1875 1456/1749/1193 1454/1747/1192
f 3041/3434/1877 3043/3436/1879 1458/1751/1194
f 3041/3434/1877 1458/1751/1194 1456/1749/1193
f 3043/3436/1879 3045/3438/1881 1460/1753/1195
f 3043/3436/1879 1460/1753/1195 1458/1751/1194
f 3045/3438/1881 3047/3440/1883 1462/1755/1196
f 3045/3438/1881 1462/1755/1196 1460/1753/1195
f 3047/3440/1883 3049/3442/1885 1464/1757/1197
f 3047/3440/1883 1464/1757/1197 1462/1755/1196
f 3049/3442/1885 3051/3444/1887 1466/1759/1198
f 3049/3442/1885 1466/1759/1198 1464/1757/1197
f 3051/3444/1887 3053/3446/1889 1468/1761/1199
f 3051/3444/1887 1468/1761/1199 1466/1759/1198
f 3053/3446/1889 3055/3448/1891 1470/1763/1200
f 3053/3446/1889 1470/1763/1200 1468/1761/1199
f 3055/3448/1891 3023/3414/1859 1437/1728/1183
f 3055/3448/1891 1437/1728/1183 1470/1763/1200
f 1418/1708/1165 1417/1707/1164 1436/1727/1183
f 1418/1708/1165 1436/1727/1183 1435/1726/1182
f 1419/1709/1166 1418/1708/1165 1435/1726/1182
f 1419/1709/1166 1435/1726/1182 1439/1730/1184
f 1420/1711/1167 1419/1710/1166 1439/1733/1184
f 1420/1711/1167 1439/1733/1184 1441/1732/1185
f 1421/1712/1168 1420/1711/1167 1441/1732/1185
f 1421/1712/1168 1441/1732/1185 1443/1736/1186
f 1422/1713/1169 1421/1712/1168 1443/1736/1186
f 1422/1713/1169 1443/1736/1186 1445/1738/1187
f 1423/1714/1170 1422/1713/1169 1445/1738/1187
f 1423/1714/1170 1445/1738/1187 1447/1740/1188
f 1424/1715/1171 1423/1714/1170 1447/1740/1188
f 1424/1715/1171 1447/1740/1188 1449/1742/1189
f 1425/1716/1172 1424/1715/1171 1449/1742/1189
f 1425/1716/1172 1449/1742/1189 1451/1744/1190
f 1426/1717/1173 1425/1716/1172 1451/1744/1190
f 1426/1717/1173 1451/1744/1190 1453/1746/1191
f 1427/1718/1174 1426/1717/1173 1453/1746/1191
f 1427/1718/1174 1453/1746/1191 1455/1748/1193
f 1428/1719/1175 1427/1718/1174 1455/1748/1193
f 1428/1719/1175 1455/1748/1193 1457/1750/1194
f 1429/1720/1176 1428/1719/1175 1457/1750/1194
f 1429/1720/1176 1457/1750/1194 1459/1752/1195
f 1430/1721/1177 1429/1720/1176 1459/1752/1195
f 1430/1721/1177 1459/1752/1195 1461/1754/1196
f 1431/1722/1178 1430/1721/1177 1461/1754/1196
f 1431/1722/1178 1461/1754/1196 1463/1756/1197
f 1432/1723/1179 1431/1722/1178 1463/1756/1197
f 1432/1723/1179 1463/1756/1197 1465/1758/1198
f 1433/1724/1180 1432/1723/1179 1465/1758/1198
f 1433/1724/1180 1465/1758/1198 1467/1760/1199
f 1434/1725/1181 1433/1724/1180 1467/1760/1199
f 1434/1725/1181 1467/1760/1199 1469/1762/1200
f 1417/1707/1164 1434/1725/1181 1469/1762/1200
f 1417/1707/1164 1469/1762/1200 1436/1727/1183
f 2336/2677/1358 2335/2676/1357 1508/1803/1238
f 2336/2677/1358 1508/1803/1238 1507/1802/1237
f 3021/3412/1857 3020/3411/1856 1510/1805/1237
f 3021/3412/1857 1510/1805/1237 1509/1804/1238
f 2335/2676/1357 2369/2712/1391 1511/1806/1239
f 2335/2676/1357 1511/1806/1239 1508/1803/1238
f 3024/3415/1860 3021/3412/1857 1509/1804/1238
f 3024/3415/1860 1509/1804/1238 1512/1807/1239
f 2369/2710/1391 2367/2708/1389 1513/1809/1240
f 2369/2710/1391 1513/1809/1240 1511/1808/1239
f 3026/3418/1862 3024/3417/1860 1512/1811/1239
f 3026/3418/1862 1512/1811/1239 1514/1810/1240
f 2367/2708/1389 2365/2706/1387 1515/1812/1241
f 2367/2708/1389 1515/1812/1241 1513/1809/1240
f 3028/3421/1864 3026/3418/1862 1514/1810/1240
f 3028/3421/1864 1514/1810/1240 1516/1813/1241
f 2365/2706/1387 2363/2704/1385 1517/1814/1242
f 2365/2706/1387 1517/1814/1242 1515/1812/1241
f 3030/3423/1866 3028/3421/1864 1516/1813/1241
f 3030/3423/1866 1516/1813/1241 1518/1815/1242
f 2363/2704/1385 2361/2702/1383 1519/1816/1243
f 2363/2704/1385 1519/1816/1243 1517/1814/1242
f 3032/3425/1868 3030/3423/1866 1518/1815/1242
f 3032/3425/1868 1518/1815/1242 1520/1817/1243
f 2361/2702/1383 2359/2700/1381 1521/1818/1244
f 2361/2702/1383 1521/1818/1244 1519/1816/1243
f 3034/3427/1870 3032/3425/1868 1520/1817/1243
f 3034/3427/1870 1520/1817/1243 1522/1819/1244
f 2359/2700/1381 2357/2698/1379 1523/1820/1245
f 2359/2700/1381 1523/1820/1245 1521/1818/1244
f 3036/3429/1872 3034/3427/1870 1522/1819/1244
f 3036/3429/1872 1522/1819/1244 1524/1821/1245
f 2357/2698/1379 2355/2696/1377 1525/1822/1246
f 2357/2698/1379 1525/1822/1246 1523/1820/1245
f 3038/3431/1874 3036/3429/1872 1524/1821/1245
f 3038/3431/1874 1524/1821/1245 1526/1823/1246
f 2355/2696/1377 2353/2694/1375 1527/1824/1247
f 2355/2696/1377 1527/1824/1247 1525/1822/1246
f 3040/3433/1876 3038/3431/1874 1526/1823/1246
f 3040/3433/1876 1526/1823/1246 1528/1825/1247
f 2353/2694/1375 2351/2692/1373 1529/1826/1248
f 2353/2694/1375 1529/1826/1248 1527/1824/1247
f 3042/3435/1878 3040/3433/1876 1528/1825/1247
f 3042/3435/1878 1528/1825/1247 1530/1827/1248
f 2351/2692/1373 2349/2690/1371 1531/1828/1249
f 2351/2692/1373 1531/1828/1249 1529/1826/1248
f 3044/3437/1880 3042/3435/1878 1530/1827/1248
f 3044/3437/1880 1530/1827/1248 1532/1829/1249
f 2349/2690/1371 2347/2688/1369 1533/1830/1250
f 2349/2690/1371 1533/1830/1250 1531/1828/1249
f 3046/3439/1882 3044/3437/1880 1532/1829/1249
f 3046/3439/1882 1532/1829/1249 1534/1831/1250
f 2347/2688/1369 2345/2686/1367 1535/1832/1251
f 2347/2688/1369 1535/1832/1251 1533/1830/1250
f 3048/3441/1884 3046/3439/1882 1534/1831/1250
f 3048/3441/1884 1534/1831/1250 1536/1833/1251
f 2345/2686/1367 2343/2684/1365 1537/1834/1252
f 2345/2686/1367 1537/1834/1252 1535/1832/1251
f 3050/3443/1886 3048/3441/1884 1536/1833/1251
f 3050/3443/1886 1536/1833/1251 1538/1835/1252
f 2343/2684/1365 2341/2682/1363 1539/1836/1253
f 2343/2684/1365 1539/1836/1253 1537/1834/1252
f 3052/3445/1888 3050/3443/1886 1538/1835/1252
f 3052/3445/1888 1538/1835/1252 1540/1837/1253
f 2341/2682/1363 2339/2680/1361 1541/1838/1254
f 2341/2682/1363 1541/1838/1254 1539/1836/1253
f 3054/3447/1890 3052/3445/1888 1540/1837/1253
f 3054/3447/1890 1540/1837/1253 1542/1839/1254
f 2339/2680/1361 2336/2677/1358 1507/1802/1237
f 2339/2680/1361 1507/1802/1237 1541/1838/1254
f 3020/3411/1856 3054/3447/1890 1542/1839/1254
f 3020/3411/1856 1542/1839/1254 1510/1805/1237
f 2050/2375/1278 2049/2374/1277 1544/1841/1256
f 2050/2375/1278 1544/1841/1256 1543/1840/1255
f 2086/2413/1314 2085/2412/1313 1546/1843/1255
f 2086/2413/1314 1546/1843/1255 1545/1842/1256
f 2049/2374/1277 2052/2377/1280 1547/1844/1257
f 2049/2374/1277 1547/1844/1257 1544/1841/1256
f 2118/2447/1346 2086/2413/1314 1545/1842/1256
f 2118/2447/1346 1545/1842/1256 1548/1845/1257
f 2052/2381/1280 2054/2380/1282 1549/1847/1258
f 2052/2381/1280 1549/1847/1258 1547/1846/1257
f 2116/2443/1344 2118/2445/1346 1548/1849/1257
f 2116/2443/1344 1548/1849/1257 1550/1848/1258
f 2054/2380/1282 2056/2383/1284 1551/1850/1259
f 2054/2380/1282 1551/1850/1259 1549/1847/1258
f 2114/2441/1342 2116/2443/1344 1550/1848/1258
f 2114/2441/1342 1550/1848/1258 1552/1851/1259
f 2056/2383/1284 2058/2385/1286 1553/1852/1260
f 2056/2383/1284 1553/1852/1260 1551/1850/1259
f 2112/2439/1340 2114/2441/1342 1552/1851/1259
f 2112/2439/1340 1552/1851/1259 1554/1853/1260
f 2058/2385/1286 2060/2387/1288 1555/1854/1261
f 2058/2385/1286 1555/1854/1261 1553/1852/1260
f 2110/2437/1338 2112/2439/1340 1554/1853/1260
f 2110/2437/1338 1554/1853/1260 1556/1855/1261
f 2060/2387/1288 2062/2389/1290 1557/1856/1262
f 2060/2387/1288 1557/1856/1262 1555/1854/1261
f 2108/2435/1336 2110/2437/1338 1556/1855/1261
f 2108/2435/1336 1556/1855/1261 1558/1857/1262
f 2062/2389/1290 2064/2391/1292 1559/1858/1263
f 2062/2389/1290 1559/1858/1263 1557/1856/1262
f 2106/2433/1334 2108/2435/1336 1558/1857/1262
f 2106/2433/1334 1558/1857/1262 1560/1859/1263
f 2064/2391/1292 2066/2393/1294 1561/1860/1264
f 2064/2391/1292 1561/1860/1264 1559/1858/1263
f 2104/2431/1332 2106/2433/1334 1560/1859/1263
f 2104/2431/1332 1560/1859/1263 1562/1861/1264
f 2066/2393/1294 2068/2395/1296 1563/1862/1265
f 2066/2393/1294 1563/1862/1265 1561/1860/1264
f 2102/2429/1330 2104/2431/1332 1562/1861/1264
f 2102/2429/1330 1562/1861/1264 1564/1863/1265
f 2068/2395/1296 2070/2397/1298 1565/1864/1266
f 2068/2395/1296 1565/1864/1266 1563/1862/1265
f 2100/2427/1328 2102/2429/1330 1564/1863/1265
f 2100/2427/1328 1564/1863/1265 1566/1865/1266
f 2070/2397/1298 2072/2399/1300 1567/1866/1267
f 2070/2397/1298 1567/1866/1267 1565/1864/1266
f 2098/2425/1326 2100/2427/1328 1566/1865/1266
f 2098/2425/1326 1566/1865/1266 1568/1867/1267
f 2072/2399/1300 2074/2401/1302 1569/1868/1268
f 2072/2399/1300 1569/1868/1268 1567/1866/1267
f 2096/2423/1324 2098/2425/1326 1568/1867/1267
f 2096/2423/1324 1568/1867/1267 1570/1869/1268
f 2074/2401/1302 2076/2403/1304 1571/1870/1269
f 2074/2401/1302 1571/1870/1269 1569/1868/1268
f 2094/2421/1322 2096/2423/1324 1570/1869/1268
f 2094/2421/1322 1570/1869/1268 1572/1871/1269
f 2076/2403/1304 2078/2405/1306 1573/1872/1270
f 2076/2403/1304 1573/1872/1270 1571/1870/1269
f 2092/2419/1320 2094/2421/1322 1572/1871/1269
f 2092/2419/1320 1572/1871/1269 1574/1873/1270
f 2078/2405/1306 2080/2407/1308 1575/1874/1271
f 2078/2405/1306 1575/1874/1271 1573/1872/1270
f 2090/2417/1318 2092/2419/1320 1574/1873/1270
f 2090/2417/1318 1574/1873/1270 1576/1875/1271
f 2080/2407/1308 2082/2409/1310 1577/1876/1272
f 2080/2407/1308 1577/1876/1272 1575/1874/1271
f 2088/2415/1316 2090/2417/1318 1576/1875/1271
f 2088/2415/1316 1576/1875/1271 1578/1877/1272
f 2082/2409/1310 2050/2375/1278 1543/1840/1255
f 2082/2409/1310 1543/1840/1255 1577/1876/1272
f 2085/2412/1313 2088/2415/1316 1578/1877/1272
f 2085/2412/1313 1578/1877/1272 1546/1843/1255
f 2588/2943/1431 2587/2942/1430 1580/1879/1256
f 2588/2943/1431 1580/1879/1256 1579/1878/1255
f 2120/2449/1276 2119/2448/1347 1582/1881/1273
f 2120/2449/1276 1582/1881/1273 1581/1880/1256
f 2122/2451/1278 2121/2450/1277 1584/1883/1256
f 2122/2451/1278 1584/1883/1256 1583/1882/1255
f 2158/2489/1314 2157/2488/1349 1586/1885/1255
f 2158/2489/1314 1586/1885/1255 1585/1884/1256
f 2156/2487/1312 2155/2486/1311 1588/1887/1256
f 2156/2487/1312 1588/1887/1256 1587/1886/1255
f 2192/2525/1276 2191/2524/1347 1590/1889/1255
f 2192/2525/1276 1590/1889/1255 1589/1888/1256
f 2194/2527/1278 2193/2526/1277 1592/1891/1256
f 2194/2527/1278 1592/1891/1256 1591/1890/1255
f 2230/2565/1314 2229/2564/1349 1594/1893/1255
f 2230/2565/1314 1594/1893/1255 1593/1892/1256
f 2228/2563/1312 2227/2562/1311 1596/1895/1256
f 2228/2563/1312 1596/1895/1256 1595/1894/1255
f 2264/2601/1276 2263/2600/1347 1598/1897/1255
f 2264/2601/1276 1598/1897/1255 1597/1896/1256
f 2266/2603/1355 2265/2602/1277 1600/1899/1256
f 2266/2603/1355 1600/1899/1256 1599/1898/1255
f 2302/2641/1314 2301/2640/1349 1602/1901/1255
f 2302/2641/1314 1602/1901/1255 1601/1900/1256
f 2300/2639/1312 2299/2638/1311 1604/1903/1256
f 2300/2639/1312 1604/1903/1256 1603/1902/1255
f 2048/2373/1276 2047/2372/1275 1606/1905/1255
f 2048/2373/1276 1606/1905/1255 1605/1904/1256
f 2338/2679/1360 2337/2678/1359 1608/1907/1255
f 2338/2679/1360 1608/1907/1255 1607/1906/1256
f 2374/2717/1278 2373/2716/1277 1610/1909/1256
f 2374/2717/1278 1610/1909/1256 1609/1908/1273
f 2372/2715/1276 2371/2714/1347 1612/1911/1255
f 2372/2715/1276 1612/1911/1255 1611/1910/1256
f 2408/2753/1312 2407/2752/1311 1614/1913/1256
f 2408/2753/1312 1614/1913/1256 1613/1912/1255
f 2410/2755/1314 2409/2754/1349 1616/1915/1255
f 2410/2755/1314 1616/1915/1255 1615/1914/1256
f 2446/2793/1278 2445/2792/1277 1618/1917/1256
f 2446/2793/1278 1618/1917/1256 1617/1916/1255
f 2444/2791/1276 2443/2790/1275 1620/1919/1255
f 2444/2791/1276 1620/1919/1255 1619/1918/1256
f 2480/2829/1312 2479/2828/1311 1622/1921/1256
f 2480/2829/1312 1622/1921/1256 1621/1920/1255
f 2482/2831/1314 2481/2830/1349 1624/1923/1255
f 2482/2831/1314 1624/1923/1255 1623/1922/1256
f 2518/2869/1355 2517/2868/1277 1626/1925/1256
f 2518/2869/1355 1626/1925/1256 1625/1924/1255
f 2516/2867/1276 2515/2866/1347 1628/1927/1255
f 2516/2867/1276 1628/1927/1255 1627/1926/1256
f 2084/2411/1312 2083/2410/1311 1630/1929/1256
f 2084/2411/1312 1630/1929/1256 1629/1928/1255
f 2587/2942/1430 2621/2978/1464 1631/1930/1257
f 2587/2942/1430 1631/1930/1257 1580/1879/1256
f 2123/2452/1279 2120/2449/1276 1581/1880/1256
f 2123/2452/1279 1581/1880/1256 1632/1931/1257
f 2121/2450/1277 2124/2453/1280 1633/1932/1257
f 2121/2450/1277 1633/1932/1257 1584/1883/1256
f 2190/2523/1346 2158/2489/1314 1585/1884/1256
f 2190/2523/1346 1585/1884/1256 1634/1933/1257
f 2155/2486/1311 2189/2522/1345 1635/1934/1257
f 2155/2486/1311 1635/1934/1257 1588/1887/1256
f 2195/2528/1279 2192/2525/1276 1589/1888/1256
f 2195/2528/1279 1589/1888/1256 1636/1935/1257
f 2193/2526/1277 2196/2529/1280 1637/1936/1257
f 2193/2526/1277 1637/1936/1257 1592/1891/1256
f 2262/2599/1346 2230/2565/1314 1593/1892/1256
f 2262/2599/1346 1593/1892/1256 1638/1937/1257
f 2227/2562/1311 2261/2598/1345 1639/1938/1257
f 2227/2562/1311 1639/1938/1257 1596/1895/1256
f 2267/2604/1279 2264/2601/1276 1597/1896/1256
f 2267/2604/1279 1597/1896/1256 1640/1939/1257
f 2265/2602/1277 2268/2605/1280 1641/1940/1257
f 2265/2602/1277 1641/1940/1257 1600/1899/1256
f 2334/2675/1346 2302/2641/1314 1601/1900/1256
f 2334/2675/1346 1601/1900/1256 1642/1941/1257
f 2299/2638/1311 2333/2674/1345 1643/1942/1257
f 2299/2638/1311 1643/1942/1257 1604/1903/1256
f 2051/2376/1279 2048/2373/1276 1605/1904/1256
f 2051/2376/1279 1605/1904/1256 1644/1943/1257
f 2370/2713/1392 2338/2679/1360 1607/1906/1256
f 2370/2713/1392 1607/1906/1256 1645/1944/1257
f 2373/2716/1277 2376/2719/1280 1646/1945/1257
f 2373/2716/1277 1646/1945/1257 1610/1909/1256
f 2375/2718/1279 2372/2715/1276 1611/1910/1256
f 2375/2718/1279 1611/1910/1256 1647/1946/1257
f 2407/2752/1311 2441/2788/1345 1648/1947/1257
f 2407/2752/1311 1648/1947/1257 1614/1913/1256
f 2442/2789/1346 2410/2755/1314 1615/1914/1256
f 2442/2789/1346 1615/1914/1256 1649/1948/1257
f 2445/2792/1277 2448/2795/1280 1650/1949/1257
f 2445/2792/1277 1650/1949/1257 1618/1917/1256
f 2447/2794/1279 2444/2791/1276 1619/1918/1256
f 2447/2794/1279 1619/1918/1256 1651/1950/1257
f 2479/2828/1311 2513/2864/1345 1652/1951/1257
f 2479/2828/1311 1652/1951/1257 1622/1921/1256
f 2514/2865/1346 2482/2831/1314 1623/1922/1256
f 2514/2865/1346 1623/1922/1256 1653/1952/1257
f 2517/2868/1277 2520/2871/1280 1654/1953/1257
f 2517/2868/1277 1654/1953/1257 1626/1925/1256
f 2519/2870/1279 2516/2867/1276 1627/1926/1256
f 2519/2870/1279 1627/1926/1256 1655/1954/1257
f 2083/2410/1311 2117/2446/1345 1656/1955/1257
f 2083/2410/1311 1656/1955/1257 1630/1929/1256
f 2621/2976/1464 2619/2974/1462 1657/1957/1258
f 2621/2976/1464 1657/1957/1258 1631/1956/1257
f 2125/2455/1281 2123/2454/1279 1632/1959/1257
f 2125/2455/1281 1632/1959/1257 1658/1958/1258
f 2124/2457/1280 2126/2456/1282 1659/1961/1258
f 2124/2457/1280 1659/1961/1258 1633/1960/1257
f 2188/2519/1353 2190/2521/1346 1634/1963/1257
f 2188/2519/1353 1634/1963/1257 1660/1962/1258
f 2189/2520/1345 2187/2518/1343 1661/1965/1258
f 2189/2520/1345 1661/1965/1258 1635/1964/1257
f 2197/2531/1281 2195/2530/1279 1636/1967/1257
f 2197/2531/1281 1636/1967/1257 1662/1966/1258
f 2196/2533/1280 2198/2532/1282 1663/1969/1258
f 2196/2533/1280 1663/1969/1258 1637/1968/1257
f 2260/2595/1353 2262/2597/1346 1638/1971/1257
f 2260/2595/1353 1638/1971/1257 1664/1970/1258
f 2261/2596/1345 2259/2594/1343 1665/1973/1258
f 2261/2596/1345 1665/1973/1258 1639/1972/1257
f 2269/2607/1281 2267/2606/1279 1640/1975/1257
f 2269/2607/1281 1640/1975/1257 1666/1974/1258
f 2268/2609/1280 2270/2608/1282 1667/1977/1258
f 2268/2609/1280 1667/1977/1258 1641/1976/1257
f 2332/2671/1344 2334/2673/1346 1642/1979/1257
f 2332/2671/1344 1642/1979/1257 1668/1978/1258
f 2333/2672/1345 2331/2670/1343 1669/1981/1258
f 2333/2672/1345 1669/1981/1258 1643/1980/1257
f 2053/2379/1281 2051/2378/1279 1644/1983/1257
f 2053/2379/1281 1644/1983/1257 1670/1982/1258
f 2368/2709/1390 2370/2711/1392 1645/1985/1257
f 2368/2709/1390 1645/1985/1257 1671/1984/1258
f 2376/2723/1280 2378/2722/1282 1672/1987/1258
f 2376/2723/1280 1672/1987/1258 1646/1986/1257
f 2377/2721/1281 2375/2720/1279 1647/1989/1257
f 2377/2721/1281 1647/1989/1257 1673/1988/1258
f 2441/2786/1345 2439/2784/1343 1674/1991/1258
f 2441/2786/1345 1674/1991/1258 1648/1990/1257
f 2440/2785/1344 2442/2787/1346 1649/1993/1257
f 2440/2785/1344 1649/1993/1257 1675/1992/1258
f 2448/2799/1280 2450/2798/1282 1676/1995/1258
f 2448/2799/1280 1676/1995/1258 1650/1994/1257
f 2449/2797/1281 2447/2796/1279 1651/1997/1257
f 2449/2797/1281 1651/1997/1257 1677/1996/1258
f 2513/2862/1345 2511/2860/1343 1678/1999/1258
f 2513/2862/1345 1678/1999/1258 1652/1998/1257
f 2512/2861/1344 2514/2863/1346 1653/2001/1257
f 2512/2861/1344 1653/2001/1257 1679/2000/1258
f 2520/2875/1280 2522/2874/1282 1680/2003/1258
f 2520/2875/1280 1680/2003/1258 1654/2002/1257
f 2521/2873/1281 2519/2872/1279 1655/2005/1257
f 2521/2873/1281 1655/2005/1257 1681/2004/1258
f 2117/2444/1345 2115/2442/1343 1682/2007/1258
f 2117/2444/1345 1682/2007/1258 1656/2006/1257
f 2619/2974/1462 2617/2972/1460 1683/2008/1259
f 2619/2974/1462 1683/2008/1259 1657/1957/1258
f 2127/2458/1283 2125/2455/1281 1658/1958/1258
f 2127/2458/1283 1658/1958/1258 1684/2009/1259
f 2126/2456/1282 2128/2459/1284 1685/2010/1259
f 2126/2456/1282 1685/2010/1259 1659/1961/1258
f 2186/2517/1342 2188/2519/1353 1660/1962/1258
f 2186/2517/1342 1660/1962/1258 1686/2011/1259
f 2187/2518/1343 2185/2516/1341 1687/2012/1259
f 2187/2518/1343 1687/2012/1259 1661/1965/1258
f 2199/2534/1283 2197/2531/1281 1662/1966/1258
f 2199/2534/1283 1662/1966/1258 1688/2013/1259
f 2198/2532/1282 2200/2535/1284 1689/2014/1259
f 2198/2532/1282 1689/2014/1259 1663/1969/1258
f 2258/2593/1342 2260/2595/1353 1664/1970/1258
f 2258/2593/1342 1664/1970/1258 1690/2015/1259
f 2259/2594/1343 2257/2592/1341 1691/2016/1259
f 2259/2594/1343 1691/2016/1259 1665/1973/1258
f 2271/2610/1283 2269/2607/1281 1666/1974/1258
f 2271/2610/1283 1666/1974/1258 1692/2017/1259
f 2270/2608/1282 2272/2611/1284 1693/2018/1259
f 2270/2608/1282 1693/2018/1259 1667/1977/1258
f 2330/2669/1342 2332/2671/1344 1668/1978/1258
f 2330/2669/1342 1668/1978/1258 1694/2019/1259
f 2331/2670/1343 2329/2668/1341 1695/2020/1259
f 2331/2670/1343 1695/2020/1259 1669/1981/1258
f 2055/2382/1283 2053/2379/1281 1670/1982/1258
f 2055/2382/1283 1670/1982/1258 1696/2021/1259
f 2366/2707/1388 2368/2709/1390 1671/1984/1258
f 2366/2707/1388 1671/1984/1258 1697/2022/1259
f 2378/2722/1282 2380/2725/1284 1698/2023/1259
f 2378/2722/1282 1698/2023/1259 1672/1987/1258
f 2379/2724/1283 2377/2721/1281 1673/1988/1258
f 2379/2724/1283 1673/1988/1258 1699/2024/1259
f 2439/2784/1343 2437/2782/1341 1700/2025/1259
f 2439/2784/1343 1700/2025/1259 1674/1991/1258
f 2438/2783/1342 2440/2785/1344 1675/1992/1258
f 2438/2783/1342 1675/1992/1258 1701/2026/1259
f 2450/2798/1282 2452/2801/1284 1702/2027/1259
f 2450/2798/1282 1702/2027/1259 1676/1995/1258
f 2451/2800/1283 2449/2797/1281 1677/1996/1258
f 2451/2800/1283 1677/1996/1258 1703/2028/1259
f 2511/2860/1343 2509/2858/1341 1704/2029/1259
f 2511/2860/1343 1704/2029/1259 1678/1999/1258
f 2510/2859/1342 2512/2861/1344 1679/2000/1258
f 2510/2859/1342 1679/2000/1258 1705/2030/1259
f 2522/2874/1282 2524/2877/1284 1706/2031/1259
f 2522/2874/1282 1706/2031/1259 1680/2003/1258
f 2523/2876/1283 2521/2873/1281 1681/2004/1258
f 2523/2876/1283 1681/2004/1258 1707/2032/1259
f 2115/2442/1343 2113/2440/1341 1708/2033/1259
f 2115/2442/1343 1708/2033/1259 1682/2007/1258
f 2617/2972/1460 2615/2970/1458 1709/2034/1260
f 2617/2972/1460 1709/2034/1260 1683/2008/1259
f 2129/2460/1285 2127/2458/1283 1684/2009/1259
f 2129/2460/1285 1684/2009/1259 1710/2035/1260
f 2128/2459/1284 2130/2461/1286 1711/2036/1260
f 2128/2459/1284 1711/2036/1260 1685/2010/1259
f 2184/2515/1340 2186/2517/1342 1686/2011/1259
f 2184/2515/1340 1686/2011/1259 1712/2037/1260
f 2185/2516/1341 2183/2514/1339 1713/2038/1260
f 2185/2516/1341 1713/2038/1260 1687/2012/1259
f 2201/2536/1285 2199/2534/1283 1688/2013/1259
f 2201/2536/1285 1688/2013/1259 1714/2039/1260
f 2200/2535/1284 2202/2537/1286 1715/2040/1260
f 2200/2535/1284 1715/2040/1260 1689/2014/1259
f 2256/2591/1340 2258/2593/1342 1690/2015/1259
f 2256/2591/1340 1690/2015/1259 1716/2041/1260
f 2257/2592/1341 2255/2590/1339 1717/2042/1260
f 2257/2592/1341 1717/2042/1260 1691/2016/1259
f 2273/2612/1285 2271/2610/1283 1692/2017/1259
f 2273/2612/1285 1692/2017/1259 1718/2043/1260
f 2272/2611/1284 2274/2613/1286 1719/2044/1260
f 2272/2611/1284 1719/2044/1260 1693/2018/1259
f 2328/2667/1340 2330/2669/1342 1694/2019/1259
f 2328/2667/1340 1694/2019/1259 1720/2045/1260
f 2329/2668/1341 2327/2666/1339 1721/2046/1260
f 2329/2668/1341 1721/2046/1260 1695/2020/1259
f 2057/2384/1285 2055/2382/1283 1696/2021/1259
f 2057/2384/1285 1696/2021/1259 1722/2047/1260
f 2364/2705/1386 2366/2707/1388 1697/2022/1259
f 2364/2705/1386 1697/2022/1259 1723/2048/1260
f 2380/2725/1284 2382/2727/1286 1724/2049/1260
f 2380/2725/1284 1724/2049/1260 1698/2023/1259
f 2381/2726/1285 2379/2724/1283 1699/2024/1259
f 2381/2726/1285 1699/2024/1259 1725/2050/1260
f 2437/2782/1341 2435/2780/1339 1726/2051/1260
f 2437/2782/1341 1726/2051/1260 1700/2025/1259
f 2436/2781/1340 2438/2783/1342 1701/2026/1259
f 2436/2781/1340 1701/2026/1259 1727/2052/1260
f 2452/2801/1284 2454/2803/1286 1728/2053/1260
f 2452/2801/1284 1728/2053/1260 1702/2027/1259
f 2453/2802/1285 2451/2800/1283 1703/2028/1259
f 2453/2802/1285 1703/2028/1259 1729/2054/1260
f 2509/2858/1341 2507/2856/1339 1730/2055/1260
f 2509/2858/1341 1730/2055/1260 1704/2029/1259
f 2508/2857/1340 2510/2859/1342 1705/2030/1259
f 2508/2857/1340 1705/2030/1259 1731/2056/1260
f 2524/2877/1284 2526/2879/1286 1732/2057/1260
f 2524/2877/1284 1732/2057/1260 1706/2031/1259
f 2525/2878/1285 2523/2876/1283 1707/2032/1259
f 2525/2878/1285 1707/2032/1259 1733/2058/1260
f 2113/2440/1341 2111/2438/1339 1734/2059/1260
f 2113/2440/1341 1734/2059/1260 1708/2033/1259
f 2615/2970/1458 2613/2968/1456 1735/2060/1261
f 2615/2970/1458 1735/2060/1261 1709/2034/1260
f 2131/2462/1287 2129/2460/1285 1710/2035/1260
f 2131/2462/1287 1710/2035/1260 1736/2061/1261
f 2130/2461/1286 2132/2463/1288 1737/2062/1261
f 2130/2461/1286 1737/2062/1261 1711/2036/1260
f 2182/2513/1352 2184/2515/1340 1712/2037/1260
f 2182/2513/1352 1712/2037/1260 1738/2063/1261
f 2183/2514/1339 2181/2512/1337 1739/2064/1261
f 2183/2514/1339 1739/2064/1261 1713/2038/1260
f 2203/2538/1287 2201/2536/1285 1714/2039/1260
f 2203/2538/1287 1714/2039/1260 1740/2065/1261
f 2202/2537/1286 2204/2539/1288 1741/2066/1261
f 2202/2537/1286 1741/2066/1261 1715/2040/1260
f 2254/2589/1338 2256/2591/1340 1716/2041/1260
f 2254/2589/1338 1716/2041/1260 1742/2067/1261
f 2255/2590/1339 2253/2588/1337 1743/2068/1261
f 2255/2590/1339 1743/2068/1261 1717/2042/1260
f 2275/2614/1287 2273/2612/1285 1718/2043/1260
f 2275/2614/1287 1718/2043/1260 1744/2069/1261
f 2274/2613/1286 2276/2615/1288 1745/2070/1261
f 2274/2613/1286 1745/2070/1261 1719/2044/1260
f 2326/2665/1352 2328/2667/1340 1720/2045/1260
f 2326/2665/1352 1720/2045/1260 1746/2071/1261
f 2327/2666/1339 2325/2664/1337 1747/2072/1261
f 2327/2666/1339 1747/2072/1261 1721/2046/1260
f 2059/2386/1287 2057/2384/1285 1722/2047/1260
f 2059/2386/1287 1722/2047/1260 1748/2073/1261
f 2362/2703/1384 2364/2705/1386 1723/2048/1260
f 2362/2703/1384 1723/2048/1260 1749/2074/1261
f 2382/2727/1286 2384/2729/1288 1750/2075/1261
f 2382/2727/1286 1750/2075/1261 1724/2049/1260
f 2383/2728/1287 2381/2726/1285 1725/2050/1260
f 2383/2728/1287 1725/2050/1260 1751/2076/1261
f 2435/2780/1339 2433/2778/1337 1752/2077/1261
f 2435/2780/1339 1752/2077/1261 1726/2051/1260
f 2434/2779/1338 2436/2781/1340 1727/2052/1260
f 2434/2779/1338 1727/2052/1260 1753/2078/1261
f 2454/2803/1286 2456/2805/1288 1754/2079/1261
f 2454/2803/1286 1754/2079/1261 1728/2053/1260
f 2455/2804/1287 2453/2802/1285 1729/2054/1260
f 2455/2804/1287 1729/2054/1260 1755/2080/1261
f 2507/2856/1339 2505/2854/1337 1756/2081/1261
f 2507/2856/1339 1756/2081/1261 1730/2055/1260
f 2506/2855/1338 2508/2857/1340 1731/2056/1260
f 2506/2855/1338 1731/2056/1260 1757/2082/1261
f 2526/2879/1286 2528/2881/1288 1758/2083/1261
f 2526/2879/1286 1758/2083/1261 1732/2057/1260
f 2527/2880/1287 2525/2878/1285 1733/2058/1260
f 2527/2880/1287 1733/2058/1260 1759/2084/1261
f 2111/2438/1339 2109/2436/1337 1760/2085/1261
f 2111/2438/1339 1760/2085/1261 1734/2059/1260
f 2613/2968/1456 2611/2966/1454 1761/2086/1262
f 2613/2968/1456 1761/2086/1262 1735/2060/1261
f 2133/2464/1289 2131/2462/1287 1736/2061/1261
f 2133/2464/1289 1736/2061/1261 1762/2087/1262
f 2132/2463/1288 2134/2465/1290 1763/2088/1262
f 2132/2463/1288 1763/2088/1262 1737/2062/1261
f 2180/2511/1336 2182/2513/1352 1738/2063/1261
f 2180/2511/1336 1738/2063/1261 1764/2089/1262
f 2181/2512/1337 2179/2510/1335 1765/2090/1262
f 2181/2512/1337 1765/2090/1262 1739/2064/1261
f 2205/2540/1289 2203/2538/1287 1740/2065/1261
f 2205/2540/1289 1740/2065/1261 1766/2091/1262
f 2204/2539/1288 2206/2541/1290 1767/2092/1262
f 2204/2539/1288 1767/2092/1262 1741/2066/1261
f 2252/2587/1336 2254/2589/1338 1742/2067/1261
f 2252/2587/1336 1742/2067/1261 1768/2093/1262
f 2253/2588/1337 2251/2586/1335 1769/2094/1262
f 2253/2588/1337 1769/2094/1262 1743/2068/1261
f 2277/2616/1289 2275/2614/1287 1744/2069/1261
f 2277/2616/1289 1744/2069/1261 1770/2095/1262
f 2276/2615/1288 2278/2617/1290 1771/2096/1262
f 2276/2615/1288 1771/2096/1262 1745/2070/1261
f 2324/2663/1336 2326/2665/1352 1746/2071/1261
f 2324/2663/1336 1746/2071/1261 1772/2097/1262
f 2325/2664/1337 2323/2662/1335 1773/2098/1262
f 2325/2664/1337 1773/2098/1262 1747/2072/1261
f 2061/2388/1289 2059/2386/1287 1748/2073/1261
f 2061/2388/1289 1748/2073/1261 1774/2099/1262
f 2360/2701/1382 2362/2703/1384 1749/2074/1261
f 2360/2701/1382 1749/2074/1261 1775/2100/1262
f 2384/2729/1288 2386/2731/1290 1776/2101/1262
f 2384/2729/1288 1776/2101/1262 1750/2075/1261
f 2385/2730/1289 2383/2728/1287 1751/2076/1261
f 2385/2730/1289 1751/2076/1261 1777/2102/1262
f 2433/2778/1337 2431/2776/1335 1778/2103/1262
f 2433/2778/1337 1778/2103/1262 1752/2077/1261
f 2432/2777/1336 2434/2779/1338 1753/2078/1261
f 2432/2777/1336 1753/2078/1261 1779/2104/1262
f 2456/2805/1288 2458/2807/1290 1780/2105/1262
f 2456/2805/1288 1780/2105/1262 1754/2079/1261
f 2457/2806/1289 2455/2804/1287 1755/2080/1261
f 2457/2806/1289 1755/2080/1261 1781/2106/1262
f 2505/2854/1337 2503/2852/1335 1782/2107/1262
f 2505/2854/1337 1782/2107/1262 1756/2081/1261
f 2504/2853/1336 2506/2855/1338 1757/2082/1261
f 2504/2853/1336 1757/2082/1261 1783/2108/1262
f 2528/2881/1288 2530/2883/1290 1784/2109/1262
f 2528/2881/1288 1784/2109/1262 1758/2083/1261
f 2529/2882/1289 2527/2880/1287 1759/2084/1261
f 2529/2882/1289 1759/2084/1261 1785/2110/1262
f 2109/2436/1337 2107/2434/1335 1786/2111/1262
f 2109/2436/1337 1786/2111/1262 1760/2085/1261
f 2611/2966/1454 2609/2964/1452 1787/2112/1263
f 2611/2966/1454 1787/2112/1263 1761/2086/1262
f 2135/2466/1291 2133/2464/1289 1762/2087/1262
f 2135/2466/1291 1762/2087/1262 1788/2113/1263
f 2134/2465/1290 2136/2467/1292 1789/2114/1263
f 2134/2465/1290 1789/2114/1263 1763/2088/1262
f 2178/2509/1334 2180/2511/1336 1764/2089/1262
f 2178/2509/1334 1764/2089/1262 1790/2115/1263
f 2179/2510/1335 2177/2508/1333 1791/2116/1263
f 2179/2510/1335 1791/2116/1263 1765/2090/1262
f 2207/2542/1291 2205/2540/1289 1766/2091/1262
f 2207/2542/1291 1766/2091/1262 1792/2117/1263
f 2206/2541/1290 2208/2543/1292 1793/2118/1263
f 2206/2541/1290 1793/2118/1263 1767/2092/1262
f 2250/2585/1334 2252/2587/1336 1768/2093/1262
f 2250/2585/1334 1768/2093/1262 1794/2119/1263
f 2251/2586/1335 2249/2584/1333 1795/2120/1263
f 2251/2586/1335 1795/2120/1263 1769/2094/1262
f 2279/2618/1291 2277/2616/1289 1770/2095/1262
f 2279/2618/1291 1770/2095/1262 1796/2121/1263
f 2278/2617/1290 2280/2619/1292 1797/2122/1263
f 2278/2617/1290 1797/2122/1263 1771/2096/1262
f 2322/2661/1334 2324/2663/1336 1772/2097/1262
f 2322/2661/1334 1772/2097/1262 1798/2123/1263
f 2323/2662/1335 2321/2660/1333 1799/2124/1263
f 2323/2662/1335 1799/2124/1263 1773/2098/1262
f 2063/2390/1291 2061/2388/1289 1774/2099/1262
f 2063/2390/1291 1774/2099/1262 1800/2125/1263
f 2358/2699/1380 2360/2701/1382 1775/2100/1262
f 2358/2699/1380 1775/2100/1262 1801/2126/1263
f 2386/2731/1290 2388/2733/1292 1802/2127/1263
f 2386/2731/1290 1802/2127/1263 1776/2101/1262
f 2387/2732/1291 2385/2730/1289 1777/2102/1262
f 2387/2732/1291 1777/2102/1262 1803/2128/1263
f 2431/2776/1335 2429/2774/1333 1804/2129/1263
f 2431/2776/1335 1804/2129/1263 1778/2103/1262
f 2430/2775/1334 2432/2777/1336 1779/2104/1262
f 2430/2775/1334 1779/2104/1262 1805/2130/1263
f 2458/2807/1290 2460/2809/1292 1806/2131/1263
f 2458/2807/1290 1806/2131/1263 1780/2105/1262
f 2459/2808/1291 2457/2806/1289 1781/2106/1262
f 2459/2808/1291 1781/2106/1262 1807/2132/1263
f 2503/2852/1335 2501/2850/1333 1808/2133/1263
f 2503/2852/1335 1808/2133/1263 1782/2107/1262
f 2502/2851/1334 2504/2853/1336 1783/2108/1262
f 2502/2851/1334 1783/2108/1262 1809/2134/1263
f 2530/2883/1290 2532/2885/1292 1810/2135/1263
f 2530/2883/1290 1810/2135/1263 1784/2109/1262
f 2531/2884/1291 2529/2882/1289 1785/2110/1262
f 2531/2884/1291 1785/2110/1262 1811/2136/1263
f 2107/2434/1335 2105/2432/1333 1812/2137/1263
f 2107/2434/1335 1812/2137/1263 1786/2111/1262
f 2609/2964/1452 2607/2962/1450 1813/2138/1274
f 2609/2964/1452 1813/2138/1274 1787/2112/1263
f 2137/2468/1348 2135/2466/1291 1788/2113/1263
f 2137/2468/1348 1788/2113/1263 1814/2139/1274
f 2136/2467/1292 2138/2469/1294 1815/2140/1274
f 2136/2467/1292 1815/2140/1274 1789/2114/1263
f 2176/2507/1332 2178/2509/1334 1790/2115/1263
f 2176/2507/1332 1790/2115/1263 1816/2141/1264
f 2177/2508/1333 2175/2506/1351 1817/2142/1274
f 2177/2508/1333 1817/2142/1274 1791/2116/1263
f 2209/2544/1348 2207/2542/1291 1792/2117/1263
f 2209/2544/1348 1792/2117/1263 1818/2143/1264
f 2208/2543/1292 2210/2545/1294 1819/2144/1264
f 2208/2543/1292 1819/2144/1264 1793/2118/1263
f 2248/2583/1332 2250/2585/1334 1794/2119/1263
f 2248/2583/1332 1794/2119/1263 1820/2145/1274
f 2249/2584/1333 2247/2582/1351 1821/2146/1274
f 2249/2584/1333 1821/2146/1274 1795/2120/1263
f 2281/2620/1348 2279/2618/1291 1796/2121/1263
f 2281/2620/1348 1796/2121/1263 1822/2147/1264
f 2280/2619/1292 2282/2621/1294 1823/2148/1264
f 2280/2619/1292 1823/2148/1264 1797/2122/1263
f 2320/2659/1356 2322/2661/1334 1798/2123/1263
f 2320/2659/1356 1798/2123/1263 1824/2149/1274
f 2321/2660/1333 2319/2658/1351 1825/2150/1274
f 2321/2660/1333 1825/2150/1274 1799/2124/1263
f 2065/2392/1293 2063/2390/1291 1800/2125/1263
f 2065/2392/1293 1800/2125/1263 1826/2151/1264
f 2356/2697/1378 2358/2699/1380 1801/2126/1263
f 2356/2697/1378 1801/2126/1263 1827/2152/1274
f 2388/2733/1292 2390/2735/1294 1828/2153/1264
f 2388/2733/1292 1828/2153/1264 1802/2127/1263
f 2389/2734/1348 2387/2732/1291 1803/2128/1263
f 2389/2734/1348 1803/2128/1263 1829/2154/1264
f 2429/2774/1333 2427/2772/1331 1830/2155/1274
f 2429/2774/1333 1830/2155/1274 1804/2129/1263
f 2428/2773/1356 2430/2775/1334 1805/2130/1263
f 2428/2773/1356 1805/2130/1263 1831/2156/1274
f 2460/2809/1292 2462/2811/1393 1832/2157/1274
f 2460/2809/1292 1832/2157/1274 1806/2131/1263
f 2461/2810/1293 2459/2808/1291 1807/2132/1263
f 2461/2810/1293 1807/2132/1263 1833/2158/1264
f 2501/2850/1333 2499/2848/1331 1834/2159/1264
f 2501/2850/1333 1834/2159/1264 1808/2133/1263
f 2500/2849/1332 2502/2851/1334 1809/2134/1263
f 2500/2849/1332 1809/2134/1263 1835/2160/1274
f 2532/2885/1292 2534/2887/1393 1836/2161/1264
f 2532/2885/1292 1836/2161/1264 1810/2135/1263
f 2533/2886/1293 2531/2884/1291 1811/2136/1263
f 2533/2886/1293 1811/2136/1263 1837/2162/1274
f 2105/2432/1333 2103/2430/1331 1838/2163/1264
f 2105/2432/1333 1838/2163/1264 1812/2137/1263
f 2607/2962/1450 2605/2960/1448 1839/2164/1265
f 2607/2962/1450 1839/2164/1265 1813/2138/1274
f 2139/2470/1295 2137/2468/1348 1814/2139/1274
f 2139/2470/1295 1814/2139/1274 1840/2165/1265
f 2138/2469/1294 2140/2471/1296 1841/2166/1265
f 2138/2469/1294 1841/2166/1265 1815/2140/1274
f 2174/2505/1330 2176/2507/1332 1816/2141/1264
f 2174/2505/1330 1816/2141/1264 1842/2167/1265
f 2175/2506/1351 2173/2504/1329 1843/2168/1265
f 2175/2506/1351 1843/2168/1265 1817/2142/1274
f 2211/2546/1295 2209/2544/1348 1818/2143/1264
f 2211/2546/1295 1818/2143/1264 1844/2169/1265
f 2210/2545/1294 2212/2547/1296 1845/2170/1265
f 2210/2545/1294 1845/2170/1265 1819/2144/1264
f 2246/2581/1330 2248/2583/1332 1820/2145/1274
f 2246/2581/1330 1820/2145/1274 1846/2171/1265
f 2247/2582/1351 2245/2580/1329 1847/2172/1265
f 2247/2582/1351 1847/2172/1265 1821/2146/1274
f 2283/2622/1295 2281/2620/1348 1822/2147/1264
f 2283/2622/1295 1822/2147/1264 1848/2173/1265
f 2282/2621/1294 2284/2623/1296 1849/2174/1265
f 2282/2621/1294 1849/2174/1265 1823/2148/1264
f 2318/2657/1330 2320/2659/1356 1824/2149/1274
f 2318/2657/1330 1824/2149/1274 1850/2175/1265
f 2319/2658/1351 2317/2656/1329 1851/2176/1265
f 2319/2658/1351 1851/2176/1265 1825/2150/1274
f 2067/2394/1295 2065/2392/1293 1826/2151/1264
f 2067/2394/1295 1826/2151/1264 1852/2177/1265
f 2354/2695/1376 2356/2697/1378 1827/2152/1274
f 2354/2695/1376 1827/2152/1274 1853/2178/1265
f 2390/2735/1294 2392/2737/1296 1854/2179/1265
f 2390/2735/1294 1854/2179/1265 1828/2153/1264
f 2391/2736/1295 2389/2734/1348 1829/2154/1264
f 2391/2736/1295 1829/2154/1264 1855/2180/1265
f 2427/2772/1331 2425/2770/1329 1856/2181/1265
f 2427/2772/1331 1856/2181/1265 1830/2155/1274
f 2426/2771/1330 2428/2773/1356 1831/2156/1274
f 2426/2771/1330 1831/2156/1274 1857/2182/1265
f 2462/2811/1393 2464/2813/1296 1858/2183/1265
f 2462/2811/1393 1858/2183/1265 1832/2157/1274
f 2463/2812/1295 2461/2810/1293 1833/2158/1264
f 2463/2812/1295 1833/2158/1264 1859/2184/1265
f 2499/2848/1331 2497/2846/1329 1860/2185/1265
f 2499/2848/1331 1860/2185/1265 1834/2159/1264
f 2498/2847/1330 2500/2849/1332 1835/2160/1274
f 2498/2847/1330 1835/2160/1274 1861/2186/1265
f 2534/2887/1393 2536/2889/1296 1862/2187/1265
f 2534/2887/1393 1862/2187/1265 1836/2161/1264
f 2535/2888/1295 2533/2886/1293 1837/2162/1274
f 2535/2888/1295 1837/2162/1274 1863/2188/1265
f 2103/2430/1331 2101/2428/1329 1864/2189/1265
f 2103/2430/1331 1864/2189/1265 1838/2163/1264
f 2605/2960/1448 2603/2958/1446 1865/2190/1266
f 2605/2960/1448 1865/2190/1266 1839/2164/1265
f 2141/2472/1297 2139/2470/1295 1840/2165/1265
f 2141/2472/1297 1840/2165/1265 1866/2191/1266
f 2140/2471/1296 2142/2473/1298 1867/2192/1266
f 2140/2471/1296 1867/2192/1266 1841/2166/1265
f 2172/2503/1328 2174/2505/1330 1842/2167/1265
f 2172/2503/1328 1842/2167/1265 1868/2193/1266
f 2173/2504/1329 2171/2502/1327 1869/2194/1266
f 2173/2504/1329 1869/2194/1266 1843/2168/1265
f 2213/2548/1297 2211/2546/1295 1844/2169/1265
f 2213/2548/1297 1844/2169/1265 1870/2195/1266
f 2212/2547/1296 2214/2549/1298 1871/2196/1266
f 2212/2547/1296 1871/2196/1266 1845/2170/1265
f 2244/2579/1328 2246/2581/1330 1846/2171/1265
f 2244/2579/1328 1846/2171/1265 1872/2197/1266
f 2245/2580/1329 2243/2578/1327 1873/2198/1266
f 2245/2580/1329 1873/2198/1266 1847/2172/1265
f 2285/2624/1297 2283/2622/1295 1848/2173/1265
f 2285/2624/1297 1848/2173/1265 1874/2199/1266
f 2284/2623/1296 2286/2625/1298 1875/2200/1266
f 2284/2623/1296 1875/2200/1266 1849/2174/1265
f 2316/2655/1328 2318/2657/1330 1850/2175/1265
f 2316/2655/1328 1850/2175/1265 1876/2201/1266
f 2317/2656/1329 2315/2654/1327 1877/2202/1266
f 2317/2656/1329 1877/2202/1266 1851/2176/1265
f 2069/2396/1297 2067/2394/1295 1852/2177/1265
f 2069/2396/1297 1852/2177/1265 1878/2203/1266
f 2352/2693/1374 2354/2695/1376 1853/2178/1265
f 2352/2693/1374 1853/2178/1265 1879/2204/1266
f 2392/2737/1296 2394/2739/1298 1880/2205/1266
f 2392/2737/1296 1880/2205/1266 1854/2179/1265
f 2393/2738/1297 2391/2736/1295 1855/2180/1265
f 2393/2738/1297 1855/2180/1265 1881/2206/1266
f 2425/2770/1329 2423/2768/1327 1882/2207/1266
f 2425/2770/1329 1882/2207/1266 1856/2181/1265
f 2424/2769/1328 2426/2771/1330 1857/2182/1265
f 2424/2769/1328 1857/2182/1265 1883/2208/1266
f 2464/2813/1296 2466/2815/1298 1884/2209/1266
f 2464/2813/1296 1884/2209/1266 1858/2183/1265
f 2465/2814/1297 2463/2812/1295 1859/2184/1265
f 2465/2814/1297 1859/2184/1265 1885/2210/1266
f 2497/2846/1329 2495/2844/1327 1886/2211/1266
f 2497/2846/1329 1886/2211/1266 1860/2185/1265
f 2496/2845/1328 2498/2847/1330 1861/2186/1265
f 2496/2845/1328 1861/2186/1265 1887/2212/1266
f 2536/2889/1296 2538/2891/1298 1888/2213/1266
f 2536/2889/1296 1888/2213/1266 1862/2187/1265
f 2537/2890/1297 2535/2888/1295 1863/2188/1265
f 2537/2890/1297 1863/2188/1265 1889/2214/1266
f 2101/2428/1329 2099/2426/1327 1890/2215/1266
f 2101/2428/1329 1890/2215/1266 1864/2189/1265
f 2603/2958/1446 2601/2956/1444 1891/2216/1267
f 2603/2958/1446 1891/2216/1267 1865/2190/1266
f 2143/2474/1299 2141/2472/1297 1866/2191/1266
f 2143/2474/1299 1866/2191/1266 1892/2217/1267
f 2142/2473/1298 2144/2475/1300 1893/2218/1267
f 2142/2473/1298 1893/2218/1267 1867/2192/1266
f 2170/2501/1326 2172/2503/1328 1868/2193/1266
f 2170/2501/1326 1868/2193/1266 1894/2219/1267
f 2171/2502/1327 2169/2500/1325 1895/2220/1267
f 2171/2502/1327 1895/2220/1267 1869/2194/1266
f 2215/2550/1299 2213/2548/1297 1870/2195/1266
f 2215/2550/1299 1870/2195/1266 1896/2221/1267
f 2214/2549/1298 2216/2551/1300 1897/2222/1267
f 2214/2549/1298 1897/2222/1267 1871/2196/1266
f 2242/2577/1354 2244/2579/1328 1872/2197/1266
f 2242/2577/1354 1872/2197/1266 1898/2223/1267
f 2243/2578/1327 2241/2576/1325 1899/2224/1267
f 2243/2578/1327 1899/2224/1267 1873/2198/1266
f 2287/2626/1299 2285/2624/1297 1874/2199/1266
f 2287/2626/1299 1874/2199/1266 1900/2225/1267
f 2286/2625/1298 2288/2627/1300 1901/2226/1267
f 2286/2625/1298 1901/2226/1267 1875/2200/1266
f 2314/2653/1354 2316/2655/1328 1876/2201/1266
f 2314/2653/1354 1876/2201/1266 1902/2227/1267
f 2315/2654/1327 2313/2652/1325 1903/2228/1267
f 2315/2654/1327 1903/2228/1267 1877/2202/1266
f 2071/2398/1299 2069/2396/1297 1878/2203/1266
f 2071/2398/1299 1878/2203/1266 1904/2229/1267
f 2350/2691/1372 2352/2693/1374 1879/2204/1266
f 2350/2691/1372 1879/2204/1266 1905/2230/1267
f 2394/2739/1298 2396/2741/1300 1906/2231/1267
f 2394/2739/1298 1906/2231/1267 1880/2205/1266
f 2395/2740/1299 2393/2738/1297 1881/2206/1266
f 2395/2740/1299 1881/2206/1266 1907/2232/1267
f 2423/2768/1327 2421/2766/1325 1908/2233/1267
f 2423/2768/1327 1908/2233/1267 1882/2207/1266
f 2422/2767/1326 2424/2769/1328 1883/2208/1266
f 2422/2767/1326 1883/2208/1266 1909/2234/1267
f 2466/2815/1298 2468/2817/1300 1910/2235/1267
f 2466/2815/1298 1910/2235/1267 1884/2209/1266
f 2467/2816/1299 2465/2814/1297 1885/2210/1266
f 2467/2816/1299 1885/2210/1266 1911/2236/1267
f 2495/2844/1327 2493/2842/1325 1912/2237/1267
f 2495/2844/1327 1912/2237/1267 1886/2211/1266
f 2494/2843/1326 2496/2845/1328 1887/2212/1266
f 2494/2843/1326 1887/2212/1266 1913/2238/1267
f 2538/2891/1298 2540/2893/1300 1914/2239/1267
f 2538/2891/1298 1914/2239/1267 1888/2213/1266
f 2539/2892/1299 2537/2890/1297 1889/2214/1266
f 2539/2892/1299 1889/2214/1266 1915/2240/1267
f 2099/2426/1327 2097/2424/1325 1916/2241/1267
f 2099/2426/1327 1916/2241/1267 1890/2215/1266
f 2601/2956/1444 2599/2954/1442 1917/2242/1268
f 2601/2956/1444 1917/2242/1268 1891/2216/1267
f 2145/2476/1301 2143/2474/1299 1892/2217/1267
f 2145/2476/1301 1892/2217/1267 1918/2243/1268
f 2144/2475/1300 2146/2477/1302 1919/2244/1268
f 2144/2475/1300 1919/2244/1268 1893/2218/1267
f 2168/2499/1324 2170/2501/1326 1894/2219/1267
f 2168/2499/1324 1894/2219/1267 1920/2245/1268
f 2169/2500/1325 2167/2498/1323 1921/2246/1268
f 2169/2500/1325 1921/2246/1268 1895/2220/1267
f 2217/2552/1301 2215/2550/1299 1896/2221/1267
f 2217/2552/1301 1896/2221/1267 1922/2247/1268
f 2216/2551/1300 2218/2553/1302 1923/2248/1268
f 2216/2551/1300 1923/2248/1268 1897/2222/1267
f 2240/2575/1324 2242/2577/1354 1898/2223/1267
f 2240/2575/1324 1898/2223/1267 1924/2249/1268
f 2241/2576/1325 2239/2574/1323 1925/2250/1268
f 2241/2576/1325 1925/2250/1268 1899/2224/1267
f 2289/2628/1301 2287/2626/1299 1900/2225/1267
f 2289/2628/1301 1900/2225/1267 1926/2251/1268
f 2288/2627/1300 2290/2629/1302 1927/2252/1268
f 2288/2627/1300 1927/2252/1268 1901/2226/1267
f 2312/2651/1324 2314/2653/1354 1902/2227/1267
f 2312/2651/1324 1902/2227/1267 1928/2253/1268
f 2313/2652/1325 2311/2650/1323 1929/2254/1268
f 2313/2652/1325 1929/2254/1268 1903/2228/1267
f 2073/2400/1301 2071/2398/1299 1904/2229/1267
f 2073/2400/1301 1904/2229/1267 1930/2255/1268
f 2348/2689/1370 2350/2691/1372 1905/2230/1267
f 2348/2689/1370 1905/2230/1267 1931/2256/1268
f 2396/2741/1300 2398/2743/1302 1932/2257/1268
f 2396/2741/1300 1932/2257/1268 1906/2231/1267
f 2397/2742/1301 2395/2740/1299 1907/2232/1267
f 2397/2742/1301 1907/2232/1267 1933/2258/1268
f 2421/2766/1325 2419/2764/1323 1934/2259/1268
f 2421/2766/1325 1934/2259/1268 1908/2233/1267
f 2420/2765/1324 2422/2767/1326 1909/2234/1267
f 2420/2765/1324 1909/2234/1267 1935/2260/1268
f 2468/2817/1300 2470/2819/1302 1936/2261/1268
f 2468/2817/1300 1936/2261/1268 1910/2235/1267
f 2469/2818/1301 2467/2816/1299 1911/2236/1267
f 2469/2818/1301 1911/2236/1267 1937/2262/1268
f 2493/2842/1325 2491/2840/1323 1938/2263/1268
f 2493/2842/1325 1938/2263/1268 1912/2237/1267
f 2492/2841/1324 2494/2843/1326 1913/2238/1267
f 2492/2841/1324 1913/2238/1267 1939/2264/1268
f 2540/2893/1300 2542/2895/1302 1940/2265/1268
f 2540/2893/1300 1940/2265/1268 1914/2239/1267
f 2541/2894/1301 2539/2892/1299 1915/2240/1267
f 2541/2894/1301 1915/2240/1267 1941/2266/1268
f 2097/2424/1325 2095/2422/1323 1942/2267/1268
f 2097/2424/1325 1942/2267/1268 1916/2241/1267
f 2599/2954/1442 2597/2952/1440 1943/2268/1269
f 2599/2954/1442 1943/2268/1269 1917/2242/1268
f 2147/2478/1303 2145/2476/1301 1918/2243/1268
f 2147/2478/1303 1918/2243/1268 1944/2269/1269
f 2146/2477/1302 2148/2479/1304 1945/2270/1269
f 2146/2477/1302 1945/2270/1269 1919/2244/1268
f 2166/2497/1322 2168/2499/1324 1920/2245/1268
f 2166/2497/1322 1920/2245/1268 1946/2271/1269
f 2167/2498/1323 2165/2496/1321 1947/2272/1269
f 2167/2498/1323 1947/2272/1269 1921/2246/1268
f 2219/2554/1303 2217/2552/1301 1922/2247/1268
f 2219/2554/1303 1922/2247/1268 1948/2273/1269
f 2218/2553/1302 2220/2555/1304 1949/2274/1269
f 2218/2553/1302 1949/2274/1269 1923/2248/1268
f 2238/2573/1322 2240/2575/1324 1924/2249/1268
f 2238/2573/1322 1924/2249/1268 1950/2275/1269
f 2239/2574/1323 2237/2572/1321 1951/2276/1269
f 2239/2574/1323 1951/2276/1269 1925/2250/1268
f 2291/2630/1303 2289/2628/1301 1926/2251/1268
f 2291/2630/1303 1926/2251/1268 1952/2277/1269
f 2290/2629/1302 2292/2631/1304 1953/2278/1269
f 2290/2629/1302 1953/2278/1269 1927/2252/1268
f 2310/2649/1322 2312/2651/1324 1928/2253/1268
f 2310/2649/1322 1928/2253/1268 1954/2279/1269
f 2311/2650/1323 2309/2648/1321 1955/2280/1269
f 2311/2650/1323 1955/2280/1269 1929/2254/1268
f 2075/2402/1303 2073/2400/1301 1930/2255/1268
f 2075/2402/1303 1930/2255/1268 1956/2281/1269
f 2346/2687/1368 2348/2689/1370 1931/2256/1268
f 2346/2687/1368 1931/2256/1268 1957/2282/1269
f 2398/2743/1302 2400/2745/1304 1958/2283/1269
f 2398/2743/1302 1958/2283/1269 1932/2257/1268
f 2399/2744/1303 2397/2742/1301 1933/2258/1268
f 2399/2744/1303 1933/2258/1268 1959/2284/1269
f 2419/2764/1323 2417/2762/1321 1960/2285/1269
f 2419/2764/1323 1960/2285/1269 1934/2259/1268
f 2418/2763/1322 2420/2765/1324 1935/2260/1268
f 2418/2763/1322 1935/2260/1268 1961/2286/1269
f 2470/2819/1302 2472/2821/1304 1962/2287/1269
f 2470/2819/1302 1962/2287/1269 1936/2261/1268
f 2471/2820/1303 2469/2818/1301 1937/2262/1268
f 2471/2820/1303 1937/2262/1268 1963/2288/1269
f 2491/2840/1323 2489/2838/1321 1964/2289/1269
f 2491/2840/1323 1964/2289/1269 1938/2263/1268
f 2490/2839/1322 2492/2841/1324 1939/2264/1268
f 2490/2839/1322 1939/2264/1268 1965/2290/1269
f 2542/2895/1302 2544/2897/1304 1966/2291/1269
f 2542/2895/1302 1966/2291/1269 1940/2265/1268
f 2543/2896/1303 2541/2894/1301 1941/2266/1268
f 2543/2896/1303 1941/2266/1268 1967/2292/1269
f 2095/2422/1323 2093/2420/1321 1968/2293/1269
f 2095/2422/1323 1968/2293/1269 1942/2267/1268
f 2597/2952/1440 2595/2950/1438 1969/2294/1270
f 2597/2952/1440 1969/2294/1270 1943/2268/1269
f 2149/2480/1305 2147/2478/1303 1944/2269/1269
f 2149/2480/1305 1944/2269/1269 1970/2295/1270
f 2148/2479/1304 2150/2481/1306 1971/2296/1270
f 2148/2479/1304 1971/2296/1270 1945/2270/1269
f 2164/2495/1350 2166/2497/1322 1946/2271/1269
f 2164/2495/1350 1946/2271/1269 1972/2297/1270
f 2165/2496/1321 2163/2494/1319 1973/2298/1270
f 2165/2496/1321 1973/2298/1270 1947/2272/1269
f 2221/2556/1305 2219/2554/1303 1948/2273/1269
f 2221/2556/1305 1948/2273/1269 1974/2299/1270
f 2220/2555/1304 2222/2557/1306 1975/2300/1270
f 2220/2555/1304 1975/2300/1270 1949/2274/1269
f 2236/2571/1350 2238/2573/1322 1950/2275/1269
f 2236/2571/1350 1950/2275/1269 1976/2301/1270
f 2237/2572/1321 2235/2570/1319 1977/2302/1270
f 2237/2572/1321 1977/2302/1270 1951/2276/1269
f 2293/2632/1305 2291/2630/1303 1952/2277/1269
f 2293/2632/1305 1952/2277/1269 1978/2303/1270
f 2292/2631/1304 2294/2633/1306 1979/2304/1270
f 2292/2631/1304 1979/2304/1270 1953/2278/1269
f 2308/2647/1350 2310/2649/1322 1954/2279/1269
f 2308/2647/1350 1954/2279/1269 1980/2305/1270
f 2309/2648/1321 2307/2646/1319 1981/2306/1270
f 2309/2648/1321 1981/2306/1270 1955/2280/1269
f 2077/2404/1305 2075/2402/1303 1956/2281/1269
f 2077/2404/1305 1956/2281/1269 1982/2307/1270
f 2344/2685/1366 2346/2687/1368 1957/2282/1269
f 2344/2685/1366 1957/2282/1269 1983/2308/1270
f 2400/2745/1304 2402/2747/1306 1984/2309/1270
f 2400/2745/1304 1984/2309/1270 1958/2283/1269
f 2401/2746/1305 2399/2744/1303 1959/2284/1269
f 2401/2746/1305 1959/2284/1269 1985/2310/1270
f 2417/2762/1321 2415/2760/1319 1986/2311/1270
f 2417/2762/1321 1986/2311/1270 1960/2285/1269
f 2416/2761/1320 2418/2763/1322 1961/2286/1269
f 2416/2761/1320 1961/2286/1269 1987/2312/1270
f 2472/2821/1304 2474/2823/1306 1988/2313/1270
f 2472/2821/1304 1988/2313/1270 1962/2287/1269
f 2473/2822/1305 2471/2820/1303 1963/2288/1269
f 2473/2822/1305 1963/2288/1269 1989/2314/1270
f 2489/2838/1321 2487/2836/1319 1990/2315/1270
f 2489/2838/1321 1990/2315/1270 1964/2289/1269
f 2488/2837/1320 2490/2839/1322 1965/2290/1269
f 2488/2837/1320 1965/2290/1269 1991/2316/1270
f 2544/2897/1304 2546/2899/1306 1992/2317/1270
f 2544/2897/1304 1992/2317/1270 1966/2291/1269
f 2545/2898/1305 2543/2896/1303 1967/2292/1269
f 2545/2898/1305 1967/2292/1269 1993/2318/1270
f 2093/2420/1321 2091/2418/1319 1994/2319/1270
f 2093/2420/1321 1994/2319/1270 1968/2293/1269
f 2595/2950/1438 2593/2948/1436 1995/2320/1271
f 2595/2950/1438 1995/2320/1271 1969/2294/1270
f 2151/2482/1307 2149/2480/1305 1970/2295/1270
f 2151/2482/1307 1970/2295/1270 1996/2321/1271
f 2150/2481/1306 2152/2483/1308 1997/2322/1271
f 2150/2481/1306 1997/2322/1271 1971/2296/1270
f 2162/2493/1318 2164/2495/1350 1972/2297/1270
f 2162/2493/1318 1972/2297/1270 1998/2323/1271
f 2163/2494/1319 2161/2492/1317 1999/2324/1271
f 2163/2494/1319 1999/2324/1271 1973/2298/1270
f 2223/2558/1307 2221/2556/1305 1974/2299/1270
f 2223/2558/1307 1974/2299/1270 2000/2325/1271
f 2222/2557/1306 2224/2559/1308 2001/2326/1271
f 2222/2557/1306 2001/2326/1271 1975/2300/1270
f 2234/2569/1318 2236/2571/1350 1976/2301/1270
f 2234/2569/1318 1976/2301/1270 2002/2327/1271
f 2235/2570/1319 2233/2568/1317 2003/2328/1271
f 2235/2570/1319 2003/2328/1271 1977/2302/1270
f 2295/2634/1307 2293/2632/1305 1978/2303/1270
f 2295/2634/1307 1978/2303/1270 2004/2329/1271
f 2294/2633/1306 2296/2635/1308 2005/2330/1271
f 2294/2633/1306 2005/2330/1271 1979/2304/1270
f 2306/2645/1318 2308/2647/1350 1980/2305/1270
f 2306/2645/1318 1980/2305/1270 2006/2331/1271
f 2307/2646/1319 2305/2644/1317 2007/2332/1271
f 2307/2646/1319 2007/2332/1271 1981/2306/1270
f 2079/2406/1307 2077/2404/1305 1982/2307/1270
f 2079/2406/1307 1982/2307/1270 2008/2333/1271
f 2342/2683/1364 2344/2685/1366 1983/2308/1270
f 2342/2683/1364 1983/2308/1270 2009/2334/1271
f 2402/2747/1306 2404/2749/1308 2010/2335/1271
f 2402/2747/1306 2010/2335/1271 1984/2309/1270
f 2403/2748/1307 2401/2746/1305 1985/2310/1270
f 2403/2748/1307 1985/2310/1270 2011/2336/1271
f 2415/2760/1319 2413/2758/1317 2012/2337/1271
f 2415/2760/1319 2012/2337/1271 1986/2311/1270
f 2414/2759/1318 2416/2761/1320 1987/2312/1270
f 2414/2759/1318 1987/2312/1270 2013/2338/1271
f 2474/2823/1306 2476/2825/1308 2014/2339/1271
f 2474/2823/1306 2014/2339/1271 1988/2313/1270
f 2475/2824/1307 2473/2822/1305 1989/2314/1270
f 2475/2824/1307 1989/2314/1270 2015/2340/1271
f 2487/2836/1319 2485/2834/1317 2016/2341/1271
f 2487/2836/1319 2016/2341/1271 1990/2315/1270
f 2486/2835/1318 2488/2837/1320 1991/2316/1270
f 2486/2835/1318 1991/2316/1270 2017/2342/1271
f 2546/2899/1306 2548/2901/1308 2018/2343/1271
f 2546/2899/1306 2018/2343/1271 1992/2317/1270
f 2547/2900/1307 2545/2898/1305 1993/2318/1270
f 2547/2900/1307 1993/2318/1270 2019/2344/1271
f 2091/2418/1319 2089/2416/1317 2020/2345/1271
f 2091/2418/1319 2020/2345/1271 1994/2319/1270
f 2593/2948/1436 2591/2946/1434 2021/2346/1272
f 2593/2948/1436 2021/2346/1272 1995/2320/1271
f 2153/2484/1309 2151/2482/1307 1996/2321/1271
f 2153/2484/1309 1996/2321/1271 2022/2347/1272
f 2152/2483/1308 2154/2485/1310 2023/2348/1272
f 2152/2483/1308 2023/2348/1272 1997/2322/1271
f 2160/2491/1316 2162/2493/1318 1998/2323/1271
f 2160/2491/1316 1998/2323/1271 2024/2349/1272
f 2161/2492/1317 2159/2490/1315 2025/2350/1272
f 2161/2492/1317 2025/2350/1272 1999/2324/1271
f 2225/2560/1309 2223/2558/1307 2000/2325/1271
f 2225/2560/1309 2000/2325/1271 2026/2351/1272
f 2224/2559/1308 2226/2561/1310 2027/2352/1272
f 2224/2559/1308 2027/2352/1272 2001/2326/1271
f 2232/2567/1316 2234/2569/1318 2002/2327/1271
f 2232/2567/1316 2002/2327/1271 2028/2353/1272
f 2233/2568/1317 2231/2566/1315 2029/2354/1272
f 2233/2568/1317 2029/2354/1272 2003/2328/1271
f 2297/2636/1309 2295/2634/1307 2004/2329/1271
f 2297/2636/1309 2004/2329/1271 2030/2355/1272
f 2296/2635/1308 2298/2637/1310 2031/2356/1272
f 2296/2635/1308 2031/2356/1272 2005/2330/1271
f 2304/2643/1316 2306/2645/1318 2006/2331/1271
f 2304/2643/1316 2006/2331/1271 2032/2357/1272
f 2305/2644/1317 2303/2642/1315 2033/2358/1272
f 2305/2644/1317 2033/2358/1272 2007/2332/1271
f 2081/2408/1309 2079/2406/1307 2008/2333/1271
f 2081/2408/1309 2008/2333/1271 2034/2359/1272
f 2340/2681/1362 2342/2683/1364 2009/2334/1271
f 2340/2681/1362 2009/2334/1271 2035/2360/1272
f 2404/2749/1308 2406/2751/1310 2036/2361/1272
f 2404/2749/1308 2036/2361/1272 2010/2335/1271
f 2405/2750/1309 2403/2748/1307 2011/2336/1271
f 2405/2750/1309 2011/2336/1271 2037/2362/1272
f 2413/2758/1317 2411/2756/1315 2038/2363/1272
f 2413/2758/1317 2038/2363/1272 2012/2337/1271
f 2412/2757/1316 2414/2759/1318 2013/2338/1271
f 2412/2757/1316 2013/2338/1271 2039/2364/1272
f 2476/2825/1308 2478/2827/1310 2040/2365/1272
f 2476/2825/1308 2040/2365/1272 2014/2339/1271
f 2477/2826/1309 2475/2824/1307 2015/2340/1271
f 2477/2826/1309 2015/2340/1271 2041/2366/1272
f 2485/2834/1317 2483/2832/1315 2042/2367/1272
f 2485/2834/1317 2042/2367/1272 2016/2341/1271
f 2484/2833/1316 2486/2835/1318 2017/2342/1271
f 2484/2833/1316 2017/2342/1271 2043/2368/1272
f 2548/2901/1308 2550/2903/1310 2044/2369/1272
f 2548/2901/1308 2044/2369/1272 2018/2343/1271
f 2549/2902/1309 2547/2900/1307 2019/2344/1271
f 2549/2902/1309 2019/2344/1271 2045/2370/1272
f 2089/2416/1317 2087/2414/1315 2046/2371/1272
f 2089/2416/1317 2046/2371/1272 2020/2345/1271
f 2591/2946/1434 2588/2943/1431 1579/1878/1255
f 2591/2946/1434 1579/1878/1255 2021/2346/1272
f 2119/2448/1347 2153/2484/1309 2022/2347/1272
f 2119/2448/1347 2022/2347/1272 1582/1881/1273
f 2154/2485/1310 2122/2451/1278 1583/1882/1255
f 2154/2485/1310 1583/1882/1255 2023/2348/1272
f 2157/2488/1349 2160/2491/1316 2024/2349/1272
f 2157/2488/1349 2024/2349/1272 1586/1885/1255
f 2159/2490/1315 2156/2487/1312 1587/1886/1255
f 2159/2490/1315 1587/1886/1255 2025/2350/1272
f 2191/2524/1347 2225/2560/1309 2026/2351/1272
f 2191/2524/1347 2026/2351/1272 1590/1889/1255
f 2226/2561/1310 2194/2527/1278 1591/1890/1255
f 2226/2561/1310 1591/1890/1255 2027/2352/1272
f 2229/2564/1349 2232/2567/1316 2028/2353/1272
f 2229/2564/1349 2028/2353/1272 1594/1893/1255
f 2231/2566/1315 2228/2563/1312 1595/1894/1255
f 2231/2566/1315 1595/1894/1255 2029/2354/1272
f 2263/2600/1347 2297/2636/1309 2030/2355/1272
f 2263/2600/1347 2030/2355/1272 1598/1897/1255
f 2298/2637/1310 2266/2603/1355 1599/1898/1255
f 2298/2637/1310 1599/1898/1255 2031/2356/1272
f 2301/2640/1349 2304/2643/1316 2032/2357/1272
f 2301/2640/1349 2032/2357/1272 1602/1901/1255
f 2303/2642/1315 2300/2639/1312 1603/1902/1255
f 2303/2642/1315 1603/1902/1255 2033/2358/1272
f 2047/2372/1275 2081/2408/1309 2034/2359/1272
f 2047/2372/1275 2034/2359/1272 1606/1905/1255
f 2337/2678/1359 2340/2681/1362 2035/2360/1272
f 2337/2678/1359 2035/2360/1272 1608/1907/1255
f 2406/2751/1310 2374/2717/1278 1609/1908/1273
f 2406/2751/1310 1609/1908/1273 2036/2361/1272
f 2371/2714/1347 2405/2750/1309 2037/2362/1272
f 2371/2714/1347 2037/2362/1272 1612/1911/1255
f 2411/2756/1315 2408/2753/1312 1613/1912/1255
f 2411/2756/1315 1613/1912/1255 2038/2363/1272
f 2409/2754/1349 2412/2757/1316 2039/2364/1272
f 2409/2754/1349 2039/2364/1272 1616/1915/1255
f 2478/2827/1310 2446/2793/1278 1617/1916/1255
f 2478/2827/1310 1617/1916/1255 2040/2365/1272
f 2443/2790/1275 2477/2826/1309 2041/2366/1272
f 2443/2790/1275 2041/2366/1272 1620/1919/1255
f 2483/2832/1315 2480/2829/1312 1621/1920/1255
f 2483/2832/1315 1621/1920/1255 2042/2367/1272
f 2481/2830/1349 2484/2833/1316 2043/2368/1272
f 2481/2830/1349 2043/2368/1272 1624/1923/1255
f 2550/2903/1310 2518/2869/1355 1625/1924/1255
f 2550/2903/1310 1625/1924/1255 2044/2369/1272
f 2515/2866/1347 2549/2902/1309 2045/2370/1272
f 2515/2866/1347 2045/2370/1272 1628/1927/1255
f 2087/2414/1315 2084/2411/1312 1629/1928/1255
f 2087/2414/1315 1629/1928/1255 2046/2371/1272
f 2590/2945/1433 2589/2944/1432 2554/2907/1397
f 2590/2945/1433 2554/2907/1397 2553/2906/1396
f 2622/2979/1465 2590/2945/1433 2553/2906/1396
f 2622/2979/1465 2553/2906/1396 2556/2909/1399
f 2620/2975/1463 2622/2977/1465 2556/2913/1399
f 2620/2975/1463 2556/2913/1399 2558/2912/1401
f 2618/2973/1461 2620/2975/1463 2558/2912/1401
f 2618/2973/1461 2558/2912/1401 2560/2915/1403
f 2616/2971/1459 2618/2973/1461 2560/2915/1403
f 2616/2971/1459 2560/2915/1403 2562/2917/1405
f 2614/2969/1457 2616/2971/1459 2562/2917/1405
f 2614/2969/1457 2562/2917/1405 2564/2919/1407
f 2612/2967/1455 2614/2969/1457 2564/2919/1407
f 2612/2967/1455 2564/2919/1407 2566/2921/1409
f 2610/2965/1453 2612/2967/1455 2566/2921/1409
f 2610/2965/1453 2566/2921/1409 2568/2923/1411
f 2608/2963/1451 2610/2965/1453 2568/2923/1411
f 2608/2963/1451 2568/2923/1411 2570/2925/1413
f 2606/2961/1449 2608/2963/1451 2570/2925/1413
f 2606/2961/1449 2570/2925/1413 2572/2927/1415
f 2604/2959/1447 2606/2961/1449 2572/2927/1415
f 2604/2959/1447 2572/2927/1415 2574/2929/1417
f 2602/2957/1445 2604/2959/1447 2574/2929/1417
f 2602/2957/1445 2574/2929/1417 2576/2931/1419
f 2600/2955/1443 2602/2957/1445 2576/2931/1419
f 2600/2955/1443 2576/2931/1419 2578/2933/1421
f 2598/2953/1441 2600/2955/1443 2578/2933/1421
f 2598/2953/1441 2578/2933/1421 2580/2935/1423
f 2596/2951/1439 2598/2953/1441 2580/2935/1423
f 2596/2951/1439 2580/2935/1423 2582/2937/1425
f 2594/2949/1437 2596/2951/1439 2582/2937/1425
f 2594/2949/1437 2582/2937/1425 2584/2939/1427
f 2592/2947/1435 2594/2949/1437 2584/2939/1427
f 2592/2947/1435 2584/2939/1427 2586/2941/1429
f 2589/2944/1432 2592/2947/1435 2586/2941/1429
f 2589/2944/1432 2586/2941/1429 2554/2907/1397
f 1400/1689/1147 1399/1688/1146 3056/3449/1892
f 1400/1689/1147 3056/3449/1892 3057/3450/1893
f 1399/1688/1146 1401/1690/1148 3058/3451/1894
f 1399/1688/1146 3058/3451/1894 3056/3449/1892
f 1401/1692/1148 1402/1691/1149 3059/3452/1895
f 1401/1692/1148 3059/3452/1895 3058/3453/1894
f 1402/1691/1149 1403/1693/1150 3060/3454/1896
f 1402/1691/1149 3060/3454/1896 3059/3452/1895
f 1403/1693/1150 1404/1694/1151 3061/3455/1897
f 1403/1693/1150 3061/3455/1897 3060/3454/1896
f 1404/1694/1151 1405/1695/1152 3062/3456/1898
f 1404/1694/1151 3062/3456/1898 3061/3455/1897
f 1405/1695/1152 1406/1696/1153 3063/3457/1899
f 1405/1695/1152 3063/3457/1899 3062/3456/1898
f 1406/1696/1153 1407/1697/1154 3064/3458/1900
f 1406/1696/1153 3064/3458/1900 3063/3457/1899
f 1407/1697/1154 1408/1698/1155 3065/3459/1901
f 1407/1697/1154 3065/3459/1901 3064/3458/1900
f 1408/1698/1155 1409/1699/1156 3066/3460/1902
f 1408/1698/1155 3066/3460/1902 3065/3459/1901
f 1409/1699/1156 1410/1700/1157 3067/3461/1903
f 1409/1699/1156 3067/3461/1903 3066/3460/1902
f 1410/1700/1157 1411/1701/1158 3068/3462/1904
f 1410/1700/1157 3068/3462/1904 3067/3461/1903
f 1411/1701/1158 1412/1702/1159 3069/3463/1905
f 1411/1701/1158 3069/3463/1905 3068/3462/1904
f 1412/1702/1159 1413/1703/1160 3070/3464/1906
f 1412/1702/1159 3070/3464/1906 3069/3463/1905
f 1413/1703/1160 1414/1704/1161 3071/3465/1907
f 1413/1703/1160 3071/3465/1907 3070/3464/1906
f 1414/1704/1161 1415/1705/1162 3072/3466/1908
f 1414/1704/1161 3072/3466/1908 3071/3465/1907
f 1415/1705/1162 1416/1706/1163 3073/3467/1909
f 1415/1705/1162 3073/3467/1909 3072/3466/1908
f 1416/1706/1163 1400/1689/1147 3057/3450/1893
f 1416/1706/1163 3057/3450/1893 3073/3467/1909
f 3057/3450/1893 3056/3449/1892 3074/3468/1910
f 3057/3450/1893 3074/3468/1910 3075/3469/1911
f 3056/3449/1892 3058/3451/1894 3076/3470/1912
f 3056/3449/1892 3076/3470/1912 3074/3468/1910
f 3058/3453/1894 3059/3452/1895 3077/3471/1913
f 3058/3453/1894 3077/3471/1913 3076/3472/1912
f 3059/3452/1895 3060/3454/1896 3078/3473/1914
f 3059/3452/1895 3078/3473/1914 3077/3471/1913
f 3060/3454/1896 3061/3455/1897 3079/3474/1915
f 3060/3454/1896 3079/3474/1915 3078/3473/1914
f 3061/3455/1897 3062/3456/1898 3080/3475/1916
f 3061/3455/1897 3080/3475/1916 3079/3474/1915
f 3062/3456/1898 3063/3457/1899 3081/3476/1917
f 3062/3456/1898 3081/3476/1917 3080/3475/1916
f 3063/3457/1899 3064/3458/1900 3082/3477/1918
f 3063/3457/1899 3082/3477/1918 3081/3476/1917
f 3064/3458/1900 3065/3459/1901 3083/3478/1919
f 3064/3458/1900 3083/3478/1919 3082/3477/1918
f 3065/3459/1901 3066/3460/1902 3084/3479/1920
f 3065/3459/1901 3084/3479/1920 3083/3478/1919
f 3066/3460/1902 3067/3461/1903 3085/3480/1921
f 3066/3460/1902 3085/3480/1921 3084/3479/1920
f 3067/3461/1903 3068/3462/1904 3086/3481/1922
f 3067/3461/1903 3086/3481/1922 3085/3480/1921
f 3068/3462/1904 3069/3463/1905 3087/3482/1923
f 3068/3462/1904 3087/3482/1923 3086/3481/1922
f 3069/3463/1905 3070/3464/1906 3088/3483/1924
f 3069/3463/1905 3088/3483/1924 3087/3482/1923
f 3070/3464/1906 3071/3465/1907 3089/3484/1925
f 3070/3464/1906 3089/3484/1925 3088/3483/1924
f 3071/3465/1907 3072/3466/1908 3090/3485/1926
f 3071/3465/1907 3090/3485/1926 3089/3484/1925
f 3072/3466/1908 3073/3467/1909 3091/3486/1927
f 3072/3466/1908 3091/3486/1927 3090/3485/1926
f 3073/3467/1909 3057/3450/1893 3075/3469/1911
f 3073/3467/1909 3075/3469/1911 3091/3486/1927
f 3075/3469/1911 3074/3468/1910 3092/3487/1928
f 3075/3469/1911 3092/3487/1928 3093/3488/1929
f 3074/3468/1910 3076/3470/1912 3094/3489/1930
f 3074/3468/1910 3094/3489/1930 3092/3487/1928
f 3076/3472/1912 3077/3471/1913 3095/3490/1931
f 3076/3472/1912 3095/3490/1931 3094/3491/1930
f 3077/3471/1913 3078/3473/1914 3096/3492/1932
f 3077/3471/1913 3096/3492/1932 3095/3490/1931
f 3078/3473/1914 3079/3474/1915 3097/3493/1933
f 3078/3473/1914 3097/3493/1933 3096/3492/1932
f 3079/3474/1915 3080/3475/1916 3098/3494/1934
f 3079/3474/1915 3098/3494/1934 3097/3493/1933
f 3080/3475/1916 3081/3476/1917 3099/3495/1935
f 3080/3475/1916 3099/3495/1935 3098/3494/1934
f 3081/3476/1917 3082/3477/1918 3100/3496/1936
f 3081/3476/1917 3100/3496/1936 3099/3495/1935
f 3082/3477/1918 3083/3478/1919 3101/3497/1937
f 3082/3477/1918 3101/3497/1937 3100/3496/1936
f 3083/3478/1919 3084/3479/1920 3102/3498/1938
f 3083/3478/1919 3102/3498/1938 3101/3497/1937
f 3084/3479/1920 3085/3480/1921 3103/3499/1939
f 3084/3479/1920 3103/3499/1939 3102/3498/1938
f 3085/3480/1921 3086/3481/1922 3104/3500/1940
f 3085/3480/1921 3104/3500/1940 3103/3499/1939
f 3086/3481/1922 3087/3482/1923 3105/3501/1941
f 3086/3481/1922 3105/3501/1941 3104/3500/1940
f 3087/3482/1923 3088/3483/1924 3106/3502/1942
f 3087/3482/1923 3106/3502/1942 3105/3501/1941
f 3088/3483/1924 3089/3484/1925 3107/3503/1943
f 3088/3483/1924 3107/3503/1943 3106/3502/1942
f 3089/3484/1925 3090/3485/1926 3108/3504/1944
f 3089/3484/1925 3108/3504/1944 3107/3503/1943
f 3090/3485/1926 3091/3486/1927 3109/3505/1945
f 3090/3485/1926 3109/3505/1945 3108/3504/1944
f 3091/3486/1927 3075/3469/1911 3093/3488/1929
f 3091/3486/1927 3093/3488/1929 3109/3505/1945
f 3093/3488/1929 3092/3487/1928 3110/3506/1946
f 3093/3488/1929 3110/3506/1946 3111/3507/1947
f 3092/3487/1928 3094/3489/1930 3112/3508/1948
f 3092/3487/1928 3112/3508/1948 3110/3506/1946
f 3094/3491/1930 3095/3490/1931 3113/3509/1949
f 3094/3491/1930 3113/3509/1949 3112/3510/1948
f 3095/3490/1931 3096/3492/1932 3114/3511/1950
f 3095/3490/1931 3114/3511/1950 3113/3509/1949
f 3096/3492/1932 3097/3493/1933 3115/3512/1951
f 3096/3492/1932 3115/3512/1951 3114/3511/1950
f 3097/3493/1933 3098/3494/1934 3116/3513/1952
f 3097/3493/1933 3116/3513/1952 3115/3512/1951
f 3098/3494/1934 3099/3495/1935 3117/3514/1953
f 3098/3494/1934 3117/3514/1953 3116/3513/1952
f 3099/3495/1935 3100/3496/1936 3118/3515/1954
f 3099/3495/1935 3118/3515/1954 3117/3514/1953
f 3100/3496/1936 3101/3497/1937 3119/3516/1955
f 3100/3496/1936 3119/3516/1955 3118/3515/1954
f 3101/3497/1937 3102/3498/1938 3120/3517/1956
f 3101/3497/1937 3120/3517/1956 3119/3516/1955
f 3102/3498/1938 3103/3499/1939 3121/3518/1957
f 3102/3498/1938 3121/3518/1957 3120/3517/1956
f 3103/3499/1939 3104/3500/1940 3122/3519/1958
f 3103/3499/1939 3122/3519/1958 3121/3518/1957
f 3104/3500/1940 3105/3501/1941 3123/3520/1959
f 3104/3500/1940 3123/3520/1959 3122/3519/1958
f 3105/3501/1941 3106/3502/1942 3124/3521/1960
f 3105/3501/1941 3124/3521/1960 3123/3520/1959
f 3106/3502/1942 3107/3503/1943 3125/3522/1961
f 3106/3502/1942 3125/3522/1961 3124/3521/1960
f 3107/3503/1943 3108/3504/1944 3126/3523/1962
f 3107/3503/1943 3126/3523/1962 3125/3522/1961
f 3108/3504/1944 3109/3505/1945 3127/3524/1963
f 3108/3504/1944 3127/3524/1963 3126/3523/1962
f 3109/3505/1945 3093/3488/1929 3111/3507/1947
f 3109/3505/1945 3111/3507/1947 3127/3524/1963
f 3111/3507/1947 3110/3506/1946 3128/3525/1964
f 3111/3507/1947 3128/3525/1964 3129/3526/1965
f 3110/3506/1946 3112/3508/1948 3130/3527/1966
f 3110/3506/1946 3130/3527/1966 3128/3525/1964
f 3112/3510/1948 3113/3509/1949 3131/3528/1967
f 3112/3510/1948 3131/3528/1967 3130/3529/1966
f 3113/3509/1949 3114/3511/1950 3132/3530/1968
f 3113/3509/1949 3132/3530/1968 3131/3528/1967
f 3114/3511/1950 3115/3512/1951 3133/3531/1969
f 3114/3511/1950 3133/3531/1969 3132/3530/1968
f 3115/3512/1951 3116/3513/1952 3134/3532/1970
f 3115/3512/1951 3134/3532/1970 3133/3531/1969
f 3116/3513/1952 3117/3514/1953 3135/3533/1971
f 3116/3513/1952 3135/3533/1971 3134/3532/1970
f 3117/3514/1953 3118/3515/1954 3136/3534/1972
f 3117/3514/1953 3136/3534/1972 3135/3533/1971
f 3118/3515/1954 3119/3516/1955 3137/3535/1973
f 3118/3515/1954 3137/3535/1973 3136/3534/1972
f 3119/3516/1955 3120/3517/1956 3138/3536/1974
f 3119/3516/1955 3138/3536/1974 3137/3535/1973
f 3120/3517/1956 3121/3518/1957 3139/3537/1975
f 3120/3517/1956 3139/3537/1975 3138/3536/1974
f 3121/3518/1957 3122/3519/1958 3140/3538/1976
f 3121/3518/1957 3140/3538/1976 3139/3537/1975
f 3122/3519/1958 3123/3520/1959 3141/3539/1977
f 3122/3519/1958 3141/3539/1977 3140/3538/1976
f 3123/3520/1959 3124/3521/1960 3142/3540/1978
f 3123/3520/1959 3142/3540/1978 3141/3539/1977
f 3124/3521/1960 3125/3522/1961 3143/3541/1979
f 3124/3521/1960 3143/3541/1979 3142/3540/1978
f 3125/3522/1961 3126/3523/1962 3144/3542/1980
f 3125/3522/1961 3144/3542/1980 3143/3541/1979
f 3126/3523/1962 3127/3524/1963 3145/3543/1981
f 3126/3523/1962 3145/3543/1981 3144/3542/1980
f 3127/3524/1963 3111/3507/1947 3129/3526/1965
f 3127/3524/1963 3129/3526/1965 3145/3543/1981
f 3129/3526/1965 3128/3525/1964 3146/3544/1982
f 3129/3526/1965 3146/3544/1982 3147/3545/1983
f 3128/3525/1964 3130/3527/1966 3148/3546/1984
f 3128/3525/1964 3148/3546/1984 3146/3544/1982
f 3130/3529/1966 3131/3528/1967 3149/3547/1985
f 3130/3529/1966 3149/3547/1985 3148/3548/1984
f 3131/3528/1967 3132/3530/1968 3150/3549/1986
f 3131/3528/1967 3150/3549/1986 3149/3547/1985
f 3132/3530/1968 3133/3531/1969 3151/3550/1987
f 3132/3530/1968 3151/3550/1987 3150/3549/1986
f 3133/3531/1969 3134/3532/1970 3152/3551/1988
f 3133/3531/1969 3152/3551/1988 3151/3550/1987
f 3134/3532/1970 3135/3533/1971 3153/3552/1989
f 3134/3532/1970 3153/3552/1989 3152/3551/1988
f 3135/3533/1971 3136/3534/1972 3154/3553/1990
f 3135/3533/1971 3154/3553/1990 3153/3552/1989
f 3136/3534/1972 3137/3535/1973 3155/3554/1991
f 3136/3534/1972 3155/3554/1991 3154/3553/1990
f 3137/3535/1973 3138/3536/1974 3156/3555/1992
f 3137/3535/1973 3156/3555/1992 3155/3554/1991
f 3138/3536/1974 3139/3537/1975 3157/3556/1993
f 3138/3536/1974 3157/3556/1993 3156/3555/1992
f 3139/3537/1975 3140/3538/1976 3158/3557/1994
f 3139/3537/1975 3158/3557/1994 3157/3556/1993
f 3140/3538/1976 3141/3539/1977 3159/3558/1995
f 3140/3538/1976 3159/3558/1995 3158/3557/1994
f 3141/3539/1977 3142/3540/1978 3160/3559/1996
f 3141/3539/1977 3160/3559/1996 3159/3558/1995
f 3142/3540/1978 3143/3541/1979 3161/3560/1997
f 3142/3540/1978 3161/3560/1997 3160/3559/1996
f 3143/3541/1979 3144/3542/1980 3162/3561/1998
f 3143/3541/1979 3162/3561/1998 3161/3560/1997
f 3144/3542/1980 3145/3543/1981 3163/3562/1999
f 3144/3542/1980 3163/3562/1999 3162/3561/1998
f 3145/3543/1981 3129/3526/1965 3147/3545/1983
f 3145/3543/1981 3147/3545/1983 3163/3562/1999
f 3164/3563/2000 3165/3564/2001 3166/3565/2002
f 3164/3563/2000 3166/3565/2002 3167/3566/2003
f 3168/3567/2004 3164/3563/2000 3167/3566/2003
f 3168/3567/2004 3167/3566/2003 3169/3568/2005
f 3170/3569/2006 3168/3570/2004 3169/3571/2005
f 3170/3569/2006 3169/3571/2005 3171/3572/2007
f 3172/3573/2008 3170/3569/2006 3171/3572/2007
f 3172/3573/2008 3171/3572/2007 3173/3574/2009
f 3174/3575/2010 3172/3573/2008 3173/3574/2009
f 3174/3575/2010 3173/3574/2009 3175/3576/2011
f 3176/3577/2012 3174/3575/2010 3175/3576/2011
f 3176/3577/2012 3175/3576/2011 3177/3578/2013
f 3178/3579/2014 3176/3577/2012 3177/3578/2013
f 3178/3579/2014 3177/3578/2013 3179/3580/2015
f 3180/3581/2016 3178/3579/2014 3179/3580/2015
f 3180/3581/2016 3179/3580/2015 3181/3582/2017
f 3182/3583/2018 3180/3581/2016 3181/3582/2017
f 3182/3583/2018 3181/3582/2017 3183/3584/2019
f 3184/3585/2020 3182/3583/2018 3183/3584/2019
f 3184/3585/2020 3183/3584/2019 3185/3586/2021
f 3186/3587/2022 3184/3585/2020 3185/3586/2021
f 3186/3587/2022 3185/3586/2021 3187/3588/2023
f 3188/3589/2024 3186/3587/2022 3187/3588/2023
f 3188/3589/2024 3187/3588/2023 3189/3590/2025
f 3190/3591/2026 3188/3589/2024 3189/3590/2025
f 3190/3591/2026 3189/3590/2025 3191/3592/2027
f 3192/3593/2028 3190/3591/2026 3191/3592/2027
f 3192/3593/2028 3191/3592/2027 3193/3594/2029
f 3194/3595/2030 3192/3593/2028 3193/3594/2029
f 3194/3595/2030 3193/3594/2029 3195/3596/2031
f 3196/3597/2032 3194/3595/2030 3195/3596/2031
f 3196/3597/2032 3195/3596/2031 3197/3598/2033
f 3198/3599/2034 3196/3597/2032 3197/3598/2033
f 3198/3599/2034 3197/3598/2033 3199/3600/2035
f 3165/3564/2001 3198/3599/2034 3199/3600/2035
f 3165/3564/2001 3199/3600/2035 3166/3565/2002
f 3200/3601/2036 3201/3602/2037 3202/3603/2038
f 3200/3601/2036 3202/3603/2038 3203/3604/2039
f 3204/3605/2040 3200/3601/2036 3203/3604/2039
f 3204/3605/2040 3203/3604/2039 3205/3606/2041
f 3206/3607/2042 3204/3608/2040 3205/3609/2041
f 3206/3607/2042 3205/3609/2041 3207/3610/2043
f 3208/3611/2044 3206/3607/2042 3207/3610/2043
f 3208/3611/2044 3207/3610/2043 3209/3612/2045
f 3210/3613/2046 3208/3611/2044 3209/3612/2045
f 3210/3613/2046 3209/3612/2045 3211/3614/2047
f 3212/3615/2048 3210/3613/2046 3211/3614/2047
f 3212/3615/2048 3211/3614/2047 3213/3616/2049
f 3214/3617/2050 3212/3615/2048 3213/3616/2049
f 3214/3617/2050 3213/3616/2049 3215/3618/2051
f 3216/3619/2052 3214/3617/2050 3215/3618/2051
f 3216/3619/2052 3215/3618/2051 3217/3620/2053
f 3218/3621/2054 3216/3619/2052 3217/3620/2053
f 3218/3621/2054 3217/3620/2053 3219/3622/2055
f 3220/3623/2056 3218/3621/2054 3219/3622/2055
f 3220/3623/2056 3219/3622/2055 3221/3624/2057
f 3222/3625/2058 3220/3623/2056 3221/3624/2057
f 3222/3625/2058 3221/3624/2057 3223/3626/2059
f 3224/3627/2060 3222/3625/2058 3223/3626/2059
f 3224/3627/2060 3223/3626/2059 3225/3628/2061
f 3226/3629/2062 3224/3627/2060 3225/3628/2061
f 3226/3629/2062 3225/3628/2061 3227/3630/2063
f 3228/3631/2064 3226/3629/2062 3227/3630/2063
f 3228/3631/2064 3227/3630/2063 3229/3632/2065
f 3230/3633/2066 3228/3631/2064 3229/3632/2065
f 3230/3633/2066 3229/3632/2065 3231/3634/2067
f 3232/3635/2068 3230/3633/2066 3231/3634/2067
f 3232/3635/2068 3231/3634/2067 3233/3636/2069
f 3234/3637/2070 3232/3635/2068 3233/3636/2069
f 3234/3637/2070 3233/3636/2069 3235/3638/2071
f 3201/3602/2037 3234/3637/2070 3235/3638/2071
f 3201/3602/2037 3235/3638/2071 3202/3603/2038
f 3236/3639/2072 3237/3640/2073 3201/3602/2037
f 3236/3639/2072 3201/3602/2037 3200/3601/2036
f 3238/3641/2074 3239/3642/2075 3203/3604/2039
f 3238/3641/2074 3203/3604/2039 3202/3603/2038
f 3240/3643/2076 3236/3639/2072 3200/3601/2036
f 3240/3643/2076 3200/3601/2036 3204/3605/2040
f 3239/3642/2075 3241/3644/2077 3205/3606/2041
f 3239/3642/2075 3205/3606/2041 3203/3604/2039
f 3242/3645/2078 3240/3646/2076 3204/3608/2040
f 3242/3645/2078 3204/3608/2040 3206/3607/2042
f 3241/3647/2077 3243/3648/2079 3207/3610/2043
f 3241/3647/2077 3207/3610/2043 3205/3609/2041
f 3244/3649/2080 3242/3645/2078 3206/3607/2042
f 3244/3649/2080 3206/3607/2042 3208/3611/2044
f 3243/3648/2079 3245/3650/2081 3209/3612/2045
f 3243/3648/2079 3209/3612/2045 3207/3610/2043
f 3246/3651/2082 3244/3649/2080 3208/3611/2044
f 3246/3651/2082 3208/3611/2044 3210/3613/2046
f 3245/3650/2081 3247/3652/2083 3211/3614/2047
f 3245/3650/2081 3211/3614/2047 3209/3612/2045
f 3248/3653/2084 3246/3651/2082 3210/3613/2046
f 3248/3653/2084 3210/3613/2046 3212/3615/2048
f 3247/3652/2083 3249/3654/2085 3213/3616/2049
f 3247/3652/2083 3213/3616/2049 3211/3614/2047
f 3250/3655/2086 3248/3653/2084 3212/3615/2048
f 3250/3655/2086 3212/3615/2048 3214/3617/2050
f 3249/3654/2085 3251/3656/2087 3215/3618/2051
f 3249/3654/2085 3215/3618/2051 3213/3616/2049
f 3252/3657/2088 3250/3655/2086 3214/3617/2050
f 3252/3657/2088 3214/3617/2050 3216/3619/2052
f 3251/3656/2087 3253/3658/2089 3217/3620/2053
f 3251/3656/2087 3217/3620/2053 3215/3618/2051
f 3254/3659/2090 3252/3657/2088 3216/3619/2052
f 3254/3659/2090 3216/3619/2052 3218/3621/2054
f 3253/3658/2089 3255/3660/2091 3219/3622/2055
f 3253/3658/2089 3219/3622/2055 3217/3620/2053
f 3256/3661/2092 3254/3659/2090 3218/3621/2054
f 3256/3661/2092 3218/3621/2054 3220/3623/2056
f 3255/3660/2091 3257/3662/2093 3221/3624/2057
f 3255/3660/2091 3221/3624/2057 3219/3622/2055
f 3258/3663/2094 3256/3661/2092 3220/3623/2056
f 3258/3663/2094 3220/3623/2056 3222/3625/2058
f 3257/3662/2093 3259/3664/2095 3223/3626/2059
f 3257/3662/2093 3223/3626/2059 3221/3624/2057
f 3260/3665/2096 3258/3663/2094 3222/3625/2058
f 3260/3665/2096 3222/3625/2058 3224/3627/2060
f 3259/3664/2095 3261/3666/2097 3225/3628/2061
f 3259/3664/2095 3225/3628/2061 3223/3626/2059
f 3262/3667/2098 3260/3665/2096 3224/3627/2060
f 3262/3667/2098 3224/3627/2060 3226/3629/2062
f 3261/3666/2097 3263/3668/2099 3227/3630/2063
f 3261/3666/2097 3227/3630/2063 3225/3628/2061
f 3264/3669/2100 3262/3667/2098 3226/3629/2062
f 3264/3669/2100 3226/3629/2062 3228/3631/2064
f 3263/3668/2099 3265/3670/2101 3229/3632/2065
f 3263/3668/2099 3229/3632/2065 3227/3630/2063
f 3266/3671/2102 3264/3669/2100 3228/3631/2064
f 3266/3671/2102 3228/3631/2064 3230/3633/2066
f 3265/3670/2101 3267/3672/2103 3231/3634/2067
f 3265/3670/2101 3231/3634/2067 3229/3632/2065
f 3268/3673/2104 3266/3671/2102 3230/3633/2066
f 3268/3673/2104 3230/3633/2066 3232/3635/2068
f 3267/3672/2103 3269/3674/2105 3233/3636/2069
f 3267/3672/2103 3233/3636/2069 3231/3634/2067
f 3270/3675/2106 3268/3673/2104 3232/3635/2068
f 3270/3675/2106 3232/3635/2068 3234/3637/2070
f 3269/3674/2105 3271/3676/2107 3235/3638/2071
f 3269/3674/2105 3235/3638/2071 3233/3636/2069
f 3237/3640/2073 3270/3675/2106 3234/3637/2070
f 3237/3640/2073 3234/3637/2070 3201/3602/2037
f 3271/3676/2107 3238/3641/2074 3202/3603/2038
f 3271/3676/2107 3202/3603/2038 3235/3638/2071
f 3239/3642/2075 3238/3641/2074 3165/3564/2001
f 3239/3642/2075 3165/3564/2001 3164/3563/2000
f 3147/3545/1983 3146/3544/1982 3167/3566/2003
f 3147/3545/1983 3167/3566/2003 3166/3565/2002
f 3241/3644/2077 3239/3642/2075 3164/3563/2000
f 3241/3644/2077 3164/3563/2000 3168/3567/2004
f 3146/3544/1982 3148/3546/1984 3169/3568/2005
f 3146/3544/1982 3169/3568/2005 3167/3566/2003
f 3243/3648/2079 3241/3647/2077 3168/3570/2004
f 3243/3648/2079 3168/3570/2004 3170/3569/2006
f 3148/3548/1984 3149/3547/1985 3171/3572/2007
f 3148/3548/1984 3171/3572/2007 3169/3571/2005
f 3245/3650/2081 3243/3648/2079 3170/3569/2006
f 3245/3650/2081 3170/3569/2006 3172/3573/2008
f 3149/3547/1985 3150/3549/1986 3173/3574/2009
f 3149/3547/1985 3173/3574/2009 3171/3572/2007
f 3247/3652/2083 3245/3650/2081 3172/3573/2008
f 3247/3652/2083 3172/3573/2008 3174/3575/2010
f 3150/3549/1986 3151/3550/1987 3175/3576/2011
f 3150/3549/1986 3175/3576/2011 3173/3574/2009
f 3249/3654/2085 3247/3652/2083 3174/3575/2010
f 3249/3654/2085 3174/3575/2010 3176/3577/2012
f 3151/3550/1987 3152/3551/1988 3177/3578/2013
f 3151/3550/1987 3177/3578/2013 3175/3576/2011
f 3251/3656/2087 3249/3654/2085 3176/3577/2012
f 3251/3656/2087 3176/3577/2012 3178/3579/2014
f 3152/3551/1988 3153/3552/1989 3179/3580/2015
f 3152/3551/1988 3179/3580/2015 3177/3578/2013
f 3253/3658/2089 3251/3656/2087 3178/3579/2014
f 3253/3658/2089 3178/3579/2014 3180/3581/2016
f 3153/3552/1989 3154/3553/1990 3181/3582/2017
f 3153/3552/1989 3181/3582/2017 3179/3580/2015
f 3255/3660/2091 3253/3658/2089 3180/3581/2016
f 3255/3660/2091 3180/3581/2016 3182/3583/2018
f 3154/3553/1990 3155/3554/1991 3183/3584/2019
f 3154/3553/1990 3183/3584/2019 3181/3582/2017
f 3257/3662/2093 3255/3660/2091 3182/3583/2018
f 3257/3662/2093 3182/3583/2018 3184/3585/2020
f 3155/3554/1991 3156/3555/1992 3185/3586/2021
f 3155/3554/1991 3185/3586/2021 3183/3584/2019
f 3259/3664/2095 3257/3662/2093 3184/3585/2020
f 3259/3664/2095 3184/3585/2020 3186/3587/2022
f 3156/3555/1992 3157/3556/1993 3187/3588/2023
f 3156/3555/1992 3187/3588/2023 3185/3586/2021
f 3261/3666/2097 3259/3664/2095 3186/3587/2022
f 3261/3666/2097 3186/3587/2022 3188/3589/2024
f 3157/3556/1993 3158/3557/1994 3189/3590/2025
f 3157/3556/1993 3189/3590/2025 3187/3588/2023
f 3263/3668/2099 3261/3666/2097 3188/3589/2024
f 3263/3668/2099 3188/3589/2024 3190/3591/2026
f 3158/3557/1994 3159/3558/1995 3191/3592/2027
f 3158/3557/1994 3191/3592/2027 3189/3590/2025
f 3265/3670/2101 3263/3668/2099 3190/3591/2026
f 3265/3670/2101 3190/3591/2026 3192/3593/2028
f 3159/3558/1995 3160/3559/1996 3193/3594/2029
f 3159/3558/1995 3193/3594/2029 3191/3592/2027
f 3267/3672/2103 3265/3670/2101 3192/3593/2028
f 3267/3672/2103 3192/3593/2028 3194/3595/2030
f 3160/3559/1996 3161/3560/1997 3195/3596/2031
f 3160/3559/1996 3195/3596/2031 3193/3594/2029
f 3269/3674/2105 3267/3672/2103 3194/3595/2030
f 3269/3674/2105 3194/3595/2030 3196/3597/2032
f 3161/3560/1997 3162/3561/1998 3197/3598/2033
f 3161/3560/1997 3197/3598/2033 3195/3596/2031
f 3271/3676/2107 3269/3674/2105 3196/3597/2032
f 3271/3676/2107 3196/3597/2032 3198/3599/2034
f 3162/3561/1998 3163/3562/1999 3199/3600/2035
f 3162/3561/1998 3199/3600/2035 3197/3598/2033
f 3238/3641/2074 3271/3676/2107 3198/3599/2034
f 3238/3641/2074 3198/3599/2034 3165/3564/2001
f 3163/3562/1999 3147/3545/1983 3166/3565/2002
f 3163/3562/1999 3166/3565/2002 3199/3600/2035
f 3236/3639/2072 3272/3677/2108 3273/3678/2109
f 3236/3639/2072 3273/3678/2109 3237/3640/2073
f 3240/3643/2076 3274/3679/2110 3272/3677/2108
f 3240/3643/2076 3272/3677/2108 3236/3639/2072
f 3242/3645/2078 3275/3680/2111 3274/3681/2110
f 3242/3645/2078 3274/3681/2110 3240/3646/2076
f 3244/3649/2080 3276/3682/2112 3275/3680/2111
f 3244/3649/2080 3275/3680/2111 3242/3645/2078
f 3246/3651/2082 3277/3683/2113 3276/3682/2112
f 3246/3651/2082 3276/3682/2112 3244/3649/2080
f 3248/3653/2084 3278/3684/2114 3277/3683/2113
f 3248/3653/2084 3277/3683/2113 3246/3651/2082
f 3250/3655/2086 3279/3685/2115 3278/3684/2114
f 3250/3655/2086 3278/3684/2114 3248/3653/2084
f 3252/3657/2088 3280/3686/2116 3279/3685/2115
f 3252/3657/2088 3279/3685/2115 3250/3655/2086
f 3254/3659/2090 3281/3687/2117 3280/3686/2116
f 3254/3659/2090 3280/3686/2116 3252/3657/2088
f 3256/3661/2092 3282/3688/2118 3281/3687/2117
f 3256/3661/2092 3281/3687/2117 3254/3659/2090
f 3258/3663/2094 3283/3689/2119 3282/3688/2118
f 3258/3663/2094 3282/3688/2118 3256/3661/2092
f 3260/3665/2096 3284/3690/2120 3283/3689/2119
f 3260/3665/2096 3283/3689/2119 3258/3663/2094
f 3262/3667/2098 3285/3691/2121 3284/3690/2120
f 3262/3667/2098 3284/3690/2120 3260/3665/2096
f 3264/3669/2100 3286/3692/2122 3285/3691/2121
f 3264/3669/2100 3285/3691/2121 3262/3667/2098
f 3266/3671/2102 3287/3693/2123 3286/3692/2122
f 3266/3671/2102 3286/3692/2122 3264/3669/2100
f 3268/3673/2104 3288/3694/2124 3287/3693/2123
f 3268/3673/2104 3287/3693/2123 3266/3671/2102
f 3270/3675/2106 3289/3695/2125 3288/3694/2124
f 3270/3675/2106 3288/3694/2124 3268/3673/2104
f 3237/3640/2073 3273/3678/2109 3289/3695/2125
f 3237/3640/2073 3289/3695/2125 3270/3675/2106
f 3290/3696/2126 3291/3697/2127 3292/3698/2128
f 3290/3696/2126 3292/3698/2128 3293/3699/2129
f 3294/3700/2130 3295/3701/2131 3291/3697/2127
f 3294/3700/2130 3291/3697/2127 3290/3696/2126
f 3296/3702/2132 3297/3703/2133 3295/3704/2131
f 3296/3702/2132 3295/3704/2131 3294/3705/2130
f 3298/3706/2134 3299/3707/2135 3297/3703/2133
f 3298/3706/2134 3297/3703/2133 3296/3702/2132
f 3300/3708/2136 3301/3709/2137 3299/3707/2135
f 3300/3708/2136 3299/3707/2135 3298/3706/2134
f 3302/3710/2138 3303/3711/2139 3301/3709/2137
f 3302/3710/2138 3301/3709/2137 3300/3708/2136
f 3304/3712/2140 3305/3713/2141 3303/3711/2139
f 3304/3712/2140 3303/3711/2139 3302/3710/2138
f 3306/3714/2142 3307/3715/2143 3305/3713/2141
f 3306/3714/2142 3305/3713/2141 3304/3712/2140
f 3308/3716/2144 3309/3717/2145 3307/3715/2143
f 3308/3716/2144 3307/3715/2143 3306/3714/2142
f 3310/3718/2146 3311/3719/2147 3309/3717/2145
f 3310/3718/2146 3309/3717/2145 3308/3716/2144
f 3312/3720/2148 3313/3721/2149 3311/3719/2147
f 3312/3720/2148 3311/3719/2147 3310/3718/2146
f 3314/3722/2150 3315/3723/2151 3313/3721/2149
f 3314/3722/2150 3313/3721/2149 3312/3720/2148
f 3316/3724/2152 3317/3725/2153 3315/3723/2151
f 3316/3724/2152 3315/3723/2151 3314/3722/2150
f 3318/3726/2154 3319/3727/2155 3317/3725/2153
f 3318/3726/2154 3317/3725/2153 3316/3724/2152
f 3320/3728/2156 3321/3729/2157 3319/3727/2155
f 3320/3728/2156 3319/3727/2155 3318/3726/2154
f 3322/3730/2158 3323/3731/2159 3321/3729/2157
f 3322/3730/2158 3321/3729/2157 3320/3728/2156
f 3324/3732/2160 3325/3733/2161 3323/3731/2159
f 3324/3732/2160 3323/3731/2159 3322/3730/2158
f 3293/3699/2129 3292/3698/2128 3325/3733/2161
f 3293/3699/2129 3325/3733/2161 3324/3732/2160
f 3326/3734/2162 3327/3735/2163 3292/3698/2128
f 3326/3734/2162 3292/3698/2128 3291/3697/2127
f 3328/3736/2164 3326/3734/2162 3291/3697/2127
f 3328/3736/2164 3291/3697/2127 3295/3701/2131
f 3329/3737/2165 3328/3738/2164 3295/3704/2131
f 3329/3737/2165 3295/3704/2131 3297/3703/2133
f 3330/3739/2166 3329/3737/2165 3297/3703/2133
f 3330/3739/2166 3297/3703/2133 3299/3707/2135
f 3331/3740/2167 3330/3739/2166 3299/3707/2135
f 3331/3740/2167 3299/3707/2135 3301/3709/2137
f 3332/3741/2168 3331/3740/2167 3301/3709/2137
f 3332/3741/2168 3301/3709/2137 3303/3711/2139
f 3333/3742/2169 3332/3741/2168 3303/3711/2139
f 3333/3742/2169 3303/3711/2139 3305/3713/2141
f 3334/3743/2170 3333/3742/2169 3305/3713/2141
f 3334/3743/2170 3305/3713/2141 3307/3715/2143
f 3335/3744/2171 3334/3743/2170 3307/3715/2143
f 3335/3744/2171 3307/3715/2143 3309/3717/2145
f 3336/3745/2172 3335/3744/2171 3309/3717/2145
f 3336/3745/2172 3309/3717/2145 3311/3719/2147
f 3337/3746/2173 3336/3745/2172 3311/3719/2147
f 3337/3746/2173 3311/3719/2147 3313/3721/2149
f 3338/3747/2174 3337/3746/2173 3313/3721/2149
f 3338/3747/2174 3313/3721/2149 3315/3723/2151
f 3339/3748/2175 3338/3747/2174 3315/3723/2151
f 3339/3748/2175 3315/3723/2151 3317/3725/2153
f 3340/3749/2176 3339/3748/2175 3317/3725/2153
f 3340/3749/2176 3317/3725/2153 3319/3727/2155
f 3341/3750/2177 3340/3749/2176 3319/3727/2155
f 3341/3750/2177 3319/3727/2155 3321/3729/2157
f 3342/3751/2178 3341/3750/2177 3321/3729/2157
f 3342/3751/2178 3321/3729/2157 3323/3731/2159
f 3343/3752/2179 3342/3751/2178 3323/3731/2159
f 3343/3752/2179 3323/3731/2159 3325/3733/2161
f 3327/3735/2163 3343/3752/2179 3325/3733/2161
f 3327/3735/2163 3325/3733/2161 3292/3698/2128
f 3290/3696/2126 3293/3699/2129 3273/3678/2109
f 3290/3696/2126 3273/3678/2109 3272/3677/2108
f 3294/3700/2130 3290/3696/2126 3272/3677/2108
f 3294/3700/2130 3272/3677/2108 3274/3679/2110
f 3296/3702/2132 3294/3705/2130 3274/3681/2110
f 3296/3702/2132 3274/3681/2110 3275/3680/2111
f 3298/3706/2134 3296/3702/2132 3275/3680/2111
f 3298/3706/2134 3275/3680/2111 3276/3682/2112
f 3300/3708/2136 3298/3706/2134 3276/3682/2112
f 3300/3708/2136 3276/3682/2112 3277/3683/2113
f 3302/3710/2138 3300/3708/2136 3277/3683/2113
f 3302/3710/2138 3277/3683/2113 3278/3684/2114
f 3304/3712/2140 3302/3710/2138 3278/3684/2114
f 3304/3712/2140 3278/3684/2114 3279/3685/2115
f 3306/3714/2142 3304/3712/2140 3279/3685/2115
f 3306/3714/2142 3279/3685/2115 3280/3686/2116
f 3308/3716/2144 3306/3714/2142 3280/3686/2116
f 3308/3716/2144 3280/3686/2116 3281/3687/2117
f 3310/3718/2146 3308/3716/2144 3281/3687/2117
f 3310/3718/2146 3281/3687/2117 3282/3688/2118
f 3312/3720/2148 3310/3718/2146 3282/3688/2118
f 3312/3720/2148 3282/3688/2118 3283/3689/2119
f 3314/3722/2150 3312/3720/2148 3283/3689/2119
f 3314/3722/2150 3283/3689/2119 3284/3690/2120
f 3316/3724/2152 3314/3722/2150 3284/3690/2120
f 3316/3724/2152 3284/3690/2120 3285/3691/2121
f 3318/3726/2154 3316/3724/2152 3285/3691/2121
f 3318/3726/2154 3285/3691/2121 3286/3692/2122
f 3320/3728/2156 3318/3726/2154 3286/3692/2122
f 3320/3728/2156 3286/3692/2122 3287/3693/2123
f 3322/3730/2158 3320/3728/2156 3287/3693/2123
f 3322/3730/2158 3287/3693/2123 3288/3694/2124
f 3324/3732/2160 3322/3730/2158 3288/3694/2124
f 3324/3732/2160 3288/3694/2124 3289/3695/2125
f 3293/3699/2129 3324/3732/2160 3289/3695/2125
f 3293/3699/2129 3289/3695/2125 3273/3678/2109
f 3344/3753/2180 3345/3754/2181 3346/3755/2182
f 3344/3753/2180 3346/3755/2182 3347/3756/2183
f 3345/3754/2181 3348/3757/2184 3349/3758/2185
f 3345/3754/2181 3349/3758/2185 3346/3755/2182
f 3348/3759/2184 3350/3760/2186 3351/3761/2187
f 3348/3759/2184 3351/3761/2187 3349/3762/2185
f 3350/3760/2186 3352/3763/2188 3353/3764/2189
f 3350/3760/2186 3353/3764/2189 3351/3761/2187
f 3352/3763/2188 3354/3765/2190 3355/3766/2191
f 3352/3763/2188 3355/3766/2191 3353/3764/2189
f 3354/3765/2190 3356/3767/2192 3357/3768/2193
f 3354/3765/2190 3357/3768/2193 3355/3766/2191
f 3356/3767/2192 3358/3769/2194 3359/3770/2195
f 3356/3767/2192 3359/3770/2195 3357/3768/2193
f 3358/3769/2194 3360/3771/2196 3361/3772/2197
f 3358/3769/2194 3361/3772/2197 3359/3770/2195
f 3360/3771/2196 3362/3773/2198 3363/3774/2199
f 3360/3771/2196 3363/3774/2199 3361/3772/2197
f 3362/3773/2198 3364/3775/2200 3365/3776/2201
f 3362/3773/2198 3365/3776/2201 3363/3774/2199
f 3364/3775/2200 3366/3777/2202 3367/3778/2203
f 3364/3775/2200 3367/3778/2203 3365/3776/2201
f 3366/3777/2202 3368/3779/2204 3369/3780/2205
f 3366/3777/2202 3369/3780/2205 3367/3778/2203
f 3368/3779/2204 3370/3781/2206 3371/3782/2207
f 3368/3779/2204 3371/3782/2207 3369/3780/2205
f 3370/3781/2206 3372/3783/2208 3373/3784/2209
f 3370/3781/2206 3373/3784/2209 3371/3782/2207
f 3372/3783/2208 3374/3785/2210 3375/3786/2211
f 3372/3783/2208 3375/3786/2211 3373/3784/2209
f 3374/3785/2210 3376/3787/2212 3377/3788/2213
f 3374/3785/2210 3377/3788/2213 3375/3786/2211
f 3376/3787/2212 3378/3789/2214 3379/3790/2215
f 3376/3787/2212 3379/3790/2215 3377/3788/2213
f 3378/3789/2214 3344/3753/2180 3347/3756/2183
f 3378/3789/2214 3347/3756/2183 3379/3790/2215
f 3347/3756/2183 3346/3755/2182 3380/3791/2216
f 3347/3756/2183 3380/3791/2216 3381/3792/2217
f 3346/3755/2182 3349/3758/2185 3382/3793/2218
f 3346/3755/2182 3382/3793/2218 3380/3791/2216
f 3349/3762/2185 3351/3761/2187 3383/3794/2219
f 3349/3762/2185 3383/3794/2219 3382/3795/2218
f 3351/3761/2187 3353/3764/2189 3384/3796/2220
f 3351/3761/2187 3384/3796/2220 3383/3794/2219
f 3353/3764/2189 3355/3766/2191 3385/3797/2221
f 3353/3764/2189 3385/3797/2221 3384/3796/2220
f 3355/3766/2191 3357/3768/2193 3386/3798/2222
f 3355/3766/2191 3386/3798/2222 3385/3797/2221
f 3357/3768/2193 3359/3770/2195 3387/3799/2223
f 3357/3768/2193 3387/3799/2223 3386/3798/2222
f 3359/3770/2195 3361/3772/2197 3388/3800/2224
f 3359/3770/2195 3388/3800/2224 3387/3799/2223
f 3361/3772/2197 3363/3774/2199 3389/3801/2225
f 3361/3772/2197 3389/3801/2225 3388/3800/2224
f 3363/3774/2199 3365/3776/2201 3390/3802/2226
f 3363/3774/2199 3390/3802/2226 3389/3801/2225
f 3365/3776/2201 3367/3778/2203 3391/3803/2227
f 3365/3776/2201 3391/3803/2227 3390/3802/2226
f 3367/3778/2203 3369/3780/2205 3392/3804/2228
f 3367/3778/2203 3392/3804/2228 3391/3803/2227
f 3369/3780/2205 3371/3782/2207 3393/3805/2229
f 3369/3780/2205 3393/3805/2229 3392/3804/2228
f 3371/3782/2207 3373/3784/2209 3394/3806/2230
f 3371/3782/2207 3394/3806/2230 3393/3805/2229
f 3373/3784/2209 3375/3786/2211 3395/3807/2231
f 3373/3784/2209 3395/3807/2231 3394/3806/2230
f 3375/3786/2211 3377/3788/2213 3396/3808/2232
f 3375/3786/2211 3396/3808/2232 3395/3807/2231
f 3377/3788/2213 3379/3790/2215 3397/3809/2233
f 3377/3788/2213 3397/3809/2233 3396/3808/2232
f 3379/3790/2215 3347/3756/2183 3381/3792/2217
f 3379/3790/2215 3381/3792/2217 3397/3809/2233
f 3381/3792/2217 3380/3791/2216 3398/3810/2234
f 3381/3792/2217 3398/3810/2234 3399/3811/2235
f 3380/3791/2216 3382/3793/2218 3400/3812/2236
f 3380/3791/2216 3400/3812/2236 3398/3810/2234
f 3382/3795/2218 3383/3794/2219 3401/3813/2237
f 3382/3795/2218 3401/3813/2237 3400/3814/2236
f 3383/3794/2219 3384/3796/2220 3402/3815/2238
f 3383/3794/2219 3402/3815/2238 3401/3813/2237
f 3384/3796/2220 3385/3797/2221 3403/3816/2239
f 3384/3796/2220 3403/3816/2239 3402/3815/2238
f 3385/3797/2221 3386/3798/2222 3404/3817/2240
f 3385/3797/2221 3404/3817/2240 3403/3816/2239
f 3386/3798/2222 3387/3799/2223 3405/3818/2241
f 3386/3798/2222 3405/3818/2241 3404/3817/2240
f 3387/3799/2223 3388/3800/2224 3406/3819/2242
f 3387/3799/2223 3406/3819/2242 3405/3818/2241
f 3388/3800/2224 3389/3801/2225 3407/3820/2243
f 3388/3800/2224 3407/3820/2243 3406/3819/2242
f 3389/3801/2225 3390/3802/2226 3408/3821/2244
f 3389/3801/2225 3408/3821/2244 3407/3820/2243
f 3390/3802/2226 3391/3803/2227 3409/3822/2245
f 3390/3802/2226 3409/3822/2245 3408/3821/2244
f 3391/3803/2227 3392/3804/2228 3410/3823/2246
f 3391/3803/2227 3410/3823/2246 3409/3822/2245
f 3392/3804/2228 3393/3805/2229 3411/3824/2247
f 3392/3804/2228 3411/3824/2247 3410/3823/2246
f 3393/3805/2229 3394/3806/2230 3412/3825/2248
f 3393/3805/2229 3412/3825/2248 3411/3824/2247
f 3394/3806/2230 3395/3807/2231 3413/3826/2249
f 3394/3806/2230 3413/3826/2249 3412/3825/2248
f 3395/3807/2231 3396/3808/2232 3414/3827/2250
f 3395/3807/2231 3414/3827/2250 3413/3826/2249
f 3396/3808/2232 3397/3809/2233 3415/3828/2251
f 3396/3808/2232 3415/3828/2251 3414/3827/2250
f 3397/3809/2233 3381/3792/2217 3399/3811/2235
f 3397/3809/2233 3399/3811/2235 3415/3828/2251
f 3416/3829/2252 3417/3830/2253 3418/3831/2253
f 3416/3829/2252 3418/3831/2253 3419/3832/2252
f 3420/3833/2254 3416/3829/2252 3419/3832/2252
f 3420/3833/2254 3419/3832/2252 3421/3834/2254
f 3422/3835/2255 3420/3836/2254 3421/3837/2254
f 3422/3835/2255 3421/3837/2254 3423/3838/2255
f 3424/3839/2256 3422/3835/2255 3423/3838/2255
f 3424/3839/2256 3423/3838/2255 3425/3840/2256
f 3426/3841/2257 3424/3839/2256 3425/3840/2256
f 3426/3841/2257 3425/3840/2256 3427/3842/2257
f 3428/3843/2258 3426/3841/2257 3427/3842/2257
f 3428/3843/2258 3427/3842/2257 3429/3844/2258
f 3430/3845/2259 3428/3843/2258 3429/3844/2258
f 3430/3845/2259 3429/3844/2258 3431/3846/2259
f 3432/3847/2260 3430/3845/2259 3431/3846/2259
f 3432/3847/2260 3431/3846/2259 3433/3848/2260
f 3434/3849/2261 3432/3847/2260 3433/3848/2260
f 3434/3849/2261 3433/3848/2260 3435/3850/2261
f 3436/3851/2262 3434/3849/2261 3435/3850/2261
f 3436/3851/2262 3435/3850/2261 3437/3852/2262
f 3438/3853/2263 3436/3851/2262 3437/3852/2262
f 3438/3853/2263 3437/3852/2262 3439/3854/2263
f 3440/3855/2264 3438/3853/2263 3439/3854/2263
f 3440/3855/2264 3439/3854/2263 3441/3856/2264
f 3442/3857/2265 3440/3855/2264 3441/3856/2264
f 3442/3857/2265 3441/3856/2264 3443/3858/2265
f 3444/3859/2266 3442/3857/2265 3443/3858/2265
f 3444/3859/2266 3443/3858/2265 3445/3860/2266
f 3446/3861/2267 3444/3859/2266 3445/3860/2266
f 3446/3861/2267 3445/3860/2266 3447/3862/2267
f 3448/3863/2268 3446/3861/2267 3447/3862/2267
f 3448/3863/2268 3447/3862/2267 3449/3864/2268
f 3450/3865/2269 3448/3863/2268 3449/3864/2268
f 3450/3865/2269 3449/3864/2268 3451/3866/2269
f 3417/3830/2253 3450/3865/2269 3451/3866/2269
f 3417/3830/2253 3451/3866/2269 3418/3831/2253
f 3452/3867/2270 3453/3868/2271 3454/3869/2272
f 3452/3867/2270 3454/3869/2272 3455/3870/2270
f 3456/3871/2273 3452/3867/2270 3455/3870/2270
f 3456/3871/2273 3455/3870/2270 3457/3872/2273
f 3458/3873/2274 3456/3874/2273 3457/3875/2273
f 3458/3873/2274 3457/3875/2273 3459/3876/2275
f 3460/3877/2276 3458/3873/2274 3459/3876/2275
f 3460/3877/2276 3459/3876/2275 3461/3878/2276
f 3462/3879/2277 3460/3877/2276 3461/3878/2276
f 3462/3879/2277 3461/3878/2276 3463/3880/2277
f 3464/3881/2278 3462/3879/2277 3463/3880/2277
f 3464/3881/2278 3463/3880/2277 3465/3882/2278
f 3466/3883/2279 3464/3881/2278 3465/3882/2278
f 3466/3883/2279 3465/3882/2278 3467/3884/2279
f 3468/3885/2280 3466/3883/2279 3467/3884/2279
f 3468/3885/2280 3467/3884/2279 3469/3886/2280
f 3470/3887/2281 3468/3885/2280 3469/3886/2280
f 3470/3887/2281 3469/3886/2280 3471/3888/2282
f 3472/3889/2283 3470/3887/2281 3471/3888/2282
f 3472/3889/2283 3471/3888/2282 3473/3890/2284
f 3474/3891/2285 3472/3889/2283 3473/3890/2284
f 3474/3891/2285 3473/3890/2284 3475/3892/2286
f 3476/3893/2287 3474/3891/2285 3475/3892/2286
f 3476/3893/2287 3475/3892/2286 3477/3894/2287
f 3478/3895/2288 3476/3893/2287 3477/3894/2287
f 3478/3895/2288 3477/3894/2287 3479/3896/2288
f 3480/3897/2289 3478/3895/2288 3479/3896/2288
f 3480/3897/2289 3479/3896/2288 3481/3898/2289
f 3482/3899/2290 3480/3897/2289 3481/3898/2289
f 3482/3899/2290 3481/3898/2289 3483/3900/2290
f 3484/3901/2291 3482/3899/2290 3483/3900/2290
f 3484/3901/2291 3483/3900/2290 3485/3902/2292
f 3486/3903/2293 3484/3901/2291 3485/3902/2292
f 3486/3903/2293 3485/3902/2292 3487/3904/2294
f 3453/3868/2271 3486/3903/2293 3487/3904/2294
f 3453/3868/2271 3487/3904/2294 3454/3869/2272
f 3488/3905/2295 3489/3906/2296 3490/3907/2297
f 3488/3905/2295 3490/3907/2297 3491/3908/2298
f 3489/3906/2296 3492/3909/2299 3493/3910/2300
f 3489/3906/2296 3493/3910/2300 3490/3907/2297
f 3492/3911/2299 3494/3912/2301 3495/3913/2302
f 3492/3911/2299 3495/3913/2302 3493/3914/2300
f 3494/3912/2301 3496/3915/2303 3497/3916/2304
f 3494/3912/2301 3497/3916/2304 3495/3913/2302
f 3496/3915/2303 3498/3917/2305 3499/3918/2306
f 3496/3915/2303 3499/3918/2306 3497/3916/2304
f 3498/3917/2305 3500/3919/2307 3501/3920/2308
f 3498/3917/2305 3501/3920/2308 3499/3918/2306
f 3500/3919/2307 3502/3921/2309 3503/3922/2310
f 3500/3919/2307 3503/3922/2310 3501/3920/2308
f 3502/3921/2309 3504/3923/2311 3505/3924/2312
f 3502/3921/2309 3505/3924/2312 3503/3922/2310
f 3504/3923/2311 3506/3925/2313 3507/3926/2314
f 3504/3923/2311 3507/3926/2314 3505/3924/2312
f 3506/3925/2313 3508/3927/2315 3509/3928/2316
f 3506/3925/2313 3509/3928/2316 3507/3926/2314
f 3508/3927/2315 3510/3929/2317 3511/3930/2318
f 3508/3927/2315 3511/3930/2318 3509/3928/2316
f 3510/3929/2317 3512/3931/2319 3513/3932/2320
f 3510/3929/2317 3513/3932/2320 3511/3930/2318
f 3512/3931/2319 3514/3933/2321 3515/3934/2322
f 3512/3931/2319 3515/3934/2322 3513/3932/2320
f 3514/3933/2321 3516/3935/2323 3517/3936/2324
f 3514/3933/2321 3517/3936/2324 3515/3934/2322
f 3516/3935/2323 3518/3937/2325 3519/3938/2326
f 3516/3935/2323 3519/3938/2326 3517/3936/2324
f 3518/3937/2325 3520/3939/2327 3521/3940/2328
f 3518/3937/2325 3521/3940/2328 3519/3938/2326
f 3520/3939/2327 3522/3941/2329 3523/3942/2330
f 3520/3939/2327 3523/3942/2330 3521/3940/2328
f 3522/3941/2329 3488/3905/2295 3491/3908/2298
f 3522/3941/2329 3491/3908/2298 3523/3942/2330
f 3524/3943/2331 3525/3944/2332 3491/3908/2298
f 3524/3943/2331 3491/3908/2298 3490/3907/2297
f 3526/3945/2333 3524/3943/2331 3490/3907/2297
f 3526/3945/2333 3490/3907/2297 3493/3910/2300
f 3527/3946/2334 3526/3947/2333 3493/3914/2300
f 3527/3946/2334 3493/3914/2300 3495/3913/2302
f 3528/3948/2335 3527/3946/2334 3495/3913/2302
f 3528/3948/2335 3495/3913/2302 3497/3916/2304
f 3529/3949/2336 3528/3948/2335 3497/3916/2304
f 3529/3949/2336 3497/3916/2304 3499/3918/2306
f 3530/3950/2337 3529/3949/2336 3499/3918/2306
f 3530/3950/2337 3499/3918/2306 3501/3920/2308
f 3531/3951/2338 3530/3950/2337 3501/3920/2308
f 3531/3951/2338 3501/3920/2308 3503/3922/2310
f 3532/3952/2339 3531/3951/2338 3503/3922/2310
f 3532/3952/2339 3503/3922/2310 3505/3924/2312
f 3533/3953/2340 3532/3952/2339 3505/3924/2312
f 3533/3953/2340 3505/3924/2312 3507/3926/2314
f 3534/3954/2341 3533/3953/2340 3507/3926/2314
f 3534/3954/2341 3507/3926/2314 3509/3928/2316
f 3535/3955/2342 3534/3954/2341 3509/3928/2316
f 3535/3955/2342 3509/3928/2316 3511/3930/2318
f 3536/3956/2343 3535/3955/2342 3511/3930/2318
f 3536/3956/2343 3511/3930/2318 3513/3932/2320
f 3537/3957/2344 3536/3956/2343 3513/3932/2320
f 3537/3957/2344 3513/3932/2320 3515/3934/2322
f 3538/3958/2345 3537/3957/2344 3515/3934/2322
f 3538/3958/2345 3515/3934/2322 3517/3936/2324
f 3539/3959/2346 3538/3958/2345 3517/3936/2324
f 3539/3959/2346 3517/3936/2324 3519/3938/2326
f 3540/3960/2347 3539/3959/2346 3519/3938/2326
f 3540/3960/2347 3519/3938/2326 3521/3940/2328
f 3541/3961/2348 3540/3960/2347 3521/3940/2328
f 3541/3961/2348 3521/3940/2328 3523/3942/2330
f 3525/3944/2332 3541/3961/2348 3523/3942/2330
f 3525/3944/2332 3523/3942/2330 3491/3908/2298
f 3525/3944/2332 3524/3943/2331 3542/3962/2349
f 3525/3944/2332 3542/3962/2349 3543/3963/2350
f 3524/3943/2331 3526/3945/2333 3544/3964/2351
f 3524/3943/2331 3544/3964/2351 3542/3962/2349
f 3526/3947/2333 3527/3946/2334 3545/3965/2352
f 3526/3947/2333 3545/3965/2352 3544/3966/2351
f 3527/3946/2334 3528/3948/2335 3546/3967/2353
f 3527/3946/2334 3546/3967/2353 3545/3965/2352
f 3528/3948/2335 3529/3949/2336 3547/3968/2354
f 3528/3948/2335 3547/3968/2354 3546/3967/2353
f 3529/3949/2336 3530/3950/2337 3548/3969/2355
f 3529/3949/2336 3548/3969/2355 3547/3968/2354
f 3530/3950/2337 3531/3951/2338 3549/3970/2356
f 3530/3950/2337 3549/3970/2356 3548/3969/2355
f 3531/3951/2338 3532/3952/2339 3550/3971/2357
f 3531/3951/2338 3550/3971/2357 3549/3970/2356
f 3532/3952/2339 3533/3953/2340 3551/3972/2358
f 3532/3952/2339 3551/3972/2358 3550/3971/2357
f 3533/3953/2340 3534/3954/2341 3552/3973/2359
f 3533/3953/2340 3552/3973/2359 3551/3972/2358
f 3534/3954/2341 3535/3955/2342 3553/3974/2360
f 3534/3954/2341 3553/3974/2360 3552/3973/2359
f 3535/3955/2342 3536/3956/2343 3554/3975/2361
f 3535/3955/2342 3554/3975/2361 3553/3974/2360
f 3536/3956/2343 3537/3957/2344 3555/3976/2362
f 3536/3956/2343 3555/3976/2362 3554/3975/2361
f 3537/3957/2344 3538/3958/2345 3556/3977/2363
f 3537/3957/2344 3556/3977/2363 3555/3976/2362
f 3538/3958/2345 3539/3959/2346 3557/3978/2364
f 3538/3958/2345 3557/3978/2364 3556/3977/2363
f 3539/3959/2346 3540/3960/2347 3558/3979/2365
f 3539/3959/2346 3558/3979/2365 3557/3978/2364
f 3540/3960/2347 3541/3961/2348 3559/3980/2366
f 3540/3960/2347 3559/3980/2366 3558/3979/2365
f 3541/3961/2348 3525/3944/2332 3543/3963/2350
f 3541/3961/2348 3543/3963/2350 3559/3980/2366
f 3560/3981/2367 3561/3982/2368 3562/3983/2369
f 3560/3981/2367 3562/3983/2369 3563/3984/2370
f 3561/3982/2368 3564/3985/2371 3565/3986/2372
f 3561/3982/2368 3565/3986/2372 3562/3983/2369
f 3564/3987/2371 3566/3988/2373 3567/3989/2374
f 3564/3987/2371 3567/3989/2374 3565/3990/2372
f 3566/3988/2373 3568/3991/2375 3569/3992/2376
f 3566/3988/2373 3569/3992/2376 3567/3989/2374
f 3568/3991/2375 3570/3993/2377 3571/3994/2378
f 3568/3991/2375 3571/3994/2378 3569/3992/2376
f 3570/3993/2377 3572/3995/2379 3573/3996/2380
f 3570/3993/2377 3573/3996/2380 3571/3994/2378
f 3572/3995/2379 3574/3997/2381 3575/3998/2382
f 3572/3995/2379 3575/3998/2382 3573/3996/2380
f 3574/3997/2381 3576/3999/2383 3577/4000/2384
f 3574/3997/2381 3577/4000/2384 3575/3998/2382
f 3576/3999/2383 3578/4001/2385 3579/4002/2386
f 3576/3999/2383 3579/4002/2386 3577/4000/2384
f 3578/4001/2385 3580/4003/2387 3581/4004/2388
f 3578/4001/2385 3581/4004/2388 3579/4002/2386
f 3580/4003/2387 3582/4005/2389 3583/4006/2390
f 3580/4003/2387 3583/4006/2390 3581/4004/2388
f 3582/4005/2389 3584/4007/2391 3585/4008/2392
f 3582/4005/2389 3585/4008/2392 3583/4006/2390
f 3584/4007/2391 3586/4009/2393 3587/4010/2394
f 3584/4007/2391 3587/4010/2394 3585/4008/2392
f 3586/4009/2393 3588/4011/2395 3589/4012/2396
f 3586/4009/2393 3589/4012/2396 3587/4010/2394
f 3588/4011/2395 3590/4013/2397 3591/4014/2398
f 3588/4011/2395 3591/4014/2398 3589/4012/2396
f 3590/4013/2397 3592/4015/2399 3593/4016/2400
f 3590/4013/2397 3593/4016/2400 3591/4014/2398
f 3592/4015/2399 3594/4017/2401 3595/4018/2402
f 3592/4015/2399 3595/4018/2402 3593/4016/2400
f 3594/4017/2401 3560/3981/2367 3563/3984/2370
f 3594/4017/2401 3563/3984/2370 3595/4018/2402
f 3596/4019/2403 3597/4020/2404 3598/4021/2405
f 3596/4019/2403 3598/4021/2405 3599/4022/2406
f 3600/4023/2407 3596/4019/2403 3599/4022/2406
f 3600/4023/2407 3599/4022/2406 3601/4024/2408
f 3602/4025/2409 3600/4026/2407 3601/4027/2408
f 3602/4025/2409 3601/4027/2408 3603/4028/2410
f 3604/4029/2411 3602/4025/2409 3603/4028/2410
f 3604/4029/2411 3603/4028/2410 3605/4030/2412
f 3606/4031/2413 3604/4029/2411 3605/4030/2412
f 3606/4031/2413 3605/4030/2412 3607/4032/2414
f 3608/4033/2415 3606/4031/2413 3607/4032/2414
f 3608/4033/2415 3607/4032/2414 3609/4034/2416
f 3610/4035/2417 3608/4033/2415 3609/4034/2416
f 3610/4035/2417 3609/4034/2416 3611/4036/2418
f 3612/4037/2419 3610/4035/2417 3611/4036/2418
f 3612/4037/2419 3611/4036/2418 3613/4038/2420
f 3614/4039/2421 3612/4037/2419 3613/4038/2420
f 3614/4039/2421 3613/4038/2420 3615/4040/2422
f 3616/4041/2423 3614/4039/2421 3615/4040/2422
f 3616/4041/2423 3615/4040/2422 3617/4042/2424
f 3618/4043/2425 3616/4041/2423 3617/4042/2424
f 3618/4043/2425 3617/4042/2424 3619/4044/2426
f 3620/4045/2427 3618/4043/2425 3619/4044/2426
f 3620/4045/2427 3619/4044/2426 3621/4046/2428
f 3622/4047/2429 3620/4045/2427 3621/4046/2428
f 3622/4047/2429 3621/4046/2428 3623/4048/2430
f 3624/4049/2431 3622/4047/2429 3623/4048/2430
f 3624/4049/2431 3623/4048/2430 3625/4050/2432
f 3626/4051/2433 3624/4049/2431 3625/4050/2432
f 3626/4051/2433 3625/4050/2432 3627/4052/2434
f 3628/4053/2435 3626/4051/2433 3627/4052/2434
f 3628/4053/2435 3627/4052/2434 3629/4054/2436
f 3630/4055/2437 3628/4053/2435 3629/4054/2436
f 3630/4055/2437 3629/4054/2436 3631/4056/2438
f 3597/4020/2404 3630/4055/2437 3631/4056/2438
f 3597/4020/2404 3631/4056/2438 3598/4021/2405
f 3632/4057/2439 3633/4058/2440 3597/4020/2404
f 3632/4057/2439 3597/4020/2404 3596/4019/2403
f 3634/4059/2441 3635/4060/2442 3599/4022/2406
f 3634/4059/2441 3599/4022/2406 3598/4021/2405
f 3636/4061/2443 3632/4057/2439 3596/4019/2403
f 3636/4061/2443 3596/4019/2403 3600/4023/2407
f 3635/4060/2442 3637/4062/2444 3601/4024/2408
f 3635/4060/2442 3601/4024/2408 3599/4022/2406
f 3638/4063/2445 3636/4064/2443 3600/4026/2407
f 3638/4063/2445 3600/4026/2407 3602/4025/2409
f 3637/4065/2444 3639/4066/2446 3603/4028/2410
f 3637/4065/2444 3603/4028/2410 3601/4027/2408
f 3640/4067/2447 3638/4063/2445 3602/4025/2409
f 3640/4067/2447 3602/4025/2409 3604/4029/2411
f 3639/4066/2446 3641/4068/2448 3605/4030/2412
f 3639/4066/2446 3605/4030/2412 3603/4028/2410
f 3642/4069/2449 3640/4067/2447 3604/4029/2411
f 3642/4069/2449 3604/4029/2411 3606/4031/2413
f 3641/4068/2448 3643/4070/2450 3607/4032/2414
f 3641/4068/2448 3607/4032/2414 3605/4030/2412
f 3644/4071/2451 3642/4069/2449 3606/4031/2413
f 3644/4071/2451 3606/4031/2413 3608/4033/2415
f 3643/4070/2450 3645/4072/2452 3609/4034/2416
f 3643/4070/2450 3609/4034/2416 3607/4032/2414
f 3646/4073/2453 3644/4071/2451 3608/4033/2415
f 3646/4073/2453 3608/4033/2415 3610/4035/2417
f 3645/4072/2452 3647/4074/2454 3611/4036/2418
f 3645/4072/2452 3611/4036/2418 3609/4034/2416
f 3648/4075/2455 3646/4073/2453 3610/4035/2417
f 3648/4075/2455 3610/4035/2417 3612/4037/2419
f 3647/4074/2454 3649/4076/2456 3613/4038/2420
f 3647/4074/2454 3613/4038/2420 3611/4036/2418
f 3650/4077/2457 3648/4075/2455 3612/4037/2419
f 3650/4077/2457 3612/4037/2419 3614/4039/2421
f 3649/4076/2456 3651/4078/2458 3615/4040/2422
f 3649/4076/2456 3615/4040/2422 3613/4038/2420
f 3652/4079/2459 3650/4077/2457 3614/4039/2421
f 3652/4079/2459 3614/4039/2421 3616/4041/2423
f 3651/4078/2458 3653/4080/2460 3617/4042/2424
f 3651/4078/2458 3617/4042/2424 3615/4040/2422
f 3654/4081/2461 3652/4079/2459 3616/4041/2423
f 3654/4081/2461 3616/4041/2423 3618/4043/2425
f 3653/4080/2460 3655/4082/2462 3619/4044/2426
f 3653/4080/2460 3619/4044/2426 3617/4042/2424
f 3656/4083/2463 3654/4081/2461 3618/4043/2425
f 3656/4083/2463 3618/4043/2425 3620/4045/2427
f 3655/4082/2462 3657/4084/2464 3621/4046/2428
f 3655/4082/2462 3621/4046/2428 3619/4044/2426
f 3658/4085/2465 3656/4083/2463 3620/4045/2427
f 3658/4085/2465 3620/4045/2427 3622/4047/2429
f 3657/4084/2464 3659/4086/2466 3623/4048/2430
f 3657/4084/2464 3623/4048/2430 3621/4046/2428
f 3660/4087/2467 3658/4085/2465 3622/4047/2429
f 3660/4087/2467 3622/4047/2429 3624/4049/2431
f 3659/4086/2466 3661/4088/2468 3625/4050/2432
f 3659/4086/2466 3625/4050/2432 3623/4048/2430
f 3662/4089/2469 3660/4087/2467 3624/4049/2431
f 3662/4089/2469 3624/4049/2431 3626/4051/2433
f 3661/4088/2468 3663/4090/2470 3627/4052/2434
f 3661/4088/2468 3627/4052/2434 3625/4050/2432
f 3664/4091/2471 3662/4089/2469 3626/4051/2433
f 3664/4091/2471 3626/4051/2433 3628/4053/2435
f 3663/4090/2470 3665/4092/2472 3629/4054/2436
f 3663/4090/2470 3629/4054/2436 3627/4052/2434
f 3666/4093/2473 3664/4091/2471 3628/4053/2435
f 3666/4093/2473 3628/4053/2435 3630/4055/2437
f 3665/4092/2472 3667/4094/2474 3631/4056/2438
f 3665/4092/2472 3631/4056/2438 3629/4054/2436
f 3633/4058/2440 3666/4093/2473 3630/4055/2437
f 3633/4058/2440 3630/4055/2437 3597/4020/2404
f 3667/4094/2474 3634/4059/2441 3598/4021/2405
f 3667/4094/2474 3598/4021/2405 3631/4056/2438
f 3561/3982/2368 3560/3981/2367 3543/3963/2350
f 3561/3982/2368 3543/3963/2350 3542/3962/2349
f 3564/3985/2371 3561/3982/2368 3542/3962/2349
f 3564/3985/2371 3542/3962/2349 3544/3964/2351
f 3566/3988/2373 3564/3987/2371 3544/3966/2351
f 3566/3988/2373 3544/3966/2351 3545/3965/2352
f 3568/3991/2375 3566/3988/2373 3545/3965/2352
f 3568/3991/2375 3545/3965/2352 3546/3967/2353
f 3570/3993/2377 3568/3991/2375 3546/3967/2353
f 3570/3993/2377 3546/3967/2353 3547/3968/2354
f 3572/3995/2379 3570/3993/2377 3547/3968/2354
f 3572/3995/2379 3547/3968/2354 3548/3969/2355
f 3574/3997/2381 3572/3995/2379 3548/3969/2355
f 3574/3997/2381 3548/3969/2355 3549/3970/2356
f 3576/3999/2383 3574/3997/2381 3549/3970/2356
f 3576/3999/2383 3549/3970/2356 3550/3971/2357
f 3578/4001/2385 3576/3999/2383 3550/3971/2357
f 3578/4001/2385 3550/3971/2357 3551/3972/2358
f 3580/4003/2387 3578/4001/2385 3551/3972/2358
f 3580/4003/2387 3551/3972/2358 3552/3973/2359
f 3582/4005/2389 3580/4003/2387 3552/3973/2359
f 3582/4005/2389 3552/3973/2359 3553/3974/2360
f 3584/4007/2391 3582/4005/2389 3553/3974/2360
f 3584/4007/2391 3553/3974/2360 3554/3975/2361
f 3586/4009/2393 3584/4007/2391 3554/3975/2361
f 3586/4009/2393 3554/3975/2361 3555/3976/2362
f 3588/4011/2395 3586/4009/2393 3555/3976/2362
f 3588/4011/2395 3555/3976/2362 3556/3977/2363
f 3590/4013/2397 3588/4011/2395 3556/3977/2363
f 3590/4013/2397 3556/3977/2363 3557/3978/2364
f 3592/4015/2399 3590/4013/2397 3557/3978/2364
f 3592/4015/2399 3557/3978/2364 3558/3979/2365
f 3594/4017/2401 3592/4015/2399 3558/3979/2365
f 3594/4017/2401 3558/3979/2365 3559/3980/2366
f 3560/3981/2367 3594/4017/2401 3559/3980/2366
f 3560/3981/2367 3559/3980/2366 3543/3963/2350
f 3489/3906/2296 3488/3905/2295 3453/3868/2271
f 3489/3906/2296 3453/3868/2271 3452/3867/2270
f 3668/4095/2475 3669/4096/2476 3455/3870/2270
f 3668/4095/2475 3455/3870/2270 3454/3869/2272
f 3492/3909/2299 3489/3906/2296 3452/3867/2270
f 3492/3909/2299 3452/3867/2270 3456/3871/2273
f 3669/4096/2476 3670/4097/2477 3457/3872/2273
f 3669/4096/2476 3457/3872/2273 3455/3870/2270
f 3494/3912/2301 3492/3911/2299 3456/3874/2273
f 3494/3912/2301 3456/3874/2273 3458/3873/2274
f 3670/4098/2477 3671/4099/2478 3459/3876/2275
f 3670/4098/2477 3459/3876/2275 3457/3875/2273
f 3496/3915/2303 3494/3912/2301 3458/3873/2274
f 3496/3915/2303 3458/3873/2274 3460/3877/2276
f 3671/4099/2478 3672/4100/2479 3461/3878/2276
f 3671/4099/2478 3461/3878/2276 3459/3876/2275
f 3498/3917/2305 3496/3915/2303 3460/3877/2276
f 3498/3917/2305 3460/3877/2276 3462/3879/2277
f 3672/4100/2479 3673/4101/2480 3463/3880/2277
f 3672/4100/2479 3463/3880/2277 3461/3878/2276
f 3500/3919/2307 3498/3917/2305 3462/3879/2277
f 3500/3919/2307 3462/3879/2277 3464/3881/2278
f 3673/4101/2480 3674/4102/2481 3465/3882/2278
f 3673/4101/2480 3465/3882/2278 3463/3880/2277
f 3502/3921/2309 3500/3919/2307 3464/3881/2278
f 3502/3921/2309 3464/3881/2278 3466/3883/2279
f 3674/4102/2481 3675/4103/2482 3467/3884/2279
f 3674/4102/2481 3467/3884/2279 3465/3882/2278
f 3504/3923/2311 3502/3921/2309 3466/3883/2279
f 3504/3923/2311 3466/3883/2279 3468/3885/2280
f 3675/4103/2482 3676/4104/2483 3469/3886/2280
f 3675/4103/2482 3469/3886/2280 3467/3884/2279
f 3506/3925/2313 3504/3923/2311 3468/3885/2280
f 3506/3925/2313 3468/3885/2280 3470/3887/2281
f 3676/4104/2483 3677/4105/2484 3471/3888/2282
f 3676/4104/2483 3471/3888/2282 3469/3886/2280
f 3508/3927/2315 3506/3925/2313 3470/3887/2281
f 3508/3927/2315 3470/3887/2281 3472/3889/2283
f 3677/4105/2484 3678/4106/2485 3473/3890/2284
f 3677/4105/2484 3473/3890/2284 3471/3888/2282
f 3510/3929/2317 3508/3927/2315 3472/3889/2283
f 3510/3929/2317 3472/3889/2283 3474/3891/2285
f 3678/4106/2485 3679/4107/2486 3475/3892/2286
f 3678/4106/2485 3475/3892/2286 3473/3890/2284
f 3512/3931/2319 3510/3929/2317 3474/3891/2285
f 3512/3931/2319 3474/3891/2285 3476/3893/2287
f 3679/4107/2486 3680/4108/2487 3477/3894/2287
f 3679/4107/2486 3477/3894/2287 3475/3892/2286
f 3514/3933/2321 3512/3931/2319 3476/3893/2287
f 3514/3933/2321 3476/3893/2287 3478/3895/2288
f 3680/4108/2487 3681/4109/2488 3479/3896/2288
f 3680/4108/2487 3479/3896/2288 3477/3894/2287
f 3516/3935/2323 3514/3933/2321 3478/3895/2288
f 3516/3935/2323 3478/3895/2288 3480/3897/2289
f 3681/4109/2488 3682/4110/2489 3481/3898/2289
f 3681/4109/2488 3481/3898/2289 3479/3896/2288
f 3518/3937/2325 3516/3935/2323 3480/3897/2289
f 3518/3937/2325 3480/3897/2289 3482/3899/2290
f 3682/4110/2489 3683/4111/2490 3483/3900/2290
f 3682/4110/2489 3483/3900/2290 3481/3898/2289
f 3520/3939/2327 3518/3937/2325 3482/3899/2290
f 3520/3939/2327 3482/3899/2290 3484/3901/2291
f 3683/4111/2490 3684/4112/2491 3485/3902/2292
f 3683/4111/2490 3485/3902/2292 3483/3900/2290
f 3522/3941/2329 3520/3939/2327 3484/3901/2291
f 3522/3941/2329 3484/3901/2291 3486/3903/2293
f 3684/4112/2491 3685/4113/2492 3487/3904/2294
f 3684/4112/2491 3487/3904/2294 3485/3902/2292
f 3488/3905/2295 3522/3941/2329 3486/3903/2293
f 3488/3905/2295 3486/3903/2293 3453/3868/2271
f 3685/4113/2492 3668/4095/2475 3454/3869/2272
f 3685/4113/2492 3454/3869/2272 3487/3904/2294
f 3669/4096/2476 3668/4095/2475 3417/3830/2253
f 3669/4096/2476 3417/3830/2253 3416/3829/2252
f 3399/3811/2235 3398/3810/2234 3419/3832/2252
f 3399/3811/2235 3419/3832/2252 3418/3831/2253
f 3670/4097/2477 3669/4096/2476 3416/3829/2252
f 3670/4097/2477 3416/3829/2252 3420/3833/2254
f 3398/3810/2234 3400/3812/2236 3421/3834/2254
f 3398/3810/2234 3421/3834/2254 3419/3832/2252
f 3671/4099/2478 3670/4098/2477 3420/3836/2254
f 3671/4099/2478 3420/3836/2254 3422/3835/2255
f 3400/3814/2236 3401/3813/2237 3423/3838/2255
f 3400/3814/2236 3423/3838/2255 3421/3837/2254
f 3672/4100/2479 3671/4099/2478 3422/3835/2255
f 3672/4100/2479 3422/3835/2255 3424/3839/2256
f 3401/3813/2237 3402/3815/2238 3425/3840/2256
f 3401/3813/2237 3425/3840/2256 3423/3838/2255
f 3673/4101/2480 3672/4100/2479 3424/3839/2256
f 3673/4101/2480 3424/3839/2256 3426/3841/2257
f 3402/3815/2238 3403/3816/2239 3427/3842/2257
f 3402/3815/2238 3427/3842/2257 3425/3840/2256
f 3674/4102/2481 3673/4101/2480 3426/3841/2257
f 3674/4102/2481 3426/3841/2257 3428/3843/2258
f 3403/3816/2239 3404/3817/2240 3429/3844/2258
f 3403/3816/2239 3429/3844/2258 3427/3842/2257
f 3675/4103/2482 3674/4102/2481 3428/3843/2258
f 3675/4103/2482 3428/3843/2258 3430/3845/2259
f 3404/3817/2240 3405/3818/2241 3431/3846/2259
f 3404/3817/2240 3431/3846/2259 3429/3844/2258
f 3676/4104/2483 3675/4103/2482 3430/3845/2259
f 3676/4104/2483 3430/3845/2259 3432/3847/2260
f 3405/3818/2241 3406/3819/2242 3433/3848/2260
f 3405/3818/2241 3433/3848/2260 3431/3846/2259
f 3677/4105/2484 3676/4104/2483 3432/3847/2260
f 3677/4105/2484 3432/3847/2260 3434/3849/2261
f 3406/3819/2242 3407/3820/2243 3435/3850/2261
f 3406/3819/2242 3435/3850/2261 3433/3848/2260
f 3678/4106/2485 3677/4105/2484 3434/3849/2261
f 3678/4106/2485 3434/3849/2261 3436/3851/2262
f 3407/3820/2243 3408/3821/2244 3437/3852/2262
f 3407/3820/2243 3437/3852/2262 3435/3850/2261
f 3679/4107/2486 3678/4106/2485 3436/3851/2262
f 3679/4107/2486 3436/3851/2262 3438/3853/2263
f 3408/3821/2244 3409/3822/2245 3439/3854/2263
f 3408/3821/2244 3439/3854/2263 3437/3852/2262
f 3680/4108/2487 3679/4107/2486 3438/3853/2263
f 3680/4108/2487 3438/3853/2263 3440/3855/2264
f 3409/3822/2245 3410/3823/2246 3441/3856/2264
f 3409/3822/2245 3441/3856/2264 3439/3854/2263
f 3681/4109/2488 3680/4108/2487 3440/3855/2264
f 3681/4109/2488 3440/3855/2264 3442/3857/2265
f 3410/3823/2246 3411/3824/2247 3443/3858/2265
f 3410/3823/2246 3443/3858/2265 3441/3856/2264
f 3682/4110/2489 3681/4109/2488 3442/3857/2265
f 3682/4110/2489 3442/3857/2265 3444/3859/2266
f 3411/3824/2247 3412/3825/2248 3445/3860/2266
f 3411/3824/2247 3445/3860/2266 3443/3858/2265
f 3683/4111/2490 3682/4110/2489 3444/3859/2266
f 3683/4111/2490 3444/3859/2266 3446/3861/2267
f 3412/3825/2248 3413/3826/2249 3447/3862/2267
f 3412/3825/2248 3447/3862/2267 3445/3860/2266
f 3684/4112/2491 3683/4111/2490 3446/3861/2267
f 3684/4112/2491 3446/3861/2267 3448/3863/2268
f 3413/3826/2249 3414/3827/2250 3449/3864/2268
f 3413/3826/2249 3449/3864/2268 3447/3862/2267
f 3685/4113/2492 3684/4112/2491 3448/3863/2268
f 3685/4113/2492 3448/3863/2268 3450/3865/2269
f 3414/3827/2250 3415/3828/2251 3451/3866/2269
f 3414/3827/2250 3451/3866/2269 3449/3864/2268
f 3668/4095/2475 3685/4113/2492 3450/3865/2269
f 3668/4095/2475 3450/3865/2269 3417/3830/2253
f 3415/3828/2251 3399/3811/2235 3418/3831/2253
f 3415/3828/2251 3418/3831/2253 3451/3866/2269
f 3563/3984/2370 3562/3983/2369 3635/4060/2442
f 3563/3984/2370 3635/4060/2442 3634/4059/2441
f 3562/3983/2369 3565/3986/2372 3637/4062/2444
f 3562/3983/2369 3637/4062/2444 3635/4060/2442
f 3565/3990/2372 3567/3989/2374 3639/4066/2446
f 3565/3990/2372 3639/4066/2446 3637/4065/2444
f 3567/3989/2374 3569/3992/2376 3641/4068/2448
f 3567/3989/2374 3641/4068/2448 3639/4066/2446
f 3569/3992/2376 3571/3994/2378 3643/4070/2450
f 3569/3992/2376 3643/4070/2450 3641/4068/2448
f 3571/3994/2378 3573/3996/2380 3645/4072/2452
f 3571/3994/2378 3645/4072/2452 3643/4070/2450
f 3573/3996/2380 3575/3998/2382 3647/4074/2454
f 3573/3996/2380 3647/4074/2454 3645/4072/2452
f 3575/3998/2382 3577/4000/2384 3649/4076/2456
f 3575/3998/2382 3649/4076/2456 3647/4074/2454
f 3577/4000/2384 3579/4002/2386 3651/4078/2458
f 3577/4000/2384 3651/4078/2458 3649/4076/2456
f 3579/4002/2386 3581/4004/2388 3653/4080/2460
f 3579/4002/2386 3653/4080/2460 3651/4078/2458
f 3581/4004/2388 3583/4006/2390 3655/4082/2462
f 3581/4004/2388 3655/4082/2462 3653/4080/2460
f 3583/4006/2390 3585/4008/2392 3657/4084/2464
f 3583/4006/2390 3657/4084/2464 3655/4082/2462
f 3585/4008/2392 3587/4010/2394 3659/4086/2466
f 3585/4008/2392 3659/4086/2466 3657/4084/2464
f 3587/4010/2394 3589/4012/2396 3661/4088/2468
f 3587/4010/2394 3661/4088/2468 3659/4086/2466
f 3589/4012/2396 3591/4014/2398 3663/4090/2470
f 3589/4012/2396 3663/4090/2470 3661/4088/2468
f 3591/4014/2398 3593/4016/2400 3665/4092/2472
f 3591/4014/2398 3665/4092/2472 3663/4090/2470
f 3593/4016/2400 3595/4018/2402 3667/4094/2474
f 3593/4016/2400 3667/4094/2474 3665/4092/2472
f 3595/4018/2402 3563/3984/2370 3634/4059/2441
f 3595/4018/2402 3634/4059/2441 3667/4094/2474
f 3345/3754/2181 3344/3753/2180 3327/3735/2163
f 3345/3754/2181 3327/3735/2163 3326/3734/2162
f 3348/3757/2184 3345/3754/2181 3326/3734/2162
f 3348/3757/2184 3326/3734/2162 3328/3736/2164
f 3350/3760/2186 3348/3759/2184 3328/3738/2164
f 3350/3760/2186 3328/3738/2164 3329/3737/2165
f 3352/3763/2188 3350/3760/2186 3329/3737/2165
f 3352/3763/2188 3329/3737/2165 3330/3739/2166
f 3354/3765/2190 3352/3763/2188 3330/3739/2166
f 3354/3765/2190 3330/3739/2166 3331/3740/2167
f 3356/3767/2192 3354/3765/2190 3331/3740/2167
f 3356/3767/2192 3331/3740/2167 3332/3741/2168
f 3358/3769/2194 3356/3767/2192 3332/3741/2168
f 3358/3769/2194 3332/3741/2168 3333/3742/2169
f 3360/3771/2196 3358/3769/2194 3333/3742/2169
f 3360/3771/2196 3333/3742/2169 3334/3743/2170
f 3362/3773/2198 3360/3771/2196 3334/3743/2170
f 3362/3773/2198 3334/3743/2170 3335/3744/2171
f 3364/3775/2200 3362/3773/2198 3335/3744/2171
f 3364/3775/2200 3335/3744/2171 3336/3745/2172
f 3366/3777/2202 3364/3775/2200 3336/3745/2172
f 3366/3777/2202 3336/3745/2172 3337/3746/2173
f 3368/3779/2204 3366/3777/2202 3337/3746/2173
f 3368/3779/2204 3337/3746/2173 3338/3747/2174
f 3370/3781/2206 3368/3779/2204 3338/3747/2174
f 3370/3781/2206 3338/3747/2174 3339/3748/2175
f 3372/3783/2208 3370/3781/2206 3339/3748/2175
f 3372/3783/2208 3339/3748/2175 3340/3749/2176
f 3374/3785/2210 3372/3783/2208 3340/3749/2176
f 3374/3785/2210 3340/3749/2176 3341/3750/2177
f 3376/3787/2212 3374/3785/2210 3341/3750/2177
f 3376/3787/2212 3341/3750/2177 3342/3751/2178
f 3378/3789/2214 3376/3787/2212 3342/3751/2178
f 3378/3789/2214 3342/3751/2178 3343/3752/2179
f 3344/3753/2180 3378/3789/2214 3343/3752/2179
f 3344/3753/2180 3343/3752/2179 3327/3735/2163
f 3686/4114/2493 3687/4115/2494 3688/4116/2495
f 3686/4114/2493 3688/4116/2495 3689/4117/2496
f 3690/4118/2497 3686/4114/2493 3689/4117/2496
f 3690/4118/2497 3689/4117/2496 3691/4119/2498
f 3692/4120/2499 3690/4121/2497 3691/4122/2498
f 3692/4120/2499 3691/4122/2498 3693/4123/2500
f 3694/4124/2501 3692/4120/2499 3693/4123/2500
f 3694/4124/2501 3693/4123/2500 3695/4125/2502
f 3696/4126/2503 3694/4124/2501 3695/4125/2502
f 3696/4126/2503 3695/4125/2502 3697/4127/2504
f 3698/4128/2505 3696/4126/2503 3697/4127/2504
f 3698/4128/2505 3697/4127/2504 3699/4129/2506
f 3700/4130/2507 3698/4128/2505 3699/4129/2506
f 3700/4130/2507 3699/4129/2506 3701/4131/2508
f 3702/4132/2509 3700/4130/2507 3701/4131/2508
f 3702/4132/2509 3701/4131/2508 3703/4133/2510
f 3704/4134/2511 3702/4132/2509 3703/4133/2510
f 3704/4134/2511 3703/4133/2510 3705/4135/2512
f 3706/4136/2513 3704/4134/2511 3705/4135/2512
f 3706/4136/2513 3705/4135/2512 3707/4137/2514
f 3708/4138/2515 3706/4136/2513 3707/4137/2514
f 3708/4138/2515 3707/4137/2514 3709/4139/2516
f 3710/4140/2517 3708/4138/2515 3709/4139/2516
f 3710/4140/2517 3709/4139/2516 3711/4141/2518
f 3712/4142/2519 3710/4140/2517 3711/4141/2518
f 3712/4142/2519 3711/4141/2518 3713/4143/2520
f 3714/4144/2521 3712/4142/2519 3713/4143/2520
f 3714/4144/2521 3713/4143/2520 3715/4145/2522
f 3716/4146/2523 3714/4144/2521 3715/4145/2522
f 3716/4146/2523 3715/4145/2522 3717/4147/2524
f 3718/4148/2525 3716/4146/2523 3717/4147/2524
f 3718/4148/2525 3717/4147/2524 3719/4149/2526
f 3720/4150/2527 3718/4148/2525 3719/4149/2526
f 3720/4150/2527 3719/4149/2526 3721/4151/2528
f 3687/4115/2494 3720/4150/2527 3721/4151/2528
f 3687/4115/2494 3721/4151/2528 3688/4116/2495
f 3687/4115/2494 3686/4114/2493 3722/4152/2529
f 3687/4115/2494 3722/4152/2529 3723/4153/2530
f 3686/4114/2493 3690/4118/2497 3724/4154/2531
f 3686/4114/2493 3724/4154/2531 3722/4152/2529
f 3690/4121/2497 3692/4120/2499 3725/4155/2532
f 3690/4121/2497 3725/4155/2532 3724/4156/2531
f 3692/4120/2499 3694/4124/2501 3726/4157/2533
f 3692/4120/2499 3726/4157/2533 3725/4155/2532
f 3694/4124/2501 3696/4126/2503 3727/4158/2534
f 3694/4124/2501 3727/4158/2534 3726/4157/2533
f 3696/4126/2503 3698/4128/2505 3728/4159/2535
f 3696/4126/2503 3728/4159/2535 3727/4158/2534
f 3698/4128/2505 3700/4130/2507 3729/4160/2536
f 3698/4128/2505 3729/4160/2536 3728/4159/2535
f 3700/4130/2507 3702/4132/2509 3730/4161/2537
f 3700/4130/2507 3730/4161/2537 3729/4160/2536
f 3702/4132/2509 3704/4134/2511 3731/4162/2538
f 3702/4132/2509 3731/4162/2538 3730/4161/2537
f 3704/4134/2511 3706/4136/2513 3732/4163/2539
f 3704/4134/2511 3732/4163/2539 3731/4162/2538
f 3706/4136/2513 3708/4138/2515 3733/4164/2540
f 3706/4136/2513 3733/4164/2540 3732/4163/2539
f 3708/4138/2515 3710/4140/2517 3734/4165/2541
f 3708/4138/2515 3734/4165/2541 3733/4164/2540
f 3710/4140/2517 3712/4142/2519 3735/4166/2542
f 3710/4140/2517 3735/4166/2542 3734/4165/2541
f 3712/4142/2519 3714/4144/2521 3736/4167/2543
f 3712/4142/2519 3736/4167/2543 3735/4166/2542
f 3714/4144/2521 3716/4146/2523 3737/4168/2544
f 3714/4144/2521 3737/4168/2544 3736/4167/2543
f 3716/4146/2523 3718/4148/2525 3738/4169/2545
f 3716/4146/2523 3738/4169/2545 3737/4168/2544
f 3718/4148/2525 3720/4150/2527 3739/4170/2546
f 3718/4148/2525 3739/4170/2546 3738/4169/2545
f 3720/4150/2527 3687/4115/2494 3723/4153/2530
f 3720/4150/2527 3723/4153/2530 3739/4170/2546
f 3740/4171/1396 3741/4172/1540 3742/4173/1540
f 3740/4171/1396 3742/4173/1540 3743/4174/1396
f 3744/4175/1399 3740/4171/1396 3743/4174/1396
f 3744/4175/1399 3743/4174/1396 3745/4176/1399
f 3746/4177/2547 3744/4178/1399 3745/4179/1399
f 3746/4177/2547 3745/4179/1399 3747/4180/2547
f 3748/4181/1403 3746/4177/2547 3747/4180/2547
f 3748/4181/1403 3747/4180/2547 3749/4182/1403
f 3750/4183/1405 3748/4181/1403 3749/4182/1403
f 3750/4183/1405 3749/4182/1403 3751/4184/1405
f 3752/4185/2548 3750/4183/1405 3751/4184/1405
f 3752/4185/2548 3751/4184/1405 3753/4186/1407
f 3754/4187/1409 3752/4185/2548 3753/4186/1407
f 3754/4187/1409 3753/4186/1407 3755/4188/1409
f 3756/4189/1551 3754/4187/1409 3755/4188/1409
f 3756/4189/1551 3755/4188/1409 3757/4190/1411
f 3758/4191/1413 3756/4189/1551 3757/4190/1411
f 3758/4191/1413 3757/4190/1411 3759/4192/1413
f 3760/4193/1415 3758/4191/1413 3759/4192/1413
f 3760/4193/1415 3759/4192/1413 3761/4194/1415
f 3762/4195/1417 3760/4193/1415 3761/4194/1415
f 3762/4195/1417 3761/4194/1415 3763/4196/1557
f 3764/4197/2549 3762/4195/1417 3763/4196/1557
f 3764/4197/2549 3763/4196/1557 3765/4198/2549
f 3766/4199/1421 3764/4197/2549 3765/4198/2549
f 3766/4199/1421 3765/4198/2549 3767/4200/1421
f 3768/4201/1423 3766/4199/1421 3767/4200/1421
f 3768/4201/1423 3767/4200/1421 3769/4202/1423
f 3770/4203/1425 3768/4201/1423 3769/4202/1423
f 3770/4203/1425 3769/4202/1423 3771/4204/2550
f 3772/4205/1564 3770/4203/1425 3771/4204/2550
f 3772/4205/1564 3771/4204/2550 3773/4206/1564
f 3774/4207/1566 3772/4205/1564 3773/4206/1564
f 3774/4207/1566 3773/4206/1564 3775/4208/1566
f 3741/4172/1540 3774/4207/1566 3775/4208/1566
f 3741/4172/1540 3775/4208/1566 3742/4173/1540
f 3776/4209/2551 3777/4210/2552 3778/4211/2553
f 3776/4209/2551 3778/4211/2553 3779/4212/2554
f 3777/4210/2552 3780/4213/2555 3781/4214/2556
f 3777/4210/2552 3781/4214/2556 3778/4211/2553
f 3780/4215/2555 3782/4216/2557 3783/4217/2558
f 3780/4215/2555 3783/4217/2558 3781/4218/2556
f 3782/4216/2557 3784/4219/2559 3785/4220/2560
f 3782/4216/2557 3785/4220/2560 3783/4217/2558
f 3784/4219/2559 3786/4221/2561 3787/4222/2562
f 3784/4219/2559 3787/4222/2562 3785/4220/2560
f 3786/4221/2561 3788/4223/2563 3789/4224/2564
f 3786/4221/2561 3789/4224/2564 3787/4222/2562
f 3788/4223/2563 3790/4225/2565 3791/4226/2566
f 3788/4223/2563 3791/4226/2566 3789/4224/2564
f 3790/4225/2565 3792/4227/2567 3793/4228/2568
f 3790/4225/2565 3793/4228/2568 3791/4226/2566
f 3792/4227/2567 3794/4229/2569 3795/4230/2570
f 3792/4227/2567 3795/4230/2570 3793/4228/2568
f 3794/4229/2569 3796/4231/2571 3797/4232/2572
f 3794/4229/2569 3797/4232/2572 3795/4230/2570
f 3796/4231/2571 3798/4233/2573 3799/4234/2574
f 3796/4231/2571 3799/4234/2574 3797/4232/2572
f 3798/4233/2573 3800/4235/2575 3801/4236/2576
f 3798/4233/2573 3801/4236/2576 3799/4234/2574
f 3800/4235/2575 3802/4237/2577 3803/4238/2578
f 3800/4235/2575 3803/4238/2578 3801/4236/2576
f 3802/4237/2577 3804/4239/2579 3805/4240/2580
f 3802/4237/2577 3805/4240/2580 3803/4238/2578
f 3804/4239/2579 3806/4241/2581 3807/4242/2582
f 3804/4239/2579 3807/4242/2582 3805/4240/2580
f 3806/4241/2581 3808/4243/2583 3809/4244/2584
f 3806/4241/2581 3809/4244/2584 3807/4242/2582
f 3808/4243/2583 3810/4245/2585 3811/4246/2586
f 3808/4243/2583 3811/4246/2586 3809/4244/2584
f 3810/4245/2585 3776/4209/2551 3779/4212/2554
f 3810/4245/2585 3779/4212/2554 3811/4246/2586
f 3812/4247/2587 3813/4248/2588 3779/4212/2554
f 3812/4247/2587 3779/4212/2554 3778/4211/2553
f 3814/4249/2589 3812/4247/2587 3778/4211/2553
f 3814/4249/2589 3778/4211/2553 3781/4214/2556
f 3815/4250/2590 3814/4251/2589 3781/4218/2556
f 3815/4250/2590 3781/4218/2556 3783/4217/2558
f 3816/4252/2591 3815/4250/2590 3783/4217/2558
f 3816/4252/2591 3783/4217/2558 3785/4220/2560
f 3817/4253/2592 3816/4252/2591 3785/4220/2560
f 3817/4253/2592 3785/4220/2560 3787/4222/2562
f 3818/4254/2593 3817/4253/2592 3787/4222/2562
f 3818/4254/2593 3787/4222/2562 3789/4224/2564
f 3819/4255/2594 3818/4254/2593 3789/4224/2564
f 3819/4255/2594 3789/4224/2564 3791/4226/2566
f 3820/4256/2595 3819/4255/2594 3791/4226/2566
f 3820/4256/2595 3791/4226/2566 3793/4228/2568
f 3821/4257/2596 3820/4256/2595 3793/4228/2568
f 3821/4257/2596 3793/4228/2568 3795/4230/2570
f 3822/4258/2597 3821/4257/2596 3795/4230/2570
f 3822/4258/2597 3795/4230/2570 3797/4232/2572
f 3823/4259/2598 3822/4258/2597 3797/4232/2572
f 3823/4259/2598 3797/4232/2572 3799/4234/2574
f 3824/4260/2599 3823/4259/2598 3799/4234/2574
f 3824/4260/2599 3799/4234/2574 3801/4236/2576
f 3825/4261/2600 3824/4260/2599 3801/4236/2576
f 3825/4261/2600 3801/4236/2576 3803/4238/2578
f 3826/4262/2601 3825/4261/2600 3803/4238/2578
f 3826/4262/2601 3803/4238/2578 3805/4240/2580
f 3827/4263/2602 3826/4262/2601 3805/4240/2580
f 3827/4263/2602 3805/4240/2580 3807/4242/2582
f 3828/4264/2603 3827/4263/2602 3807/4242/2582
f 3828/4264/2603 3807/4242/2582 3809/4244/2584
f 3829/4265/2604 3828/4264/2603 3809/4244/2584
f 3829/4265/2604 3809/4244/2584 3811/4246/2586
f 3813/4248/2588 3829/4265/2604 3811/4246/2586
f 3813/4248/2588 3811/4246/2586 3779/4212/2554
f 3813/4248/2588 3812/4247/2587 3830/4266/2605
f 3813/4248/2588 3830/4266/2605 3831/4267/2606
f 3812/4247/2587 3814/4249/2589 3832/4268/2607
f 3812/4247/2587 3832/4268/2607 3830/4266/2605
f 3814/4251/2589 3815/4250/2590 3833/4269/2608
f 3814/4251/2589 3833/4269/2608 3832/4270/2607
f 3815/4250/2590 3816/4252/2591 3834/4271/2609
f 3815/4250/2590 3834/4271/2609 3833/4269/2608
f 3816/4252/2591 3817/4253/2592 3835/4272/2610
f 3816/4252/2591 3835/4272/2610 3834/4271/2609
f 3817/4253/2592 3818/4254/2593 3836/4273/2611
f 3817/4253/2592 3836/4273/2611 3835/4272/2610
f 3818/4254/2593 3819/4255/2594 3837/4274/2612
f 3818/4254/2593 3837/4274/2612 3836/4273/2611
f 3819/4255/2594 3820/4256/2595 3838/4275/2613
f 3819/4255/2594 3838/4275/2613 3837/4274/2612
f 3820/4256/2595 3821/4257/2596 3839/4276/2614
f 3820/4256/2595 3839/4276/2614 3838/4275/2613
f 3821/4257/2596 3822/4258/2597 3840/4277/2615
f 3821/4257/2596 3840/4277/2615 3839/4276/2614
f 3822/4258/2597 3823/4259/2598 3841/4278/2616
f 3822/4258/2597 3841/4278/2616 3840/4277/2615
f 3823/4259/2598 3824/4260/2599 3842/4279/2617
f 3823/4259/2598 3842/4279/2617 3841/4278/2616
f 3824/4260/2599 3825/4261/2600 3843/4280/2618
f 3824/4260/2599 3843/4280/2618 3842/4279/2617
f 3825/4261/2600 3826/4262/2601 3844/4281/2619
f 3825/4261/2600 3844/4281/2619 3843/4280/2618
f 3826/4262/2601 3827/4263/2602 3845/4282/2620
f 3826/4262/2601 3845/4282/2620 3844/4281/2619
f 3827/4263/2602 3828/4264/2603 3846/4283/2621
f 3827/4263/2602 3846/4283/2621 3845/4282/2620
f 3828/4264/2603 3829/4265/2604 3847/4284/2622
f 3828/4264/2603 3847/4284/2622 3846/4283/2621
f 3829/4265/2604 3813/4248/2588 3831/4267/2606
f 3829/4265/2604 3831/4267/2606 3847/4284/2622
f 3848/4285/2623 3849/4286/2624 3831/4287/2606
f 3848/4285/2623 3831/4287/2606 3830/4288/2605
f 3850/4289/2625 3848/4285/2623 3830/4288/2605
f 3850/4289/2625 3830/4288/2605 3832/4290/2607
f 3851/4291/2626 3850/4289/2625 3832/4290/2607
f 3851/4291/2626 3832/4290/2607 3833/4292/2608
f 3852/4293/2627 3851/4291/2626 3833/4292/2608
f 3852/4293/2627 3833/4292/2608 3834/4294/2609
f 3853/4295/2628 3852/4293/2627 3834/4294/2609
f 3853/4295/2628 3834/4294/2609 3835/4296/2610
f 3854/4297/2629 3853/4295/2628 3835/4296/2610
f 3854/4297/2629 3835/4296/2610 3836/4298/2611
f 3855/4299/2630 3854/4297/2629 3836/4298/2611
f 3855/4299/2630 3836/4298/2611 3837/4300/2612
f 3856/4301/2631 3855/4299/2630 3837/4300/2612
f 3856/4301/2631 3837/4300/2612 3838/4302/2613
f 3857/4303/2632 3856/4301/2631 3838/4302/2613
f 3857/4303/2632 3838/4302/2613 3839/4304/2614
f 3858/4305/2633 3857/4303/2632 3839/4304/2614
f 3858/4305/2633 3839/4304/2614 3840/4306/2615
f 3859/4307/2634 3858/4305/2633 3840/4306/2615
f 3859/4307/2634 3840/4306/2615 3841/4308/2616
f 3860/4309/2635 3859/4307/2634 3841/4308/2616
f 3860/4309/2635 3841/4308/2616 3842/4310/2617
f 3861/4311/2636 3860/4309/2635 3842/4310/2617
f 3861/4311/2636 3842/4310/2617 3843/4312/2618
f 3862/4313/2637 3861/4311/2636 3843/4312/2618
f 3862/4313/2637 3843/4312/2618 3844/4314/2619
f 3863/4315/2638 3862/4313/2637 3844/4314/2619
f 3863/4315/2638 3844/4314/2619 3845/4316/2620
f 3864/4317/2639 3863/4315/2638 3845/4316/2620
f 3864/4317/2639 3845/4316/2620 3846/4318/2621
f 3865/4319/2640 3864/4317/2639 3846/4318/2621
f 3865/4319/2640 3846/4318/2621 3847/4320/2622
f 3849/4286/2624 3865/4319/2640 3847/4320/2622
f 3849/4286/2624 3847/4320/2622 3831/4287/2606
f 3849/4286/2624 3848/4285/2623 3866/4321/2641 
f 3848/4285/2623 3850/4289/2625 3866/4321/2641 
f 3850/4289/2625 3851/4291/2626 3866/4321/2641 
f 3851/4291/2626 3852/4293/2627 3866/4321/2641 
f 3852/4293/2627 3853/4295/2628 3866/4321/2641 
f 3853/4295/2628 3854/4297/2629 3866/4321/2641 
f 3854/4297/2629 3855/4299/2630 3866/4321/2641 
f 3855/4299/2630 3856/4301/2631 3866/4321/2641 
f 3856/4301/2631 3857/4303/2632 3866/4321/2641 
f 3857/4303/2632 3858/4305/2633 3866/4321/2641 
f 3858/4305/2633 3859/4307/2634 3866/4321/2641 
f 3859/4307/2634 3860/4309/2635 3866/4321/2641 
f 3860/4309/2635 3861/4311/2636 3866/4321/2641 
f 3861/4311/2636 3862/4313/2637 3866/4321/2641 
f 3862/4313/2637 3863/4315/2638 3866/4321/2641 
f 3863/4315/2638 3864/4317/2639 3866/4321/2641 
f 3864/4317/2639 3865/4319/2640 3866/4321/2641 
f 3865/4319/2640 3849/4286/2624 3866/4321/2641 
f 3777/4210/2552 3776/4209/2551 3741/4172/1540
f 3777/4210/2552 3741/4172/1540 3740/4171/1396
f 3723/4153/2530 3722/4152/2529 3743/4174/1396
f 3723/4153/2530 3743/4174/1396 3742/4173/1540
f 3780/4213/2555 3777/4210/2552 3740/4171/1396
f 3780/4213/2555 3740/4171/1396 3744/4175/1399
f 3722/4152/2529 3724/4154/2531 3745/4176/1399
f 3722/4152/2529 3745/4176/1399 3743/4174/1396
f 3782/4216/2557 3780/4215/2555 3744/4178/1399
f 3782/4216/2557 3744/4178/1399 3746/4177/2547
f 3724/4156/2531 3725/4155/2532 3747/4180/2547
f 3724/4156/2531 3747/4180/2547 3745/4179/1399
f 3784/4219/2559 3782/4216/2557 3746/4177/2547
f 3784/4219/2559 3746/4177/2547 3748/4181/1403
f 3725/4155/2532 3726/4157/2533 3749/4182/1403
f 3725/4155/2532 3749/4182/1403 3747/4180/2547
f 3786/4221/2561 3784/4219/2559 3748/4181/1403
f 3786/4221/2561 3748/4181/1403 3750/4183/1405
f 3726/4157/2533 3727/4158/2534 3751/4184/1405
f 3726/4157/2533 3751/4184/1405 3749/4182/1403
f 3788/4223/2563 3786/4221/2561 3750/4183/1405
f 3788/4223/2563 3750/4183/1405 3752/4185/2548
f 3727/4158/2534 3728/4159/2535 3753/4186/1407
f 3727/4158/2534 3753/4186/1407 3751/4184/1405
f 3790/4225/2565 3788/4223/2563 3752/4185/2548
f 3790/4225/2565 3752/4185/2548 3754/4187/1409
f 3728/4159/2535 3729/4160/2536 3755/4188/1409
f 3728/4159/2535 3755/4188/1409 3753/4186/1407
f 3792/4227/2567 3790/4225/2565 3754/4187/1409
f 3792/4227/2567 3754/4187/1409 3756/4189/1551
f 3729/4160/2536 3730/4161/2537 3757/4190/1411
f 3729/4160/2536 3757/4190/1411 3755/4188/1409
f 3794/4229/2569 3792/4227/2567 3756/4189/1551
f 3794/4229/2569 3756/4189/1551 3758/4191/1413
f 3730/4161/2537 3731/4162/2538 3759/4192/1413
f 3730/4161/2537 3759/4192/1413 3757/4190/1411
f 3796/4231/2571 3794/4229/2569 3758/4191/1413
f 3796/4231/2571 3758/4191/1413 3760/4193/1415
f 3731/4162/2538 3732/4163/2539 3761/4194/1415
f 3731/4162/2538 3761/4194/1415 3759/4192/1413
f 3798/4233/2573 3796/4231/2571 3760/4193/1415
f 3798/4233/2573 3760/4193/1415 3762/4195/1417
f 3732/4163/2539 3733/4164/2540 3763/4196/1557
f 3732/4163/2539 3763/4196/1557 3761/4194/1415
f 3800/4235/2575 3798/4233/2573 3762/4195/1417
f 3800/4235/2575 3762/4195/1417 3764/4197/2549
f 3733/4164/2540 3734/4165/2541 3765/4198/2549
f 3733/4164/2540 3765/4198/2549 3763/4196/1557
f 3802/4237/2577 3800/4235/2575 3764/4197/2549
f 3802/4237/2577 3764/4197/2549 3766/4199/1421
f 3734/4165/2541 3735/4166/2542 3767/4200/1421
f 3734/4165/2541 3767/4200/1421 3765/4198/2549
f 3804/4239/2579 3802/4237/2577 3766/4199/1421
f 3804/4239/2579 3766/4199/1421 3768/4201/1423
f 3735/4166/2542 3736/4167/2543 3769/4202/1423
f 3735/4166/2542 3769/4202/1423 3767/4200/1421
f 3806/4241/2581 3804/4239/2579 3768/4201/1423
f 3806/4241/2581 3768/4201/1423 3770/4203/1425
f 3736/4167/2543 3737/4168/2544 3771/4204/2550
f 3736/4167/2543 3771/4204/2550 3769/4202/1423
f 3808/4243/2583 3806/4241/2581 3770/4203/1425
f 3808/4243/2583 3770/4203/1425 3772/4205/1564
f 3737/4168/2544 3738/4169/2545 3773/4206/1564
f 3737/4168/2544 3773/4206/1564 3771/4204/2550
f 3810/4245/2585 3808/4243/2583 3772/4205/1564
f 3810/4245/2585 3772/4205/1564 3774/4207/1566
f 3738/4169/2545 3739/4170/2546 3775/4208/1566
f 3738/4169/2545 3775/4208/1566 3773/4206/1564
f 3776/4209/2551 3810/4245/2585 3774/4207/1566
f 3776/4209/2551 3774/4207/1566 3741/4172/1540
f 3739/4170/2546 3723/4153/2530 3742/4173/1540
f 3739/4170/2546 3742/4173/1540 3775/4208/1566
f 3867/4322/1080 3868/4323/1081 3869/4324/1082 
f 3869/4324/1082 3868/4323/1081 3870/4325/1083 
f 3868/4323/1081 3871/4326/1084 3870/4325/1083 
f 3871/4326/1084 3868/4323/1081 3872/4327/1085 
f 3868/4323/1081 3867/4322/1080 3872/4327/1085 
f 3873/4328/2642 3874/4329/2643 3875/4330/2644
f 3873/4328/2642 3875/4330/2644 3876/4331/2645
f 3877/4332/2646 3878/4333/2646 3879/4334/2647
f 3877/4332/2646 3879/4334/2647 3880/4335/2648
f 3881/4336/2649 3882/4337/2650 3883/4338/2650
f 3881/4336/2649 3883/4338/2650 3884/4339/2649
f 3885/4340/2651 3886/4341/2652 3875/4330/2644
f 3885/4340/2651 3875/4330/2644 3874/4329/2643
f 3887/4342/2653 3888/4343/553 3889/4344/553
f 3887/4342/2653 3889/4344/553 3890/4345/2653
f 3891/4346/2654 3873/4328/2642 3876/4331/2645
f 3891/4346/2654 3876/4331/2645 3892/4347/2655
f 3893/4348/2656 3894/4349/2657 3895/4350/2658
f 3893/4348/2656 3895/4350/2658 3896/4351/2659
f 3897/4352/2660 3898/4353/2661 3893/4348/2656
f 3897/4352/2660 3893/4348/2656 3896/4351/2659
f 3894/4349/2657 3899/4354/2662 3900/4355/2663
f 3894/4349/2657 3900/4355/2663 3895/4350/2658
f 3894/4349/2657 3893/4348/2656 3889/4344/553
f 3894/4349/2657 3889/4344/553 3901/4356/553
f 3892/4357/2655 3877/4332/2646 3880/4335/2648
f 3892/4357/2655 3880/4335/2648 3891/4358/2654
f 3885/4359/2651 3882/4337/2650 3881/4336/2649
f 3885/4359/2651 3881/4336/2649 3886/4360/2652
f 3893/4348/2656 3898/4353/2661 3890/4345/2653
f 3893/4348/2656 3890/4345/2653 3889/4344/553
f 3899/4354/2662 3894/4349/2657 3901/4356/553
f 3899/4354/2662 3901/4356/553 3902/4361/2664
f 3900/4362/2663 3899/4363/2662 3902/4364/2664
f 3900/4362/2663 3902/4364/2664 3903/4365/2665
f 3898/4366/2661 3897/4367/2660 3904/4368/2666
f 3898/4366/2661 3904/4368/2666 3890/4369/2653
f 3905/4370/2667 3906/4371/2668 3874/4329/2643
f 3905/4370/2667 3874/4329/2643 3873/4328/2642
f 3896/4351/2659 3895/4350/2658 3876/4331/2645
f 3896/4351/2659 3876/4331/2645 3875/4330/2644
f 3903/4365/2665 3907/4372/2665 3878/4333/2646
f 3903/4365/2665 3878/4333/2646 3877/4332/2646
f 3897/4352/2660 3896/4351/2659 3875/4330/2644
f 3897/4352/2660 3875/4330/2644 3886/4341/2652
f 3908/4373/2669 3885/4340/2651 3874/4329/2643
f 3908/4373/2669 3874/4329/2643 3906/4371/2668
f 3909/4374/2670 3905/4370/2667 3873/4328/2642
f 3909/4374/2670 3873/4328/2642 3891/4346/2654
f 3895/4350/2658 3900/4355/2663 3892/4347/2655
f 3895/4350/2658 3892/4347/2655 3876/4331/2645
f 3900/4362/2663 3903/4365/2665 3877/4332/2646
f 3900/4362/2663 3877/4332/2646 3892/4357/2655
f 3910/4375/2648 3909/4376/2670 3891/4358/2654
f 3910/4375/2648 3891/4358/2654 3880/4335/2648
f 3908/4377/2669 3911/4378/2650 3882/4337/2650
f 3908/4377/2669 3882/4337/2650 3885/4359/2651
f 3904/4368/2666 3897/4367/2660 3886/4360/2652
f 3904/4368/2666 3886/4360/2652 3881/4336/2649
f 3912/4379/2671 3913/4380/2672 3906/4371/2668
f 3912/4379/2671 3906/4371/2668 3905/4370/2667
f 3914/4381/2673 3915/4382/1413 3911/4378/2650
f 3914/4381/2673 3911/4378/2650 3908/4377/2669
f 3914/4383/2673 3908/4373/2669 3906/4371/2668
f 3914/4383/2673 3906/4371/2668 3913/4380/2672
f 3916/4384/2674 3912/4379/2671 3905/4370/2667
f 3916/4384/2674 3905/4370/2667 3909/4374/2670
f 3917/4385/1540 3916/4386/2674 3909/4376/2670
f 3917/4385/1540 3909/4376/2670 3910/4375/2648
f 3918/4387/2675 3919/4388/2676 3920/4389/2677
f 3918/4387/2675 3920/4389/2677 3921/4390/2678
f 3921/4390/2678 3920/4389/2677 3922/4391/2679
f 3921/4390/2678 3922/4391/2679 3923/4392/2678
f 3924/4393/2680 3923/4392/2678 3922/4391/2679
f 3924/4393/2680 3922/4391/2679 3925/4394/2681
f 3922/4395/2679 3920/4396/2677 3913/4380/2672
f 3922/4395/2679 3913/4380/2672 3912/4379/2671
f 3919/4388/2676 3918/4387/2675 3915/4382/1413
f 3919/4388/2676 3915/4382/1413 3914/4381/2673
f 3913/4380/2672 3920/4396/2677 3919/4397/2676
f 3913/4380/2672 3919/4397/2676 3914/4383/2673
f 3925/4398/2681 3922/4395/2679 3912/4379/2671
f 3925/4398/2681 3912/4379/2671 3916/4384/2674
f 3924/4393/2680 3925/4394/2681 3916/4386/2674
f 3924/4393/2680 3916/4386/2674 3917/4385/1540
f 3890/4369/2653 3904/4368/2666 3926/4399/2682
f 3890/4369/2653 3926/4399/2682 3887/4400/2653
f 3879/4334/2647 3927/4401/2647 3910/4375/2648
f 3879/4334/2647 3910/4375/2648 3880/4335/2648
f 3904/4368/2666 3881/4336/2649 3884/4339/2649
f 3904/4368/2666 3884/4339/2649 3926/4399/2682
f 3928/4402/2683 3929/4403/2684 3930/4404/2685
f 3928/4402/2683 3930/4404/2685 3931/4405/2686
f 3932/4406/2687 3931/4405/2686 3930/4404/2685
f 3932/4406/2687 3930/4404/2685 3933/4407/2688
f 3934/4408/2689 3935/4409/2690 3929/4403/2684
f 3934/4408/2689 3929/4403/2684 3928/4402/2683
f 3936/4410/2691 3937/4411/2692 3938/4412/2693
f 3936/4410/2691 3938/4412/2693 3939/4413/2694
f 3940/4414/2664 3907/4372/2665 3903/4365/2665
f 3940/4414/2664 3903/4365/2665 3902/4364/2664
f 3941/4415/2695 3937/4411/2692 3936/4410/2691
f 3941/4415/2695 3936/4410/2691 3942/4416/2696
f 3939/4413/2694 3938/4412/2693 3943/4417/2697
f 3939/4413/2694 3943/4417/2697 3944/4418/2698
f 3939/4413/2694 3945/4419/553 3888/4343/553
f 3939/4413/2694 3888/4343/553 3936/4410/2691
f 3935/4420/2690 3934/4421/2689 3879/4334/2647
f 3935/4420/2690 3879/4334/2647 3878/4333/2646
f 3932/4422/2687 3933/4423/2688 3884/4339/2649
f 3932/4422/2687 3884/4339/2649 3883/4338/2650
f 3936/4410/2691 3888/4343/553 3887/4342/2653
f 3936/4410/2691 3887/4342/2653 3942/4416/2696
f 3944/4418/2698 3940/4424/2664 3945/4419/553
f 3944/4418/2698 3945/4419/553 3939/4413/2694
f 3943/4425/2697 3907/4372/2665 3940/4414/2664
f 3943/4425/2697 3940/4414/2664 3944/4426/2698
f 3942/4427/2696 3887/4400/2653 3926/4399/2682
f 3942/4427/2696 3926/4399/2682 3941/4428/2695
f 3931/4405/2686 3946/4429/2699 3947/4430/2700
f 3931/4405/2686 3947/4430/2700 3928/4402/2683
f 3937/4411/2692 3930/4404/2685 3929/4403/2684
f 3937/4411/2692 3929/4403/2684 3938/4412/2693
f 3882/4337/2650 3911/4378/2650 3948/4431/2650
f 3882/4337/2650 3948/4431/2650 3883/4338/2650
f 3941/4415/2695 3933/4407/2688 3930/4404/2685
f 3941/4415/2695 3930/4404/2685 3937/4411/2692
f 3931/4405/2686 3932/4406/2687 3949/4432/2701
f 3931/4405/2686 3949/4432/2701 3946/4429/2699
f 3928/4402/2683 3947/4430/2700 3950/4433/2702
f 3928/4402/2683 3950/4433/2702 3934/4408/2689
f 3938/4412/2693 3929/4403/2684 3935/4409/2690
f 3938/4412/2693 3935/4409/2690 3943/4417/2697
f 3943/4425/2697 3935/4420/2690 3878/4333/2646
f 3943/4425/2697 3878/4333/2646 3907/4372/2665
f 3934/4421/2689 3950/4434/2702 3927/4401/2647
f 3934/4421/2689 3927/4401/2647 3879/4334/2647
f 3883/4338/2650 3948/4431/2650 3949/4435/2701
f 3883/4338/2650 3949/4435/2701 3932/4422/2687
f 3926/4399/2682 3884/4339/2649 3933/4423/2688
f 3926/4399/2682 3933/4423/2688 3941/4428/2695
f 3946/4429/2699 3951/4436/2703 3952/4437/2704
f 3946/4429/2699 3952/4437/2704 3947/4430/2700
f 3948/4431/2650 3953/4438/1413 3954/4439/2705
f 3948/4431/2650 3954/4439/2705 3949/4435/2701
f 3946/4429/2699 3949/4432/2701 3954/4440/2705
f 3946/4429/2699 3954/4440/2705 3951/4436/2703
f 3947/4430/2700 3952/4437/2704 3955/4441/2706
f 3947/4430/2700 3955/4441/2706 3950/4433/2702
f 3950/4434/2702 3955/4442/2706 3956/4443/1540
f 3950/4434/2702 3956/4443/1540 3927/4401/2647
f 3911/4378/2650 3915/4382/1413 3953/4438/1413
f 3911/4378/2650 3953/4438/1413 3948/4431/2650
f 3921/4390/2678 3923/4392/2678 3957/4444/2707
f 3921/4390/2678 3957/4444/2707 3958/4445/2707
f 3923/4392/2678 3924/4393/2680 3959/4446/2708
f 3923/4392/2678 3959/4446/2708 3957/4444/2707
f 3960/4447/2709 3958/4445/2707 3961/4448/2710
f 3960/4447/2709 3961/4448/2710 3962/4449/2711
f 3958/4445/2707 3957/4444/2707 3963/4450/2712
f 3958/4445/2707 3963/4450/2712 3961/4448/2710
f 3959/4446/2708 3964/4451/2713 3963/4450/2712
f 3959/4446/2708 3963/4450/2712 3957/4444/2707
f 3963/4452/2712 3952/4437/2704 3951/4436/2703
f 3963/4452/2712 3951/4436/2703 3961/4453/2710
f 3962/4449/2711 3954/4439/2705 3953/4438/1413
f 3962/4449/2711 3953/4438/1413 3960/4447/2709
f 3951/4436/2703 3954/4440/2705 3962/4454/2711
f 3951/4436/2703 3962/4454/2711 3961/4453/2710
f 3964/4455/2713 3955/4441/2706 3952/4437/2704
f 3964/4455/2713 3952/4437/2704 3963/4452/2712
f 3959/4446/2708 3956/4443/1540 3955/4442/2706
f 3959/4446/2708 3955/4442/2706 3964/4451/2713
f 3915/4382/1413 3918/4387/2675 3960/4447/2709
f 3915/4382/1413 3960/4447/2709 3953/4438/1413
f 3901/4356/553 3889/4344/553 3888/4343/553
f 3901/4356/553 3888/4343/553 3945/4419/553
f 3901/4356/553 3945/4419/553 3940/4424/2664
f 3901/4356/553 3940/4424/2664 3902/4361/2664
f 3956/4443/1540 3917/4385/1540 3910/4375/2648
f 3956/4443/1540 3910/4375/2648 3927/4401/2647
f 3921/4390/2678 3958/4445/2707 3960/4447/2709
f 3921/4390/2678 3960/4447/2709 3918/4387/2675
f 3924/4393/2680 3917/4385/1540 3956/4443/1540
f 3924/4393/2680 3956/4443/1540 3959/4446/2708
f 3965/4456/2714 3966/4457/2715 3967/4458/2716
f 3965/4456/2714 3967/4458/2716 3968/4459/2717
f 3969/4460/2718 3970/4461/2719 3971/4462/2720
f 3969/4460/2718 3971/4462/2720 3972/4463/2721
f 3973/4464/553 3974/4465/553 3975/4466/553
f 3973/4464/553 3975/4466/553 3976/4467/553
f 3977/4468/2722 3978/4469/1540 3979/4470/1540
f 3977/4468/2722 3979/4470/1540 3980/4471/2722
f 3981/4472/2723 3982/4473/2724 3983/4474/2724
f 3981/4472/2723 3983/4474/2724 3984/4475/2723
f 3985/4476/1413 3986/4477/2725 3987/4478/2725
f 3985/4476/1413 3987/4478/2725 3988/4479/1413
f 3989/4480/2726 3990/4481/2727 3966/4457/2715
f 3989/4480/2726 3966/4457/2715 3965/4456/2714
f 3991/4482/2728 3992/4483/2729 3987/4478/2725
f 3991/4482/2728 3987/4478/2725 3986/4477/2725
f 3993/4484/2730 3994/4485/2731 3970/4461/2719
f 3993/4484/2730 3970/4461/2719 3969/4460/2718
f 3995/4486/2732 3996/4487/2733 3977/4468/2722
f 3995/4486/2732 3977/4468/2722 3980/4471/2722
f 3997/4488/2734 3998/4489/2735 3990/4481/2727
f 3997/4488/2734 3990/4481/2727 3989/4480/2726
f 3999/4490/2736 3992/4483/2729 3991/4482/2728
f 3999/4490/2736 3991/4482/2728 4000/4491/2736
f 4001/4492/2737 4002/4493/2738 3994/4485/2731
f 4001/4492/2737 3994/4485/2731 3993/4484/2730
f 4003/4494/2739 3996/4487/2733 3995/4486/2732
f 4003/4494/2739 3995/4486/2732 4004/4495/2739
f 4005/4496/2740 3965/4456/2714 3968/4459/2717
f 4005/4496/2740 3968/4459/2717 4006/4497/2741
f 3989/4480/2726 3965/4456/2714 4005/4496/2740
f 3989/4480/2726 4005/4496/2740 4007/4498/2742
f 4008/4499/2743 3997/4488/2734 3989/4480/2726
f 4008/4499/2743 3989/4480/2726 4007/4498/2742
f 4009/4500/2744 3981/4472/2723 3984/4475/2723
f 4009/4500/2744 3984/4475/2723 4010/4501/2744
f 4011/4502/2745 4012/4503/2746 3994/4485/2731
f 4011/4502/2745 3994/4485/2731 4002/4493/2738
f 4013/4504/2747 3970/4461/2719 3994/4485/2731
f 4013/4504/2747 3994/4485/2731 4012/4503/2746
f 3971/4462/2720 3970/4461/2719 4013/4504/2747
f 3971/4462/2720 4013/4504/2747 4014/4505/2748
f 4015/4506/2749 3975/4466/553 3974/4465/553
f 4015/4506/2749 3974/4465/553 4016/4507/2749
f 3967/4458/2716 3966/4457/2715 4017/4508/2750
f 3967/4458/2716 4017/4508/2750 4018/4509/2751
f 4019/4510/2752 3973/4464/553 3976/4467/553
f 4019/4510/2752 3976/4467/553 4020/4511/2752
f 4021/4512/2753 3969/4460/2718 3972/4463/2721
f 4021/4512/2753 3972/4463/2721 4022/4513/2754
f 3993/4484/2730 3969/4460/2718 4021/4512/2753
f 3993/4484/2730 4021/4512/2753 4023/4514/2755
f 4024/4515/2756 4001/4492/2737 3993/4484/2730
f 4024/4515/2756 3993/4484/2730 4023/4514/2755
f 4025/4516/2757 3983/4474/2724 3982/4473/2724
f 4025/4516/2757 3982/4473/2724 4026/4517/2757
f 4027/4518/2758 4028/4519/2759 3990/4481/2727
f 4027/4518/2758 3990/4481/2727 3998/4489/2735
f 4017/4508/2750 3966/4457/2715 3990/4481/2727
f 4017/4508/2750 3990/4481/2727 4028/4519/2759
f 4029/4520/2760 4030/4521/2761 3998/4489/2735
f 4029/4520/2760 3998/4489/2735 3997/4488/2734
f 4010/4522/2744 3999/4490/2736 4000/4491/2736
f 4010/4522/2744 4000/4491/2736 4009/4523/2744
f 4031/4524/2762 4032/4525/2763 4002/4493/2738
f 4031/4524/2762 4002/4493/2738 4001/4492/2737
f 4026/4526/2757 4003/4494/2739 4004/4495/2739
f 4026/4526/2757 4004/4495/2739 4025/4527/2757
f 4033/4528/2764 4029/4520/2760 3997/4488/2734
f 4033/4528/2764 3997/4488/2734 4008/4499/2743
f 4002/4493/2738 4032/4525/2763 4034/4529/2765
f 4002/4493/2738 4034/4529/2765 4011/4502/2745
f 4035/4530/2766 4031/4524/2762 4001/4492/2737
f 4035/4530/2766 4001/4492/2737 4024/4515/2756
f 3998/4489/2735 4030/4521/2761 4036/4531/2767
f 3998/4489/2735 4036/4531/2767 4027/4518/2758
f 4037/4532/2768 4038/4533/2769 3968/4459/2717
f 4037/4532/2768 3968/4459/2717 3967/4458/2716
f 4039/4534/2770 4040/4535/2771 3972/4463/2721
f 4039/4534/2770 3972/4463/2721 3971/4462/2720
f 4020/4511/2752 3979/4470/1540 3978/4469/1540
f 4020/4511/2752 3978/4469/1540 4019/4510/2752
f 4016/4507/2749 3985/4476/1413 3988/4479/1413
f 4016/4507/2749 3988/4479/1413 4015/4506/2749
f 4038/4533/2769 4041/4536/2772 4006/4497/2741
f 4038/4533/2769 4006/4497/2741 3968/4459/2717
f 4014/4505/2748 4042/4537/2773 4039/4534/2770
f 4014/4505/2748 4039/4534/2770 3971/4462/2720
f 4018/4509/2751 4043/4538/2774 4037/4532/2768
f 4018/4509/2751 4037/4532/2768 3967/4458/2716
f 4040/4535/2771 4044/4539/2775 4022/4513/2754
f 4040/4535/2771 4022/4513/2754 3972/4463/2721
f 4040/4540/2771 4039/4541/2770 3974/4465/553
f 4040/4540/2771 3974/4465/553 3973/4464/553
f 4038/4542/2769 4037/4543/2768 3976/4467/553
f 4038/4542/2769 3976/4467/553 3975/4466/553
f 3977/4468/2722 4021/4544/2753 4022/4545/2754
f 3977/4468/2722 4022/4545/2754 3978/4469/1540
f 4018/4546/2751 4017/4547/2750 3980/4471/2722
f 4018/4546/2751 3980/4471/2722 3979/4470/1540
f 4032/4525/2763 4031/4524/2762 3982/4473/2724
f 4032/4525/2763 3982/4473/2724 3981/4472/2723
f 4030/4521/2761 4029/4520/2760 3984/4475/2723
f 4030/4521/2761 3984/4475/2723 3983/4474/2724
f 4014/4548/2748 4013/4549/2747 3986/4477/2725
f 4014/4548/2748 3986/4477/2725 3985/4476/1413
f 3987/4478/2725 4005/4550/2740 4006/4551/2741
f 3987/4478/2725 4006/4551/2741 3988/4479/1413
f 3991/4482/2728 3986/4477/2725 4013/4549/2747
f 3991/4482/2728 4013/4549/2747 4012/4552/2746
f 3987/4478/2725 3992/4483/2729 4007/4553/2742
f 3987/4478/2725 4007/4553/2742 4005/4550/2740
f 3995/4486/2732 3980/4471/2722 4017/4547/2750
f 3995/4486/2732 4017/4547/2750 4028/4554/2759
f 3977/4468/2722 3996/4487/2733 4023/4555/2755
f 3977/4468/2722 4023/4555/2755 4021/4544/2753
f 4008/4556/2743 4007/4553/2742 3992/4483/2729
f 4008/4556/2743 3992/4483/2729 3999/4490/2736
f 3991/4482/2728 4012/4552/2746 4011/4557/2745
f 3991/4482/2728 4011/4557/2745 4000/4491/2736
f 4024/4558/2756 4023/4555/2755 3996/4487/2733
f 4024/4558/2756 3996/4487/2733 4003/4494/2739
f 3995/4486/2732 4028/4554/2759 4027/4559/2758
f 3995/4486/2732 4027/4559/2758 4004/4495/2739
f 4034/4529/2765 4032/4525/2763 3981/4472/2723
f 4034/4529/2765 3981/4472/2723 4009/4500/2744
f 3984/4475/2723 4029/4520/2760 4033/4528/2764
f 3984/4475/2723 4033/4528/2764 4010/4501/2744
f 4041/4560/2772 4038/4542/2769 3975/4466/553
f 4041/4560/2772 3975/4466/553 4015/4506/2749
f 4039/4541/2770 4042/4561/2773 4016/4507/2749
f 4039/4541/2770 4016/4507/2749 3974/4465/553
f 4044/4562/2775 4040/4540/2771 3973/4464/553
f 4044/4562/2775 3973/4464/553 4019/4510/2752
f 4037/4543/2768 4043/4563/2774 4020/4511/2752
f 4037/4543/2768 4020/4511/2752 3976/4467/553
f 4036/4531/2767 4030/4521/2761 3983/4474/2724
f 4036/4531/2767 3983/4474/2724 4025/4516/2757
f 3982/4473/2724 4031/4524/2762 4035/4530/2766
f 3982/4473/2724 4035/4530/2766 4026/4517/2757
f 4033/4564/2764 4008/4556/2743 3999/4490/2736
f 4033/4564/2764 3999/4490/2736 4010/4522/2744
f 4000/4491/2736 4011/4557/2745 4034/4565/2765
f 4000/4491/2736 4034/4565/2765 4009/4523/2744
f 4035/4566/2766 4024/4558/2756 4003/4494/2739
f 4035/4566/2766 4003/4494/2739 4026/4526/2757
f 4004/4495/2739 4027/4559/2758 4036/4567/2767
f 4004/4495/2739 4036/4567/2767 4025/4527/2757
f 4043/4563/2774 4018/4546/2751 3979/4470/1540
f 4043/4563/2774 3979/4470/1540 4020/4511/2752
f 4022/4545/2754 4044/4562/2775 4019/4510/2752
f 4022/4545/2754 4019/4510/2752 3978/4469/1540
f 4042/4561/2773 4014/4548/2748 3985/4476/1413
f 4042/4561/2773 3985/4476/1413 4016/4507/2749
f 4006/4551/2741 4041/4560/2772 4015/4506/2749
f 4006/4551/2741 4015/4506/2749 3988/4479/1413
s 8
f 4045/1619/1080 4046/1620/1081 4047/1621/1082 
f 4047/1621/1082 4046/1620/1081 4048/1622/1083 
f 4046/1620/1081 4049/1623/1084 4048/1622/1083 
f 4049/1623/1084 4046/1620/1081 4050/1624/1085 
f 4046/1620/1081 4045/1619/1080 4050/1624/1085 
f 4051/1625/1086 4052/1626/1087 4053/1627/1088 
f 4053/1627/1088 4052/1626/1087 4054/1628/1089 
f 4052/1626/1087 4055/1629/1090 4054/1628/1089 
f 4055/1629/1090 4052/1626/1087 4056/1630/1091 
f 4052/1626/1087 4051/1625/1086 4056/1630/1091 
s 1
f 4057/4322/1080 4058/4323/1081 4059/4324/1082 
f 4059/4324/1082 4058/4323/1081 4060/4325/1083 
f 4058/4323/1081 4061/4326/1084 4060/4325/1083 
f 4061/4326/1084 4058/4323/1081 4062/4327/1085 
f 4058/4323/1081 4057/4322/1080 4062/4327/1085 
s 8
f 4063/1619/2776 4064/1621/2777 4065/1620/2778 
f 4064/1621/2777 4066/1622/2779 4065/1620/2778 
f 4065/1620/2778 4066/1622/2779 4067/1623/2780 
f 4067/1623/2780 4068/1624/2781 4065/1620/2778 
f 4065/1620/2778 4068/1624/2781 4063/1619/2776 
f 4069/1625/2782 4070/1627/2783 4071/1626/2784 
f 4070/1627/2783 4072/1628/2785 4071/1626/2784 
f 4071/1626/2784 4072/1628/2785 4073/1629/2786 
f 4073/1629/2786 4074/1630/2787 4071/1626/2784 
f 4071/1626/2784 4074/1630/2787 4069/1625/2782 
s 1
f 4075/4322/2776 4076/4324/2777 4077/4323/2778 
f 4076/4324/2777 4078/4325/2779 4077/4323/2778 
f 4077/4323/2778 4078/4325/2779 4079/4326/2780 
f 4079/4326/2780 4080/4327/2781 4077/4323/2778 
f 4077/4323/2778 4080/4327/2781 4075/4322/2776 
s 8
f 4081/1619/2776 4082/1621/2777 4083/1620/2778 
f 4082/1621/2777 4084/1622/2779 4083/1620/2778 
f 4083/1620/2778 4084/1622/2779 4085/1623/2780 
f 4085/1623/2780 4086/1624/2781 4083/1620/2778 
f 4083/1620/2778 4086/1624/2781 4081/1619/2776 
f 4087/1625/2782 4088/1627/2783 4089/1626/2784 
f 4088/1627/2783 4090/1628/2785 4089/1626/2784 
f 4089/1626/2784 4090/1628/2785 4091/1629/2786 
f 4091/1629/2786 4092/1630/2787 4089/1626/2784 
f 4089/1626/2784 4092/1630/2787 4087/1625/2782 
s 1
f 4093/4322/2776 4094/4324/2777 4095/4323/2778 
f 4094/4324/2777 4096/4325/2779 4095/4323/2778 
f 4095/4323/2778 4096/4325/2779 4097/4326/2780 
f 4097/4326/2780 4098/4327/2781 4095/4323/2778 
f 4095/4323/2778 4098/4327/2781 4093/4322/2776 
# 3922 polygons - 142 triangles

